PRAGMA foreign_keys=OFF;
BEGIN TRANSACTION;

CREATE Table port (
    id INTEGER NOT NULL,
    name VARCHAR(255) NOT NULL,
    type VARCHAR(25) NOT NULL,
    PRIMARY KEY (id)
);

CREATE TABLE destinationport (
	id INTEGER NOT NULL, 
	PRIMARY KEY (id),
	FOREIGN KEY(id) REFERENCES port (id)
);
INSERT INTO "port" VALUES(1,'D20','switch_port');
INSERT INTO "port" VALUES(2,'C13','switch_port');
INSERT INTO "port" VALUES(3,'C14','switch_port');
INSERT INTO "port" VALUES(4,'C15','switch_port');
INSERT INTO "port" VALUES(5,'C16','switch_port');
INSERT INTO "port" VALUES(6,'C17','switch_port');
INSERT INTO "port" VALUES(7,'C18','switch_port');
INSERT INTO "port" VALUES(8,'C19','switch_port');
INSERT INTO "port" VALUES(9,'C20','switch_port');
INSERT INTO "port" VALUES(10,'C21','switch_port');
INSERT INTO "port" VALUES(11,'C22','switch_port');
INSERT INTO "port" VALUES(12,'C23','switch_port');
INSERT INTO "port" VALUES(13,'C24','switch_port');
INSERT INTO "port" VALUES(14,'B17','switch_port');
INSERT INTO "port" VALUES(15,'D20','switch_port');
INSERT INTO "port" VALUES(16,'B19','switch_port');
INSERT INTO "port" VALUES(17,'B20','switch_port');
INSERT INTO "port" VALUES(18,'D1','switch_port');
INSERT INTO "port" VALUES(19,'D2','switch_port');
INSERT INTO "port" VALUES(20,'D3','switch_port');
INSERT INTO "port" VALUES(21,'D4','switch_port');
INSERT INTO "port" VALUES(22,'D5','switch_port');
INSERT INTO "port" VALUES(23,'D6','switch_port');
INSERT INTO "port" VALUES(24,'D7','switch_port');
INSERT INTO "port" VALUES(25,'D8','switch_port');
INSERT INTO "port" VALUES(26,'D9','switch_port');
INSERT INTO "port" VALUES(27,'D10','switch_port');
INSERT INTO "port" VALUES(28,'D11','switch_port');
INSERT INTO "port" VALUES(29,'D12','switch_port');
INSERT INTO "port" VALUES(30,'D13','switch_port');
INSERT INTO "port" VALUES(31,'D14','switch_port');
INSERT INTO "port" VALUES(32,'C1','switch_port');
INSERT INTO "port" VALUES(33,'C2','switch_port');
INSERT INTO "port" VALUES(34,'C3','switch_port');
INSERT INTO "port" VALUES(35,'C4','switch_port');
INSERT INTO "port" VALUES(36,'C5','switch_port');
INSERT INTO "port" VALUES(37,'C6','switch_port');
INSERT INTO "port" VALUES(38,'C7','switch_port');
INSERT INTO "port" VALUES(39,'C8','switch_port');
INSERT INTO "port" VALUES(40,'C9','switch_port');
INSERT INTO "port" VALUES(41,'C10','switch_port');
INSERT INTO "port" VALUES(42,'C11','switch_port');
INSERT INTO "port" VALUES(43,'C12','switch_port');
INSERT INTO "port" VALUES(44,'B15','switch_port');
INSERT INTO "port" VALUES(45,'B16','switch_port');
INSERT INTO "port" VALUES(46,'B1','switch_port');
INSERT INTO "port" VALUES(47,'B2','switch_port');
INSERT INTO "port" VALUES(48,'B3','switch_port');
INSERT INTO "port" VALUES(49,'B4','switch_port');
INSERT INTO "port" VALUES(50,'B5','switch_port');
INSERT INTO "port" VALUES(51,'B6','switch_port');
INSERT INTO "port" VALUES(52,'B7','switch_port');
INSERT INTO "port" VALUES(53,'B8','switch_port');
INSERT INTO "port" VALUES(54,'B9','switch_port');
INSERT INTO "port" VALUES(55,'B10','switch_port');
INSERT INTO "port" VALUES(56,'B11','switch_port');
INSERT INTO "port" VALUES(57,'B12','switch_port');
INSERT INTO "port" VALUES(58,'B13','switch_port');
INSERT INTO "port" VALUES(59,'B14','switch_port');
INSERT INTO "port" VALUES(60,'A13','switch_port');
INSERT INTO "port" VALUES(61,'A14','switch_port');
INSERT INTO "port" VALUES(62,'A15','switch_port');
INSERT INTO "port" VALUES(63,'A16','switch_port');
INSERT INTO "port" VALUES(64,'A17','switch_port');
INSERT INTO "port" VALUES(65,'A18','switch_port');
INSERT INTO "port" VALUES(66,'A19','switch_port');
INSERT INTO "port" VALUES(67,'A20','switch_port');
INSERT INTO "port" VALUES(68,'A21','switch_port');
INSERT INTO "port" VALUES(69,'A22','switch_port');
INSERT INTO "port" VALUES(70,'A23','switch_port');
INSERT INTO "port" VALUES(71,'D22','switch_port');
INSERT INTO "port" VALUES(72,'A1','switch_port');
INSERT INTO "port" VALUES(73,'A2','switch_port');
INSERT INTO "port" VALUES(74,'A3','switch_port');
INSERT INTO "port" VALUES(75,'C8','switch_port');
INSERT INTO "port" VALUES(76,'B7','switch_port');
INSERT INTO "port" VALUES(77,'B8','switch_port');
INSERT INTO "port" VALUES(78,'B9','switch_port');
INSERT INTO "port" VALUES(79,'B10','switch_port');
INSERT INTO "port" VALUES(80,'E8','switch_port');
INSERT INTO "port" VALUES(81,'E9','switch_port');
INSERT INTO "port" VALUES(82,'B11','switch_port');
INSERT INTO "port" VALUES(83,'B12','switch_port');
INSERT INTO "port" VALUES(84,'B13','switch_port');
INSERT INTO "port" VALUES(85,'B14','switch_port');
INSERT INTO "port" VALUES(86,'B15','switch_port');
INSERT INTO "port" VALUES(87,'B16','switch_port');
INSERT INTO "port" VALUES(88,'B17','switch_port');
INSERT INTO "port" VALUES(89,'B18','switch_port');
INSERT INTO "port" VALUES(90,'B19','switch_port');
INSERT INTO "port" VALUES(91,'B20','switch_port');
INSERT INTO "port" VALUES(92,'B2','switch_port');
INSERT INTO "port" VALUES(93,'B3','switch_port');
INSERT INTO "port" VALUES(94,'B4','switch_port');
INSERT INTO "port" VALUES(95,'B5','switch_port');
INSERT INTO "port" VALUES(96,'B6','switch_port');
INSERT INTO "port" VALUES(97,'D21','switch_port');
INSERT INTO "port" VALUES(98,'D22','switch_port');
INSERT INTO "port" VALUES(99,'D23','switch_port');
INSERT INTO "port" VALUES(100,'D24','switch_port');
INSERT INTO "port" VALUES(101,'E1','switch_port');
INSERT INTO "port" VALUES(102,'E2','switch_port');
INSERT INTO "port" VALUES(103,'E3','switch_port');
INSERT INTO "port" VALUES(104,'E4','switch_port');
INSERT INTO "port" VALUES(105,'E5','switch_port');
INSERT INTO "port" VALUES(106,'E6','switch_port');
INSERT INTO "port" VALUES(107,'E7','switch_port');
INSERT INTO "port" VALUES(108,'D20','switch_port');
INSERT INTO "port" VALUES(109,'C5','switch_port');
INSERT INTO "port" VALUES(110,'C6','switch_port');
INSERT INTO "port" VALUES(111,'C7','switch_port');
INSERT INTO "port" VALUES(112,'C8','switch_port');
INSERT INTO "port" VALUES(113,'C13','switch_port');
INSERT INTO "port" VALUES(114,'C14','switch_port');
INSERT INTO "port" VALUES(115,'C15','switch_port');
INSERT INTO "port" VALUES(116,'C16','switch_port');
INSERT INTO "port" VALUES(117,'A19','switch_port');
INSERT INTO "port" VALUES(118,'A20','switch_port');
INSERT INTO "port" VALUES(119,'A21','switch_port');
INSERT INTO "port" VALUES(120,'A22','switch_port');
INSERT INTO "port" VALUES(121,'A23','switch_port');
INSERT INTO "port" VALUES(122,'A24','switch_port');
INSERT INTO "port" VALUES(123,'A12','switch_port');
INSERT INTO "port" VALUES(124,'A11','switch_port');
INSERT INTO "port" VALUES(125,'B1','switch_port');
INSERT INTO "port" VALUES(126,'A13','switch_port');
INSERT INTO "port" VALUES(127,'A14','switch_port');
INSERT INTO "port" VALUES(128,'A15','switch_port');
INSERT INTO "port" VALUES(129,'A16','switch_port');
INSERT INTO "port" VALUES(130,'A17','switch_port');
INSERT INTO "port" VALUES(131,'A18','switch_port');
INSERT INTO "port" VALUES(132,'D12','switch_port');
INSERT INTO "port" VALUES(133,'D13','switch_port');
INSERT INTO "port" VALUES(134,'D14','switch_port');
INSERT INTO "port" VALUES(135,'D15','switch_port');
INSERT INTO "port" VALUES(136,'D16','switch_port');
INSERT INTO "port" VALUES(137,'D17','switch_port');
INSERT INTO "port" VALUES(138,'D18','switch_port');
INSERT INTO "port" VALUES(139,'D19','switch_port');
INSERT INTO "port" VALUES(140,'D8','switch_port');
INSERT INTO "port" VALUES(141,'D9','switch_port');
INSERT INTO "port" VALUES(142,'D10','switch_port');
INSERT INTO "port" VALUES(143,'D11','switch_port');
INSERT INTO "port" VALUES(144,'C1','switch_port');
INSERT INTO "port" VALUES(145,'C2','switch_port');
INSERT INTO "port" VALUES(146,'C3','switch_port');
INSERT INTO "port" VALUES(147,'C4','switch_port');
INSERT INTO "port" VALUES(148,'C9','switch_port');
INSERT INTO "port" VALUES(149,'C10','switch_port');
INSERT INTO "port" VALUES(150,'C11','switch_port');
INSERT INTO "port" VALUES(151,'C12','switch_port');
INSERT INTO "port" VALUES(152,'A7','switch_port');
INSERT INTO "port" VALUES(153,'A8','switch_port');
INSERT INTO "port" VALUES(154,'A9','switch_port');
INSERT INTO "port" VALUES(155,'A10','switch_port');
INSERT INTO "port" VALUES(156,'A1','switch_port');
INSERT INTO "port" VALUES(157,'A2','switch_port');
INSERT INTO "port" VALUES(158,'A3','switch_port');
INSERT INTO "port" VALUES(159,'A4','switch_port');
INSERT INTO "port" VALUES(160,'A5','switch_port');
INSERT INTO "port" VALUES(161,'A6','switch_port');
INSERT INTO "port" VALUES(162,'D1','switch_port');
INSERT INTO "port" VALUES(163,'D2','switch_port');
INSERT INTO "port" VALUES(164,'D3','switch_port');
INSERT INTO "port" VALUES(165,'D4','switch_port');
INSERT INTO "port" VALUES(166,'D5','switch_port');
INSERT INTO "port" VALUES(167,'D6','switch_port');
INSERT INTO "port" VALUES(168,'D7','switch_port');
INSERT INTO "port" VALUES(169,'C20','switch_port');
INSERT INTO "port" VALUES(170,'C21','switch_port');
INSERT INTO "port" VALUES(171,'C22','switch_port');
INSERT INTO "port" VALUES(172,'C23','switch_port');
INSERT INTO "port" VALUES(173,'D13','switch_port');
INSERT INTO "port" VALUES(174,'D5','switch_port');
INSERT INTO "port" VALUES(175,'D4','switch_port');
INSERT INTO "port" VALUES(176,'D6','switch_port');
INSERT INTO "port" VALUES(177,'D7','switch_port');
INSERT INTO "port" VALUES(178,'D15','switch_port');
INSERT INTO "port" VALUES(179,'D1','switch_port');
INSERT INTO "port" VALUES(180,'C24','switch_port');
INSERT INTO "port" VALUES(181,'D2','switch_port');
INSERT INTO "port" VALUES(182,'D3','switch_port');
INSERT INTO "port" VALUES(183,'C4','switch_port');
INSERT INTO "port" VALUES(184,'C5','switch_port');
INSERT INTO "port" VALUES(185,'C6','switch_port');
INSERT INTO "port" VALUES(186,'C8','switch_port');
INSERT INTO "port" VALUES(187,'C7','switch_port');
INSERT INTO "port" VALUES(188,'C9','switch_port');
INSERT INTO "port" VALUES(189,'C10','switch_port');
INSERT INTO "port" VALUES(190,'C11','switch_port');
INSERT INTO "port" VALUES(191,'B8','switch_port');
INSERT INTO "port" VALUES(192,'B9','switch_port');
INSERT INTO "port" VALUES(193,'D9','switch_port');
INSERT INTO "port" VALUES(194,'D8','switch_port');
INSERT INTO "port" VALUES(195,'D10','switch_port');
INSERT INTO "port" VALUES(196,'D11','switch_port');
INSERT INTO "port" VALUES(197,'C12','switch_port');
INSERT INTO "port" VALUES(198,'C13','switch_port');
INSERT INTO "port" VALUES(199,'C14','switch_port');
INSERT INTO "port" VALUES(200,'C15','switch_port');
INSERT INTO "port" VALUES(201,'C16','switch_port');
INSERT INTO "port" VALUES(202,'C17','switch_port');
INSERT INTO "port" VALUES(203,'C18','switch_port');
INSERT INTO "port" VALUES(204,'C19','switch_port');
INSERT INTO "port" VALUES(205,'B16','switch_port');
INSERT INTO "port" VALUES(206,'B17','switch_port');
INSERT INTO "port" VALUES(207,'B11','switch_port');
INSERT INTO "port" VALUES(208,'B10','switch_port');
INSERT INTO "port" VALUES(209,'B12','switch_port');
INSERT INTO "port" VALUES(210,'B13','switch_port');
INSERT INTO "port" VALUES(211,'B14','switch_port');
INSERT INTO "port" VALUES(212,'A16','switch_port');
INSERT INTO "port" VALUES(213,'B15','switch_port');
INSERT INTO "port" VALUES(214,'A17','switch_port');
INSERT INTO "port" VALUES(215,'A18','switch_port');
INSERT INTO "port" VALUES(216,'A19','switch_port');
INSERT INTO "port" VALUES(217,'A20','switch_port');
INSERT INTO "port" VALUES(218,'A21','switch_port');
INSERT INTO "port" VALUES(219,'A22','switch_port');
INSERT INTO "port" VALUES(220,'A23','switch_port');
INSERT INTO "port" VALUES(221,'B19','switch_port');
INSERT INTO "port" VALUES(222,'B18','switch_port');
INSERT INTO "port" VALUES(223,'B20','switch_port');
INSERT INTO "port" VALUES(224,'C1','switch_port');
INSERT INTO "port" VALUES(225,'C2','switch_port');
INSERT INTO "port" VALUES(226,'C3','switch_port');
INSERT INTO "port" VALUES(227,'A24','switch_port');
INSERT INTO "port" VALUES(228,'B1','switch_port');
INSERT INTO "port" VALUES(229,'B2','switch_port');
INSERT INTO "port" VALUES(230,'B3','switch_port');
INSERT INTO "port" VALUES(231,'B4','switch_port');
INSERT INTO "port" VALUES(232,'B5','switch_port');
INSERT INTO "port" VALUES(233,'B6','switch_port');
INSERT INTO "port" VALUES(234,'B7','switch_port');
INSERT INTO "port" VALUES(235,'A1','switch_port');
INSERT INTO "port" VALUES(236,'A2','switch_port');
INSERT INTO "port" VALUES(237,'A3','switch_port');
INSERT INTO "port" VALUES(238,'A4','switch_port');
INSERT INTO "port" VALUES(239,'A5','switch_port');
INSERT INTO "port" VALUES(240,'A6','switch_port');
INSERT INTO "port" VALUES(241,'A7','switch_port');
INSERT INTO "port" VALUES(242,'A8','switch_port');
INSERT INTO "port" VALUES(243,'A9','switch_port');
INSERT INTO "port" VALUES(244,'A11','switch_port');
INSERT INTO "port" VALUES(245,'A10','switch_port');
INSERT INTO "port" VALUES(246,'A12','switch_port');
INSERT INTO "port" VALUES(247,'A13','switch_port');
INSERT INTO "port" VALUES(248,'A14','switch_port');
INSERT INTO "port" VALUES(249,'A15','switch_port');
INSERT INTO "port" VALUES(250,'C1','switch_port');
INSERT INTO "port" VALUES(251,'C2','switch_port');
INSERT INTO "port" VALUES(252,'C3','switch_port');
INSERT INTO "port" VALUES(253,'C4','switch_port');
INSERT INTO "port" VALUES(254,'C5','switch_port');
INSERT INTO "port" VALUES(255,'B24','switch_port');
INSERT INTO "port" VALUES(256,'C6','switch_port');
INSERT INTO "port" VALUES(257,'C7','switch_port');
INSERT INTO "port" VALUES(258,'C8','switch_port');
INSERT INTO "port" VALUES(259,'C9','switch_port');
INSERT INTO "port" VALUES(260,'C10','switch_port');
INSERT INTO "port" VALUES(261,'B1','switch_port');
INSERT INTO "port" VALUES(262,'B2','switch_port');
INSERT INTO "port" VALUES(263,'B3','switch_port');
INSERT INTO "port" VALUES(264,'B4','switch_port');
INSERT INTO "port" VALUES(265,'C13','switch_port');
INSERT INTO "port" VALUES(266,'C14','switch_port');
INSERT INTO "port" VALUES(267,'C15','switch_port');
INSERT INTO "port" VALUES(268,'C16','switch_port');
INSERT INTO "port" VALUES(269,'C17','switch_port');
INSERT INTO "port" VALUES(270,'C18','switch_port');
INSERT INTO "port" VALUES(271,'C19','switch_port');
INSERT INTO "port" VALUES(272,'C20','switch_port');
INSERT INTO "port" VALUES(273,'C21','switch_port');
INSERT INTO "port" VALUES(274,'C22','switch_port');
INSERT INTO "port" VALUES(275,'C23','switch_port');
INSERT INTO "port" VALUES(276,'B5','switch_port');
INSERT INTO "port" VALUES(277,'B6','switch_port');
INSERT INTO "port" VALUES(278,'B7','switch_port');
INSERT INTO "port" VALUES(279,'B8','switch_port');
INSERT INTO "port" VALUES(280,'B9','switch_port');
INSERT INTO "port" VALUES(281,'B10','switch_port');
INSERT INTO "port" VALUES(282,'B11','switch_port');
INSERT INTO "port" VALUES(283,'B12','switch_port');
INSERT INTO "port" VALUES(284,'B13','switch_port');
INSERT INTO "port" VALUES(285,'B14','switch_port');
INSERT INTO "port" VALUES(286,'B15','switch_port');
INSERT INTO "port" VALUES(287,'B16','switch_port');
INSERT INTO "port" VALUES(288,'B17','switch_port');
INSERT INTO "port" VALUES(289,'B18','switch_port');
INSERT INTO "port" VALUES(290,'B19','switch_port');
INSERT INTO "port" VALUES(291,'B20','switch_port');
INSERT INTO "port" VALUES(292,'B21','switch_port');
INSERT INTO "port" VALUES(293,'c7','switch_port');
INSERT INTO "port" VALUES(294,'c8','switch_port');
INSERT INTO "port" VALUES(295,'c9','switch_port');
INSERT INTO "port" VALUES(296,'c10','switch_port');
INSERT INTO "port" VALUES(297,'c11','switch_port');
INSERT INTO "port" VALUES(298,'c12','switch_port');
INSERT INTO "port" VALUES(299,'c13','switch_port');
INSERT INTO "port" VALUES(300,'c24','switch_port');
INSERT INTO "port" VALUES(301,'b13','switch_port');
INSERT INTO "port" VALUES(302,'b14','switch_port');
INSERT INTO "port" VALUES(303,'b15','switch_port');
INSERT INTO "port" VALUES(304,'b16','switch_port');
INSERT INTO "port" VALUES(305,'b17','switch_port');
INSERT INTO "port" VALUES(306,'b18','switch_port');
INSERT INTO "port" VALUES(307,'b19','switch_port');
INSERT INTO "port" VALUES(308,'b20','switch_port');
INSERT INTO "port" VALUES(309,'b21','switch_port');
INSERT INTO "port" VALUES(310,'b22','switch_port');
INSERT INTO "port" VALUES(311,'b23','switch_port');
INSERT INTO "port" VALUES(312,'b24','switch_port');
INSERT INTO "port" VALUES(313,'c1','switch_port');
INSERT INTO "port" VALUES(314,'c2','switch_port');
INSERT INTO "port" VALUES(315,'c3','switch_port');
INSERT INTO "port" VALUES(316,'c4','switch_port');
INSERT INTO "port" VALUES(317,'c5','switch_port');
INSERT INTO "port" VALUES(318,'c6','switch_port');
INSERT INTO "port" VALUES(319,'b1','switch_port');
INSERT INTO "port" VALUES(320,'b2','switch_port');
INSERT INTO "port" VALUES(321,'b3','switch_port');
INSERT INTO "port" VALUES(322,'b4','switch_port');
INSERT INTO "port" VALUES(323,'b5','switch_port');
INSERT INTO "port" VALUES(324,'b6','switch_port');
INSERT INTO "port" VALUES(325,'b7','switch_port');
INSERT INTO "port" VALUES(326,'b8','switch_port');
INSERT INTO "port" VALUES(327,'b9','switch_port');
INSERT INTO "port" VALUES(328,'b10','switch_port');
INSERT INTO "port" VALUES(329,'b11','switch_port');
INSERT INTO "port" VALUES(330,'b12','switch_port');
INSERT INTO "port" VALUES(331,'c14','switch_port');
INSERT INTO "port" VALUES(332,'C9','switch_port');
INSERT INTO "port" VALUES(333,'C10','switch_port');
INSERT INTO "port" VALUES(334,'C11','switch_port');
INSERT INTO "port" VALUES(335,'C17','switch_port');
INSERT INTO "port" VALUES(336,'C16','switch_port');
INSERT INTO "port" VALUES(337,'C19','switch_port');
INSERT INTO "port" VALUES(338,'C18','switch_port');
INSERT INTO "port" VALUES(339,'C12','switch_port');
INSERT INTO "port" VALUES(340,'C13','switch_port');
INSERT INTO "port" VALUES(341,'C14','switch_port');
INSERT INTO "port" VALUES(342,'C15','switch_port');
INSERT INTO "port" VALUES(343,'B14','switch_port');
INSERT INTO "port" VALUES(344,'B13','switch_port');
INSERT INTO "port" VALUES(345,'B15','switch_port');
INSERT INTO "port" VALUES(346,'B16','switch_port');
INSERT INTO "port" VALUES(347,'B17','switch_port');
INSERT INTO "port" VALUES(348,'B18','switch_port');
INSERT INTO "port" VALUES(349,'B19','switch_port');
INSERT INTO "port" VALUES(350,'C20','switch_port');
INSERT INTO "port" VALUES(351,'C22','switch_port');
INSERT INTO "port" VALUES(352,'C21','switch_port');
INSERT INTO "port" VALUES(353,'C23','switch_port');
INSERT INTO "port" VALUES(354,'C1','switch_port');
INSERT INTO "port" VALUES(355,'C2','switch_port');
INSERT INTO "port" VALUES(356,'C3','switch_port');
INSERT INTO "port" VALUES(357,'C4','switch_port');
INSERT INTO "port" VALUES(358,'C5','switch_port');
INSERT INTO "port" VALUES(359,'C6','switch_port');
INSERT INTO "port" VALUES(360,'C7','switch_port');
INSERT INTO "port" VALUES(361,'A21','switch_port');
INSERT INTO "port" VALUES(362,'A23','switch_port');
INSERT INTO "port" VALUES(363,'A22','switch_port');
INSERT INTO "port" VALUES(364,'A24','switch_port');
INSERT INTO "port" VALUES(365,'B2','switch_port');
INSERT INTO "port" VALUES(366,'B1','switch_port');
INSERT INTO "port" VALUES(367,'B3','switch_port');
INSERT INTO "port" VALUES(368,'B4','switch_port');
INSERT INTO "port" VALUES(369,'A15','switch_port');
INSERT INTO "port" VALUES(370,'A16','switch_port');
INSERT INTO "port" VALUES(371,'A17','switch_port');
INSERT INTO "port" VALUES(372,'B5','switch_port');
INSERT INTO "port" VALUES(373,'B7','switch_port');
INSERT INTO "port" VALUES(374,'B6','switch_port');
INSERT INTO "port" VALUES(375,'B8','switch_port');
INSERT INTO "port" VALUES(376,'B10','switch_port');
INSERT INTO "port" VALUES(377,'B9','switch_port');
INSERT INTO "port" VALUES(378,'B11','switch_port');
INSERT INTO "port" VALUES(379,'B12','switch_port');
INSERT INTO "port" VALUES(380,'A18','switch_port');
INSERT INTO "port" VALUES(381,'A19','switch_port');
INSERT INTO "port" VALUES(382,'A20','switch_port');
INSERT INTO "port" VALUES(383,'A1','switch_port');
INSERT INTO "port" VALUES(384,'A2','switch_port');
INSERT INTO "port" VALUES(385,'A3','switch_port');
INSERT INTO "port" VALUES(386,'A4','switch_port');
INSERT INTO "port" VALUES(387,'A5','switch_port');
INSERT INTO "port" VALUES(388,'A6','switch_port');
INSERT INTO "port" VALUES(389,'A7','switch_port');
INSERT INTO "port" VALUES(390,'A8','switch_port');
INSERT INTO "port" VALUES(391,'A9','switch_port');
INSERT INTO "port" VALUES(392,'A10','switch_port');
INSERT INTO "port" VALUES(393,'A11','switch_port');
INSERT INTO "port" VALUES(394,'A12','switch_port');
INSERT INTO "port" VALUES(395,'A13','switch_port');
INSERT INTO "port" VALUES(396,'A14','switch_port');
INSERT INTO "port" VALUES(397,'E5','switch_port');
INSERT INTO "port" VALUES(398,'E23','switch_port');
INSERT INTO "port" VALUES(399,'E24','switch_port');
INSERT INTO "port" VALUES(400,'F1','switch_port');
INSERT INTO "port" VALUES(401,'F4','switch_port');
INSERT INTO "port" VALUES(402,'F7','switch_port');
INSERT INTO "port" VALUES(403,'E8','switch_port');
INSERT INTO "port" VALUES(404,'E9','switch_port');
INSERT INTO "port" VALUES(405,'E10','switch_port');
INSERT INTO "port" VALUES(406,'E11','switch_port');
INSERT INTO "port" VALUES(407,'E12','switch_port');
INSERT INTO "port" VALUES(408,'E13','switch_port');
INSERT INTO "port" VALUES(409,'E14','switch_port');
INSERT INTO "port" VALUES(410,'E15','switch_port');
INSERT INTO "port" VALUES(411,'E16','switch_port');
INSERT INTO "port" VALUES(412,'E17','switch_port');
INSERT INTO "port" VALUES(413,'E18','switch_port');
INSERT INTO "port" VALUES(414,'E19','switch_port');
INSERT INTO "port" VALUES(415,'E20','switch_port');
INSERT INTO "port" VALUES(416,'E21','switch_port');
INSERT INTO "port" VALUES(417,'E22','switch_port');
INSERT INTO "port" VALUES(418,'D17','switch_port');
INSERT INTO "port" VALUES(419,'D18','switch_port');
INSERT INTO "port" VALUES(420,'D19','switch_port');
INSERT INTO "port" VALUES(421,'D20','switch_port');
INSERT INTO "port" VALUES(422,'D21','switch_port');
INSERT INTO "port" VALUES(423,'D22','switch_port');
INSERT INTO "port" VALUES(424,'D23','switch_port');
INSERT INTO "port" VALUES(425,'D24','switch_port');
INSERT INTO "port" VALUES(426,'E1','switch_port');
INSERT INTO "port" VALUES(427,'E2','switch_port');
INSERT INTO "port" VALUES(428,'E3','switch_port');
INSERT INTO "port" VALUES(429,'E4','switch_port');
INSERT INTO "port" VALUES(430,'E5','switch_port');
INSERT INTO "port" VALUES(431,'E6','switch_port');
INSERT INTO "port" VALUES(432,'E7','switch_port');
INSERT INTO "port" VALUES(433,'D2','switch_port');
INSERT INTO "port" VALUES(434,'D3','switch_port');
INSERT INTO "port" VALUES(435,'D4','switch_port');
INSERT INTO "port" VALUES(436,'D5','switch_port');
INSERT INTO "port" VALUES(437,'D6','switch_port');
INSERT INTO "port" VALUES(438,'D7','switch_port');
INSERT INTO "port" VALUES(439,'D8','switch_port');
INSERT INTO "port" VALUES(440,'D9','switch_port');
INSERT INTO "port" VALUES(441,'D10','switch_port');
INSERT INTO "port" VALUES(442,'D11','switch_port');
INSERT INTO "port" VALUES(443,'D12','switch_port');
INSERT INTO "port" VALUES(444,'D13','switch_port');
INSERT INTO "port" VALUES(445,'D14','switch_port');
INSERT INTO "port" VALUES(446,'D15','switch_port');
INSERT INTO "port" VALUES(447,'D16','switch_port');
INSERT INTO "port" VALUES(448,'C11','switch_port');
INSERT INTO "port" VALUES(449,'C12','switch_port');
INSERT INTO "port" VALUES(450,'C13','switch_port');
INSERT INTO "port" VALUES(451,'C14','switch_port');
INSERT INTO "port" VALUES(452,'C15','switch_port');
INSERT INTO "port" VALUES(453,'C16','switch_port');
INSERT INTO "port" VALUES(454,'C17','switch_port');
INSERT INTO "port" VALUES(455,'C18','switch_port');
INSERT INTO "port" VALUES(456,'C19','switch_port');
INSERT INTO "port" VALUES(457,'C20','switch_port');
INSERT INTO "port" VALUES(458,'C21','switch_port');
INSERT INTO "port" VALUES(459,'C22','switch_port');
INSERT INTO "port" VALUES(460,'F12','switch_port');
INSERT INTO "port" VALUES(461,'C24','switch_port');
INSERT INTO "port" VALUES(462,'D1','switch_port');
INSERT INTO "port" VALUES(463,'B16','switch_port');
INSERT INTO "port" VALUES(464,'B17','switch_port');
INSERT INTO "port" VALUES(465,'B18','switch_port');
INSERT INTO "port" VALUES(466,'B19','switch_port');
INSERT INTO "port" VALUES(467,'B20','switch_port');
INSERT INTO "port" VALUES(468,'C1','switch_port');
INSERT INTO "port" VALUES(469,'C2','switch_port');
INSERT INTO "port" VALUES(470,'C3','switch_port');
INSERT INTO "port" VALUES(471,'C4','switch_port');
INSERT INTO "port" VALUES(472,'C5','switch_port');
INSERT INTO "port" VALUES(473,'C6','switch_port');
INSERT INTO "port" VALUES(474,'C7','switch_port');
INSERT INTO "port" VALUES(475,'C8','switch_port');
INSERT INTO "port" VALUES(476,'C9','switch_port');
INSERT INTO "port" VALUES(477,'C10','switch_port');
INSERT INTO "port" VALUES(478,'B1','switch_port');
INSERT INTO "port" VALUES(479,'B2','switch_port');
INSERT INTO "port" VALUES(480,'B3','switch_port');
INSERT INTO "port" VALUES(481,'B4','switch_port');
INSERT INTO "port" VALUES(482,'B5','switch_port');
INSERT INTO "port" VALUES(483,'B6','switch_port');
INSERT INTO "port" VALUES(484,'B7','switch_port');
INSERT INTO "port" VALUES(485,'B8','switch_port');
INSERT INTO "port" VALUES(486,'B9','switch_port');
INSERT INTO "port" VALUES(487,'B10','switch_port');
INSERT INTO "port" VALUES(488,'B11','switch_port');
INSERT INTO "port" VALUES(489,'B12','switch_port');
INSERT INTO "port" VALUES(490,'B13','switch_port');
INSERT INTO "port" VALUES(491,'B14','switch_port');
INSERT INTO "port" VALUES(492,'B15','switch_port');
INSERT INTO "port" VALUES(493,'E6','switch_port');
INSERT INTO "port" VALUES(494,'E7','switch_port');
INSERT INTO "port" VALUES(495,'E8','switch_port');
INSERT INTO "port" VALUES(496,'E9','switch_port');
INSERT INTO "port" VALUES(497,'E10','switch_port');
INSERT INTO "port" VALUES(498,'E11','switch_port');
INSERT INTO "port" VALUES(499,'E12','switch_port');
INSERT INTO "port" VALUES(500,'E13','switch_port');
INSERT INTO "port" VALUES(501,'E14','switch_port');
INSERT INTO "port" VALUES(502,'E15','switch_port');
INSERT INTO "port" VALUES(503,'E16','switch_port');
INSERT INTO "port" VALUES(504,'E17','switch_port');
INSERT INTO "port" VALUES(505,'E18','switch_port');
INSERT INTO "port" VALUES(506,'D15','switch_port');
INSERT INTO "port" VALUES(507,'D16','switch_port');
INSERT INTO "port" VALUES(508,'D17','switch_port');
INSERT INTO "port" VALUES(509,'D18','switch_port');
INSERT INTO "port" VALUES(510,'D19','switch_port');
INSERT INTO "port" VALUES(511,'D20','switch_port');
INSERT INTO "port" VALUES(512,'D21','switch_port');
INSERT INTO "port" VALUES(513,'D22','switch_port');
INSERT INTO "port" VALUES(514,'D23','switch_port');
INSERT INTO "port" VALUES(515,'D24','switch_port');
INSERT INTO "port" VALUES(516,'E1','switch_port');
INSERT INTO "port" VALUES(517,'E2','switch_port');
INSERT INTO "port" VALUES(518,'E3','switch_port');
INSERT INTO "port" VALUES(519,'E4','switch_port');
INSERT INTO "port" VALUES(520,'D1','switch_port');
INSERT INTO "port" VALUES(521,'D2','switch_port');
INSERT INTO "port" VALUES(522,'D3','switch_port');
INSERT INTO "port" VALUES(523,'D4','switch_port');
INSERT INTO "port" VALUES(524,'D5','switch_port');
INSERT INTO "port" VALUES(525,'D6','switch_port');
INSERT INTO "port" VALUES(526,'D7','switch_port');
INSERT INTO "port" VALUES(527,'D8','switch_port');
INSERT INTO "port" VALUES(528,'D9','switch_port');
INSERT INTO "port" VALUES(529,'D10','switch_port');
INSERT INTO "port" VALUES(530,'D11','switch_port');
INSERT INTO "port" VALUES(531,'D12','switch_port');
INSERT INTO "port" VALUES(532,'D13','switch_port');
INSERT INTO "port" VALUES(533,'D14','switch_port');
INSERT INTO "port" VALUES(534,'C11','switch_port');
INSERT INTO "port" VALUES(535,'C12','switch_port');
INSERT INTO "port" VALUES(536,'C13','switch_port');
INSERT INTO "port" VALUES(537,'C14','switch_port');
INSERT INTO "port" VALUES(538,'C15','switch_port');
INSERT INTO "port" VALUES(539,'C16','switch_port');
INSERT INTO "port" VALUES(540,'C17','switch_port');
INSERT INTO "port" VALUES(541,'C18','switch_port');
INSERT INTO "port" VALUES(542,'C19','switch_port');
INSERT INTO "port" VALUES(543,'C20','switch_port');
INSERT INTO "port" VALUES(544,'C21','switch_port');
INSERT INTO "port" VALUES(545,'C22','switch_port');
INSERT INTO "port" VALUES(546,'C23','switch_port');
INSERT INTO "port" VALUES(547,'C24','switch_port');
INSERT INTO "port" VALUES(548,'B16','switch_port');
INSERT INTO "port" VALUES(549,'B17','switch_port');
INSERT INTO "port" VALUES(550,'B18','switch_port');
INSERT INTO "port" VALUES(551,'B19','switch_port');
INSERT INTO "port" VALUES(552,'B20','switch_port');
INSERT INTO "port" VALUES(553,'C1','switch_port');
INSERT INTO "port" VALUES(554,'C2','switch_port');
INSERT INTO "port" VALUES(555,'C3','switch_port');
INSERT INTO "port" VALUES(556,'C4','switch_port');
INSERT INTO "port" VALUES(557,'C5','switch_port');
INSERT INTO "port" VALUES(558,'C6','switch_port');
INSERT INTO "port" VALUES(559,'C7','switch_port');
INSERT INTO "port" VALUES(560,'C8','switch_port');
INSERT INTO "port" VALUES(561,'C9','switch_port');
INSERT INTO "port" VALUES(562,'C10','switch_port');
INSERT INTO "port" VALUES(563,'B1','switch_port');
INSERT INTO "port" VALUES(564,'B2','switch_port');
INSERT INTO "port" VALUES(565,'B3','switch_port');
INSERT INTO "port" VALUES(566,'B4','switch_port');
INSERT INTO "port" VALUES(567,'B5','switch_port');
INSERT INTO "port" VALUES(568,'B6','switch_port');
INSERT INTO "port" VALUES(569,'B7','switch_port');
INSERT INTO "port" VALUES(570,'B8','switch_port');
INSERT INTO "port" VALUES(571,'B9','switch_port');
INSERT INTO "port" VALUES(572,'B10','switch_port');
INSERT INTO "port" VALUES(573,'B11','switch_port');
INSERT INTO "port" VALUES(574,'B12','switch_port');
INSERT INTO "port" VALUES(575,'B13','switch_port');
INSERT INTO "port" VALUES(576,'B14','switch_port');
INSERT INTO "port" VALUES(577,'B15','switch_port');
INSERT INTO "port" VALUES(578,'F10','switch_port');
INSERT INTO "port" VALUES(579,'F11','switch_port');
INSERT INTO "port" VALUES(580,'F12','switch_port');
INSERT INTO "port" VALUES(581,'F13','switch_port');
INSERT INTO "port" VALUES(582,'F14','switch_port');
INSERT INTO "port" VALUES(583,'F15','switch_port');
INSERT INTO "port" VALUES(584,'F16','switch_port');
INSERT INTO "port" VALUES(585,'F17','switch_port');
INSERT INTO "port" VALUES(586,'F18','switch_port');
INSERT INTO "port" VALUES(587,'F19','switch_port');
INSERT INTO "port" VALUES(588,'F20','switch_port');
INSERT INTO "port" VALUES(589,'G1','switch_port');
INSERT INTO "port" VALUES(590,'G2','switch_port');
INSERT INTO "port" VALUES(591,'G3','switch_port');
INSERT INTO "port" VALUES(592,'G4','switch_port');
INSERT INTO "port" VALUES(593,'E19','switch_port');
INSERT INTO "port" VALUES(594,'E20','switch_port');
INSERT INTO "port" VALUES(595,'E21','switch_port');
INSERT INTO "port" VALUES(596,'E22','switch_port');
INSERT INTO "port" VALUES(597,'E23','switch_port');
INSERT INTO "port" VALUES(598,'E24','switch_port');
INSERT INTO "port" VALUES(599,'F1','switch_port');
INSERT INTO "port" VALUES(600,'F2','switch_port');
INSERT INTO "port" VALUES(601,'F3','switch_port');
INSERT INTO "port" VALUES(602,'F4','switch_port');
INSERT INTO "port" VALUES(603,'F5','switch_port');
INSERT INTO "port" VALUES(604,'F6','switch_port');
INSERT INTO "port" VALUES(605,'F7','switch_port');
INSERT INTO "port" VALUES(606,'F8','switch_port');
INSERT INTO "port" VALUES(607,'F9','switch_port');
INSERT INTO "port" VALUES(608,'A1','switch_port');
INSERT INTO "port" VALUES(609,'A2','switch_port');
INSERT INTO "port" VALUES(610,'A3','switch_port');
INSERT INTO "port" VALUES(611,'A4','switch_port');
INSERT INTO "port" VALUES(612,'A5','switch_port');
INSERT INTO "port" VALUES(613,'A6','switch_port');
INSERT INTO "port" VALUES(614,'A7','switch_port');
INSERT INTO "port" VALUES(615,'A8','switch_port');
INSERT INTO "port" VALUES(616,'A9','switch_port');
INSERT INTO "port" VALUES(617,'A10','switch_port');
INSERT INTO "port" VALUES(618,'A11','switch_port');
INSERT INTO "port" VALUES(619,'A12','switch_port');
INSERT INTO "port" VALUES(620,'B13','switch_port');
INSERT INTO "port" VALUES(621,'B14','switch_port');
INSERT INTO "port" VALUES(622,'D1','switch_port');
INSERT INTO "port" VALUES(623,'D2','switch_port');
INSERT INTO "port" VALUES(624,'D3','switch_port');
INSERT INTO "port" VALUES(625,'D4','switch_port');
INSERT INTO "port" VALUES(626,'D5','switch_port');
INSERT INTO "port" VALUES(627,'D6','switch_port');
INSERT INTO "port" VALUES(628,'D7','switch_port');
INSERT INTO "port" VALUES(629,'D8','switch_port');
INSERT INTO "port" VALUES(630,'D9','switch_port');
INSERT INTO "port" VALUES(631,'D10','switch_port');
INSERT INTO "port" VALUES(632,'D11','switch_port');
INSERT INTO "port" VALUES(633,'D12','switch_port');
INSERT INTO "port" VALUES(634,'D17','switch_port');
INSERT INTO "port" VALUES(635,'D18','switch_port');
INSERT INTO "port" VALUES(636,'C1','switch_port');
INSERT INTO "port" VALUES(637,'C2','switch_port');
INSERT INTO "port" VALUES(638,'C3','switch_port');
INSERT INTO "port" VALUES(639,'C4','switch_port');
INSERT INTO "port" VALUES(640,'C5','switch_port');
INSERT INTO "port" VALUES(641,'C6','switch_port');
INSERT INTO "port" VALUES(642,'C7','switch_port');
INSERT INTO "port" VALUES(643,'C8','switch_port');
INSERT INTO "port" VALUES(644,'C9','switch_port');
INSERT INTO "port" VALUES(645,'C10','switch_port');
INSERT INTO "port" VALUES(646,'C11','switch_port');
INSERT INTO "port" VALUES(647,'C12','switch_port');
INSERT INTO "port" VALUES(648,'D13','switch_port');
INSERT INTO "port" VALUES(649,'D14','switch_port');
INSERT INTO "port" VALUES(650,'D15','switch_port');
INSERT INTO "port" VALUES(651,'D16','switch_port');
INSERT INTO "port" VALUES(652,'A13','switch_port');
INSERT INTO "port" VALUES(653,'A14','switch_port');
INSERT INTO "port" VALUES(654,'A15','switch_port');
INSERT INTO "port" VALUES(655,'A16','switch_port');
INSERT INTO "port" VALUES(656,'A17','switch_port');
INSERT INTO "port" VALUES(657,'A18','switch_port');
INSERT INTO "port" VALUES(658,'A19','switch_port');
INSERT INTO "port" VALUES(659,'A20','switch_port');
INSERT INTO "port" VALUES(660,'A21','switch_port');
INSERT INTO "port" VALUES(661,'A22','switch_port');
INSERT INTO "port" VALUES(662,'A23','switch_port');
INSERT INTO "port" VALUES(663,'A24','switch_port');
INSERT INTO "port" VALUES(664,'B17','switch_port');
INSERT INTO "port" VALUES(665,'B18','switch_port');
INSERT INTO "port" VALUES(666,'B19','switch_port');
INSERT INTO "port" VALUES(667,'B20','switch_port');
INSERT INTO "port" VALUES(668,'B1','switch_port');
INSERT INTO "port" VALUES(669,'B2','switch_port');
INSERT INTO "port" VALUES(670,'B3','switch_port');
INSERT INTO "port" VALUES(671,'B4','switch_port');
INSERT INTO "port" VALUES(672,'B5','switch_port');
INSERT INTO "port" VALUES(673,'B6','switch_port');
INSERT INTO "port" VALUES(674,'B7','switch_port');
INSERT INTO "port" VALUES(675,'B8','switch_port');
INSERT INTO "port" VALUES(676,'B9','switch_port');
INSERT INTO "port" VALUES(677,'B10','switch_port');
INSERT INTO "port" VALUES(678,'B11','switch_port');
INSERT INTO "port" VALUES(679,'B12','switch_port');
INSERT INTO "port" VALUES(680,'B15','switch_port');
INSERT INTO "port" VALUES(681,'B16','switch_port');
INSERT INTO "port" VALUES(682,'C1','switch_port');
INSERT INTO "port" VALUES(683,'C4','switch_port');
INSERT INTO "port" VALUES(684,'C5','switch_port');
INSERT INTO "port" VALUES(685,'C6','switch_port');
INSERT INTO "port" VALUES(686,'C7','switch_port');
INSERT INTO "port" VALUES(687,'C8','switch_port');
INSERT INTO "port" VALUES(688,'C9','switch_port');
INSERT INTO "port" VALUES(689,'C10','switch_port');
INSERT INTO "port" VALUES(690,'C11','switch_port');
INSERT INTO "port" VALUES(691,'C12','switch_port');
INSERT INTO "port" VALUES(692,'D1','switch_port');
INSERT INTO "port" VALUES(693,'D2','switch_port');
INSERT INTO "port" VALUES(694,'C1','switch_port');
INSERT INTO "port" VALUES(695,'C2','switch_port');
INSERT INTO "port" VALUES(696,'C3','switch_port');
INSERT INTO "port" VALUES(697,'B1','switch_port');
INSERT INTO "port" VALUES(698,'B2','switch_port');
INSERT INTO "port" VALUES(699,'B3','switch_port');
INSERT INTO "port" VALUES(700,'B4','switch_port');
INSERT INTO "port" VALUES(701,'B5','switch_port');
INSERT INTO "port" VALUES(702,'B6','switch_port');
INSERT INTO "port" VALUES(703,'B7','switch_port');
INSERT INTO "port" VALUES(704,'B8','switch_port');
INSERT INTO "port" VALUES(705,'B9','switch_port');
INSERT INTO "port" VALUES(706,'B10','switch_port');
INSERT INTO "port" VALUES(707,'B11','switch_port');
INSERT INTO "port" VALUES(708,'B12','switch_port');
INSERT INTO "port" VALUES(709,'C13','switch_port');
INSERT INTO "port" VALUES(710,'C14','switch_port');
INSERT INTO "port" VALUES(711,'C15','switch_port');
INSERT INTO "port" VALUES(712,'B13','switch_port');
INSERT INTO "port" VALUES(713,'B14','switch_port');
INSERT INTO "port" VALUES(714,'B15','switch_port');
INSERT INTO "port" VALUES(715,'B16','switch_port');
INSERT INTO "port" VALUES(716,'B17','switch_port');
INSERT INTO "port" VALUES(717,'B18','switch_port');
INSERT INTO "port" VALUES(718,'B19','switch_port');
INSERT INTO "port" VALUES(719,'B20','switch_port');
INSERT INTO "port" VALUES(720,'B21','switch_port');
INSERT INTO "port" VALUES(721,'B22','switch_port');
INSERT INTO "port" VALUES(722,'B23','switch_port');
INSERT INTO "port" VALUES(723,'B24','switch_port');
INSERT INTO "port" VALUES(724,'C22','switch_port');
INSERT INTO "port" VALUES(725,'C23','switch_port');
INSERT INTO "port" VALUES(726,'C24','switch_port');
INSERT INTO "port" VALUES(727,'B1','switch_port');
INSERT INTO "port" VALUES(728,'B2','switch_port');
INSERT INTO "port" VALUES(729,'B3','switch_port');
INSERT INTO "port" VALUES(730,'B4','switch_port');
INSERT INTO "port" VALUES(731,'B5','switch_port');
INSERT INTO "port" VALUES(732,'B6','switch_port');
INSERT INTO "port" VALUES(733,'B7','switch_port');
INSERT INTO "port" VALUES(734,'B8','switch_port');
INSERT INTO "port" VALUES(735,'B9','switch_port');
INSERT INTO "port" VALUES(736,'B10','switch_port');
INSERT INTO "port" VALUES(737,'B11','switch_port');
INSERT INTO "port" VALUES(738,'B12','switch_port');
INSERT INTO "port" VALUES(739,'C19','switch_port');
INSERT INTO "port" VALUES(740,'C20','switch_port');
INSERT INTO "port" VALUES(741,'C21','switch_port');
INSERT INTO "port" VALUES(742,'A13','switch_port');
INSERT INTO "port" VALUES(743,'A14','switch_port');
INSERT INTO "port" VALUES(744,'A15','switch_port');
INSERT INTO "port" VALUES(745,'A16','switch_port');
INSERT INTO "port" VALUES(746,'A17','switch_port');
INSERT INTO "port" VALUES(747,'A18','switch_port');
INSERT INTO "port" VALUES(748,'A19','switch_port');
INSERT INTO "port" VALUES(749,'A20','switch_port');
INSERT INTO "port" VALUES(750,'A21','switch_port');
INSERT INTO "port" VALUES(751,'A22','switch_port');
INSERT INTO "port" VALUES(752,'A23','switch_port');
INSERT INTO "port" VALUES(753,'A24','switch_port');
INSERT INTO "port" VALUES(754,'C16','switch_port');
INSERT INTO "port" VALUES(755,'C17','switch_port');
INSERT INTO "port" VALUES(756,'C18','switch_port');
INSERT INTO "port" VALUES(757,'A1','switch_port');
INSERT INTO "port" VALUES(758,'A2','switch_port');
INSERT INTO "port" VALUES(759,'A3','switch_port');
INSERT INTO "port" VALUES(760,'A4','switch_port');
INSERT INTO "port" VALUES(761,'A5','switch_port');
INSERT INTO "port" VALUES(762,'A6','switch_port');
INSERT INTO "port" VALUES(763,'A7','switch_port');
INSERT INTO "port" VALUES(764,'A8','switch_port');
INSERT INTO "port" VALUES(765,'A9','switch_port');
INSERT INTO "port" VALUES(766,'A10','switch_port');
INSERT INTO "port" VALUES(767,'A11','switch_port');
INSERT INTO "port" VALUES(768,'A12','switch_port');
INSERT INTO "port" VALUES(769,'C13','switch_port');
INSERT INTO "port" VALUES(770,'C14','switch_port');
INSERT INTO "port" VALUES(771,'C15','switch_port');
INSERT INTO "port" VALUES(772,'C1','switch_port');
INSERT INTO "port" VALUES(773,'C2','switch_port');
INSERT INTO "port" VALUES(774,'C3','switch_port');
INSERT INTO "port" VALUES(775,'C4','switch_port');
INSERT INTO "port" VALUES(776,'C5','switch_port');
INSERT INTO "port" VALUES(777,'C6','switch_port');
INSERT INTO "port" VALUES(778,'C7','switch_port');
INSERT INTO "port" VALUES(779,'C8','switch_port');
INSERT INTO "port" VALUES(780,'C9','switch_port');
INSERT INTO "port" VALUES(781,'C10','switch_port');
INSERT INTO "port" VALUES(782,'C11','switch_port');
INSERT INTO "port" VALUES(783,'C12','switch_port');
INSERT INTO "port" VALUES(784,'D1','switch_port');
INSERT INTO "port" VALUES(785,'D2','switch_port');
INSERT INTO "port" VALUES(786,'D3','switch_port');
INSERT INTO "port" VALUES(787,'A13','switch_port');
INSERT INTO "port" VALUES(788,'A14','switch_port');
INSERT INTO "port" VALUES(789,'A15','switch_port');
INSERT INTO "port" VALUES(790,'A16','switch_port');
INSERT INTO "port" VALUES(791,'A17','switch_port');
INSERT INTO "port" VALUES(792,'A18','switch_port');
INSERT INTO "port" VALUES(793,'A19','switch_port');
INSERT INTO "port" VALUES(794,'A20','switch_port');
INSERT INTO "port" VALUES(795,'A21','switch_port');
INSERT INTO "port" VALUES(796,'A22','switch_port');
INSERT INTO "port" VALUES(797,'A23','switch_port');
INSERT INTO "port" VALUES(798,'A24','switch_port');
INSERT INTO "port" VALUES(799,'C22','switch_port');
INSERT INTO "port" VALUES(800,'C23','switch_port');
INSERT INTO "port" VALUES(801,'C24','switch_port');
INSERT INTO "port" VALUES(802,'A1','switch_port');
INSERT INTO "port" VALUES(803,'A2','switch_port');
INSERT INTO "port" VALUES(804,'A3','switch_port');
INSERT INTO "port" VALUES(805,'A4','switch_port');
INSERT INTO "port" VALUES(806,'A5','switch_port');
INSERT INTO "port" VALUES(807,'A6','switch_port');
INSERT INTO "port" VALUES(808,'A7','switch_port');
INSERT INTO "port" VALUES(809,'A8','switch_port');
INSERT INTO "port" VALUES(810,'A9','switch_port');
INSERT INTO "port" VALUES(811,'A10','switch_port');
INSERT INTO "port" VALUES(812,'A11','switch_port');
INSERT INTO "port" VALUES(813,'A12','switch_port');
INSERT INTO "port" VALUES(814,'C19','switch_port');
INSERT INTO "port" VALUES(815,'C20','switch_port');
INSERT INTO "port" VALUES(816,'C21','switch_port');
INSERT INTO "port" VALUES(817,'B13','switch_port');
INSERT INTO "port" VALUES(818,'B14','switch_port');
INSERT INTO "port" VALUES(819,'B15','switch_port');
INSERT INTO "port" VALUES(820,'B16','switch_port');
INSERT INTO "port" VALUES(821,'B17','switch_port');
INSERT INTO "port" VALUES(822,'B18','switch_port');
INSERT INTO "port" VALUES(823,'B19','switch_port');
INSERT INTO "port" VALUES(824,'B20','switch_port');
INSERT INTO "port" VALUES(825,'B21','switch_port');
INSERT INTO "port" VALUES(826,'B22','switch_port');
INSERT INTO "port" VALUES(827,'B23','switch_port');
INSERT INTO "port" VALUES(828,'B24','switch_port');
INSERT INTO "port" VALUES(829,'C16','switch_port');
INSERT INTO "port" VALUES(830,'C17','switch_port');
INSERT INTO "port" VALUES(831,'C18','switch_port');
INSERT INTO "port" VALUES(832,'C2','switch_port');
INSERT INTO "port" VALUES(833,'C3','switch_port');
INSERT INTO "port" VALUES(834,'C4','switch_port');
INSERT INTO "port" VALUES(835,'C5','switch_port');
INSERT INTO "port" VALUES(836,'C6','switch_port');
INSERT INTO "port" VALUES(837,'C7','switch_port');
INSERT INTO "port" VALUES(838,'C8','switch_port');
INSERT INTO "port" VALUES(839,'C9','switch_port');
INSERT INTO "port" VALUES(840,'C10','switch_port');
INSERT INTO "port" VALUES(841,'C11','switch_port');
INSERT INTO "port" VALUES(842,'C12','switch_port');
INSERT INTO "port" VALUES(843,'D1','switch_port');
INSERT INTO "port" VALUES(844,'D2','switch_port');
INSERT INTO "port" VALUES(845,'D3','switch_port');
INSERT INTO "port" VALUES(846,'B13','switch_port');
INSERT INTO "port" VALUES(847,'D13','switch_port');
INSERT INTO "port" VALUES(848,'B15','switch_port');
INSERT INTO "port" VALUES(849,'B16','switch_port');
INSERT INTO "port" VALUES(850,'B17','switch_port');
INSERT INTO "port" VALUES(851,'B18','switch_port');
INSERT INTO "port" VALUES(852,'B19','switch_port');
INSERT INTO "port" VALUES(853,'B20','switch_port');
INSERT INTO "port" VALUES(854,'B21','switch_port');
INSERT INTO "port" VALUES(855,'B22','switch_port');
INSERT INTO "port" VALUES(856,'B23','switch_port');
INSERT INTO "port" VALUES(857,'B24','switch_port');
INSERT INTO "port" VALUES(858,'C22','switch_port');
INSERT INTO "port" VALUES(859,'C23','switch_port');
INSERT INTO "port" VALUES(860,'C24','switch_port');
INSERT INTO "port" VALUES(861,'B1','switch_port');
INSERT INTO "port" VALUES(862,'B2','switch_port');
INSERT INTO "port" VALUES(863,'B3','switch_port');
INSERT INTO "port" VALUES(864,'B4','switch_port');
INSERT INTO "port" VALUES(865,'B5','switch_port');
INSERT INTO "port" VALUES(866,'B6','switch_port');
INSERT INTO "port" VALUES(867,'B7','switch_port');
INSERT INTO "port" VALUES(868,'B8','switch_port');
INSERT INTO "port" VALUES(869,'B9','switch_port');
INSERT INTO "port" VALUES(870,'B10','switch_port');
INSERT INTO "port" VALUES(871,'B11','switch_port');
INSERT INTO "port" VALUES(872,'B12','switch_port');
INSERT INTO "port" VALUES(873,'C19','switch_port');
INSERT INTO "port" VALUES(874,'C20','switch_port');
INSERT INTO "port" VALUES(875,'C21','switch_port');
INSERT INTO "port" VALUES(876,'A13','switch_port');
INSERT INTO "port" VALUES(877,'A14','switch_port');
INSERT INTO "port" VALUES(878,'A15','switch_port');
INSERT INTO "port" VALUES(879,'A16','switch_port');
INSERT INTO "port" VALUES(880,'A17','switch_port');
INSERT INTO "port" VALUES(881,'A18','switch_port');
INSERT INTO "port" VALUES(882,'A19','switch_port');
INSERT INTO "port" VALUES(883,'A20','switch_port');
INSERT INTO "port" VALUES(884,'A21','switch_port');
INSERT INTO "port" VALUES(885,'A22','switch_port');
INSERT INTO "port" VALUES(886,'A23','switch_port');
INSERT INTO "port" VALUES(887,'A24','switch_port');
INSERT INTO "port" VALUES(888,'C16','switch_port');
INSERT INTO "port" VALUES(889,'C17','switch_port');
INSERT INTO "port" VALUES(890,'C18','switch_port');
INSERT INTO "port" VALUES(891,'A1','switch_port');
INSERT INTO "port" VALUES(892,'A2','switch_port');
INSERT INTO "port" VALUES(893,'A3','switch_port');
INSERT INTO "port" VALUES(894,'A4','switch_port');
INSERT INTO "port" VALUES(895,'A5','switch_port');
INSERT INTO "port" VALUES(896,'A6','switch_port');
INSERT INTO "port" VALUES(897,'A7','switch_port');
INSERT INTO "port" VALUES(898,'A8','switch_port');
INSERT INTO "port" VALUES(899,'A9','switch_port');
INSERT INTO "port" VALUES(900,'A10','switch_port');
INSERT INTO "port" VALUES(901,'A11','switch_port');
INSERT INTO "port" VALUES(902,'A12','switch_port');
INSERT INTO "port" VALUES(903,'C13','switch_port');
INSERT INTO "port" VALUES(904,'C14','switch_port');
INSERT INTO "port" VALUES(905,'C15','switch_port');
INSERT INTO "port" VALUES(906,'E8','switch_port');
INSERT INTO "port" VALUES(907,'C21','switch_port');
INSERT INTO "port" VALUES(908,'C22','switch_port');
INSERT INTO "port" VALUES(909,'C23','switch_port');
INSERT INTO "port" VALUES(910,'C24','switch_port');
INSERT INTO "port" VALUES(911,'D13','switch_port');
INSERT INTO "port" VALUES(912,'D14','switch_port');
INSERT INTO "port" VALUES(913,'D15','switch_port');
INSERT INTO "port" VALUES(914,'D16','switch_port');
INSERT INTO "port" VALUES(915,'D17','switch_port');
INSERT INTO "port" VALUES(916,'D18','switch_port');
INSERT INTO "port" VALUES(917,'D19','switch_port');
INSERT INTO "port" VALUES(918,'D20','switch_port');
INSERT INTO "port" VALUES(919,'D21','switch_port');
INSERT INTO "port" VALUES(920,'D22','switch_port');
INSERT INTO "port" VALUES(921,'D23','switch_port');
INSERT INTO "port" VALUES(922,'D6','switch_port');
INSERT INTO "port" VALUES(923,'D7','switch_port');
INSERT INTO "port" VALUES(924,'D8','switch_port');
INSERT INTO "port" VALUES(925,'D9','switch_port');
INSERT INTO "port" VALUES(926,'D10','switch_port');
INSERT INTO "port" VALUES(927,'D11','switch_port');
INSERT INTO "port" VALUES(928,'D12','switch_port');
INSERT INTO "port" VALUES(929,'C13','switch_port');
INSERT INTO "port" VALUES(930,'C14','switch_port');
INSERT INTO "port" VALUES(931,'C15','switch_port');
INSERT INTO "port" VALUES(932,'C16','switch_port');
INSERT INTO "port" VALUES(933,'C17','switch_port');
INSERT INTO "port" VALUES(934,'C18','switch_port');
INSERT INTO "port" VALUES(935,'C19','switch_port');
INSERT INTO "port" VALUES(936,'C20','switch_port');
INSERT INTO "port" VALUES(937,'C3','switch_port');
INSERT INTO "port" VALUES(938,'C4','switch_port');
INSERT INTO "port" VALUES(939,'C5','switch_port');
INSERT INTO "port" VALUES(940,'C6','switch_port');
INSERT INTO "port" VALUES(941,'C7','switch_port');
INSERT INTO "port" VALUES(942,'C8','switch_port');
INSERT INTO "port" VALUES(943,'C9','switch_port');
INSERT INTO "port" VALUES(944,'C10','switch_port');
INSERT INTO "port" VALUES(945,'C11','switch_port');
INSERT INTO "port" VALUES(946,'C12','switch_port');
INSERT INTO "port" VALUES(947,'D1','switch_port');
INSERT INTO "port" VALUES(948,'D2','switch_port');
INSERT INTO "port" VALUES(949,'D3','switch_port');
INSERT INTO "port" VALUES(950,'D4','switch_port');
INSERT INTO "port" VALUES(951,'D5','switch_port');
INSERT INTO "port" VALUES(952,'A24','switch_port');
INSERT INTO "port" VALUES(953,'B13','switch_port');
INSERT INTO "port" VALUES(954,'B14','switch_port');
INSERT INTO "port" VALUES(955,'B15','switch_port');
INSERT INTO "port" VALUES(956,'B16','switch_port');
INSERT INTO "port" VALUES(957,'B17','switch_port');
INSERT INTO "port" VALUES(958,'B18','switch_port');
INSERT INTO "port" VALUES(959,'B19','switch_port');
INSERT INTO "port" VALUES(960,'B20','switch_port');
INSERT INTO "port" VALUES(961,'F13','switch_port');
INSERT INTO "port" VALUES(962,'F14','switch_port');
INSERT INTO "port" VALUES(963,'F15','switch_port');
INSERT INTO "port" VALUES(964,'F16','switch_port');
INSERT INTO "port" VALUES(965,'C1','switch_port');
INSERT INTO "port" VALUES(966,'C2','switch_port');
INSERT INTO "port" VALUES(967,'B9','switch_port');
INSERT INTO "port" VALUES(968,'B10','switch_port');
INSERT INTO "port" VALUES(969,'B11','switch_port');
INSERT INTO "port" VALUES(970,'B12','switch_port');
INSERT INTO "port" VALUES(971,'A13','switch_port');
INSERT INTO "port" VALUES(972,'A14','switch_port');
INSERT INTO "port" VALUES(973,'A15','switch_port');
INSERT INTO "port" VALUES(974,'A16','switch_port');
INSERT INTO "port" VALUES(975,'A17','switch_port');
INSERT INTO "port" VALUES(976,'A18','switch_port');
INSERT INTO "port" VALUES(977,'A19','switch_port');
INSERT INTO "port" VALUES(978,'A20','switch_port');
INSERT INTO "port" VALUES(979,'A21','switch_port');
INSERT INTO "port" VALUES(980,'A22','switch_port');
INSERT INTO "port" VALUES(981,'A23','switch_port');
INSERT INTO "port" VALUES(982,'A6','switch_port');
INSERT INTO "port" VALUES(983,'A7','switch_port');
INSERT INTO "port" VALUES(984,'A8','switch_port');
INSERT INTO "port" VALUES(985,'A9','switch_port');
INSERT INTO "port" VALUES(986,'A10','switch_port');
INSERT INTO "port" VALUES(987,'A11','switch_port');
INSERT INTO "port" VALUES(988,'A12','switch_port');
INSERT INTO "port" VALUES(989,'B1','switch_port');
INSERT INTO "port" VALUES(990,'B2','switch_port');
INSERT INTO "port" VALUES(991,'B3','switch_port');
INSERT INTO "port" VALUES(992,'B4','switch_port');
INSERT INTO "port" VALUES(993,'B5','switch_port');
INSERT INTO "port" VALUES(994,'B6','switch_port');
INSERT INTO "port" VALUES(995,'B7','switch_port');
INSERT INTO "port" VALUES(996,'B8','switch_port');
INSERT INTO "port" VALUES(997,'A1','switch_port');
INSERT INTO "port" VALUES(998,'A2','switch_port');
INSERT INTO "port" VALUES(999,'A3','switch_port');
INSERT INTO "port" VALUES(1000,'A4','switch_port');
INSERT INTO "port" VALUES(1001,'A5','switch_port');
INSERT INTO "port" VALUES(1002,'F3','switch_port');
INSERT INTO "port" VALUES(1003,'F4','switch_port');
INSERT INTO "port" VALUES(1004,'F5','switch_port');
INSERT INTO "port" VALUES(1005,'F6','switch_port');
INSERT INTO "port" VALUES(1006,'F7','switch_port');
INSERT INTO "port" VALUES(1007,'F8','switch_port');
INSERT INTO "port" VALUES(1008,'F9','switch_port');
INSERT INTO "port" VALUES(1009,'F10','switch_port');
INSERT INTO "port" VALUES(1010,'F11','switch_port');
INSERT INTO "port" VALUES(1011,'F12','switch_port');
INSERT INTO "port" VALUES(1012,'E13','switch_port');
INSERT INTO "port" VALUES(1013,'E14','switch_port');
INSERT INTO "port" VALUES(1014,'E15','switch_port');
INSERT INTO "port" VALUES(1015,'E16','switch_port');
INSERT INTO "port" VALUES(1016,'E17','switch_port');
INSERT INTO "port" VALUES(1017,'D24','switch_port');
INSERT INTO "port" VALUES(1018,'E1','switch_port');
INSERT INTO "port" VALUES(1019,'E2','switch_port');
INSERT INTO "port" VALUES(1020,'E3','switch_port');
INSERT INTO "port" VALUES(1021,'E4','switch_port');
INSERT INTO "port" VALUES(1022,'E5','switch_port');
INSERT INTO "port" VALUES(1023,'E6','switch_port');
INSERT INTO "port" VALUES(1024,'E7','switch_port');
INSERT INTO "port" VALUES(1025,'E8','switch_port');
INSERT INTO "port" VALUES(1026,'E9','switch_port');
INSERT INTO "port" VALUES(1027,'E10','switch_port');
INSERT INTO "port" VALUES(1028,'E11','switch_port');
INSERT INTO "port" VALUES(1029,'E12','switch_port');
INSERT INTO "port" VALUES(1030,'F1','switch_port');
INSERT INTO "port" VALUES(1031,'F2','switch_port');
INSERT INTO "port" VALUES(1032,'E9','switch_port');
INSERT INTO "port" VALUES(1033,'E10','switch_port');
INSERT INTO "port" VALUES(1034,'E11','switch_port');
INSERT INTO "port" VALUES(1035,'D19','switch_port');
INSERT INTO "port" VALUES(1036,'D20','switch_port');
INSERT INTO "port" VALUES(1037,'D21','switch_port');
INSERT INTO "port" VALUES(1038,'E7','switch_port');
INSERT INTO "port" VALUES(1039,'D22','switch_port');
INSERT INTO "port" VALUES(1040,'D23','switch_port');
INSERT INTO "port" VALUES(1041,'D24','switch_port');
INSERT INTO "port" VALUES(1042,'E5','switch_port');
INSERT INTO "port" VALUES(1043,'E6','switch_port');
INSERT INTO "port" VALUES(1044,'B10','switch_port');
INSERT INTO "port" VALUES(1045,'B11','switch_port');
INSERT INTO "port" VALUES(1046,'B12','switch_port');
INSERT INTO "port" VALUES(1047,'B19','switch_port');
INSERT INTO "port" VALUES(1048,'B20','switch_port');
INSERT INTO "port" VALUES(1049,'E1','switch_port');
INSERT INTO "port" VALUES(1050,'E2','switch_port');
INSERT INTO "port" VALUES(1051,'E3','switch_port');
INSERT INTO "port" VALUES(1052,'E4','switch_port');
INSERT INTO "port" VALUES(1053,'D7','switch_port');
INSERT INTO "port" VALUES(1054,'D8','switch_port');
INSERT INTO "port" VALUES(1055,'D9','switch_port');
INSERT INTO "port" VALUES(1056,'D10','switch_port');
INSERT INTO "port" VALUES(1057,'D11','switch_port');
INSERT INTO "port" VALUES(1058,'D12','switch_port');
INSERT INTO "port" VALUES(1059,'D1','switch_port');
INSERT INTO "port" VALUES(1060,'D2','switch_port');
INSERT INTO "port" VALUES(1061,'D3','switch_port');
INSERT INTO "port" VALUES(1062,'D4','switch_port');
INSERT INTO "port" VALUES(1063,'D5','switch_port');
INSERT INTO "port" VALUES(1064,'D6','switch_port');
INSERT INTO "port" VALUES(1065,'D13','switch_port');
INSERT INTO "port" VALUES(1066,'D14','switch_port');
INSERT INTO "port" VALUES(1067,'D15','switch_port');
INSERT INTO "port" VALUES(1068,'D16','switch_port');
INSERT INTO "port" VALUES(1069,'D17','switch_port');
INSERT INTO "port" VALUES(1070,'D18','switch_port');
INSERT INTO "port" VALUES(1071,'B7','switch_port');
INSERT INTO "port" VALUES(1072,'B8','switch_port');
INSERT INTO "port" VALUES(1073,'B9','switch_port');
INSERT INTO "port" VALUES(1074,'A22','switch_port');
INSERT INTO "port" VALUES(1075,'A23','switch_port');
INSERT INTO "port" VALUES(1076,'A24','switch_port');
INSERT INTO "port" VALUES(1077,'B1','switch_port');
INSERT INTO "port" VALUES(1078,'B2','switch_port');
INSERT INTO "port" VALUES(1079,'B3','switch_port');
INSERT INTO "port" VALUES(1080,'B4','switch_port');
INSERT INTO "port" VALUES(1081,'B5','switch_port');
INSERT INTO "port" VALUES(1082,'B6','switch_port');
INSERT INTO "port" VALUES(1083,'B13','switch_port');
INSERT INTO "port" VALUES(1084,'B14','switch_port');
INSERT INTO "port" VALUES(1085,'B15','switch_port');
INSERT INTO "port" VALUES(1086,'B16','switch_port');
INSERT INTO "port" VALUES(1087,'B17','switch_port');
INSERT INTO "port" VALUES(1088,'B18','switch_port');
INSERT INTO "port" VALUES(1089,'C19','switch_port');
INSERT INTO "port" VALUES(1090,'C20','switch_port');
INSERT INTO "port" VALUES(1091,'C21','switch_port');
INSERT INTO "port" VALUES(1092,'C22','switch_port');
INSERT INTO "port" VALUES(1093,'C23','switch_port');
INSERT INTO "port" VALUES(1094,'C24','switch_port');
INSERT INTO "port" VALUES(1095,'A7','switch_port');
INSERT INTO "port" VALUES(1096,'A8','switch_port');
INSERT INTO "port" VALUES(1097,'A9','switch_port');
INSERT INTO "port" VALUES(1098,'A10','switch_port');
INSERT INTO "port" VALUES(1099,'A11','switch_port');
INSERT INTO "port" VALUES(1100,'A12','switch_port');
INSERT INTO "port" VALUES(1101,'A19','switch_port');
INSERT INTO "port" VALUES(1102,'A20','switch_port');
INSERT INTO "port" VALUES(1103,'A21','switch_port');
INSERT INTO "port" VALUES(1104,'A4','switch_port');
INSERT INTO "port" VALUES(1105,'A5','switch_port');
INSERT INTO "port" VALUES(1106,'A6','switch_port');
INSERT INTO "port" VALUES(1107,'A13','switch_port');
INSERT INTO "port" VALUES(1108,'A14','switch_port');
INSERT INTO "port" VALUES(1109,'A15','switch_port');
INSERT INTO "port" VALUES(1110,'A16','switch_port');
INSERT INTO "port" VALUES(1111,'A17','switch_port');
INSERT INTO "port" VALUES(1112,'A18','switch_port');
INSERT INTO "port" VALUES(1113,'C7','switch_port');
INSERT INTO "port" VALUES(1114,'C8','switch_port');
INSERT INTO "port" VALUES(1115,'C9','switch_port');
INSERT INTO "port" VALUES(1116,'C10','switch_port');
INSERT INTO "port" VALUES(1117,'C11','switch_port');
INSERT INTO "port" VALUES(1118,'C12','switch_port');
INSERT INTO "port" VALUES(1119,'C1','switch_port');
INSERT INTO "port" VALUES(1120,'C2','switch_port');
INSERT INTO "port" VALUES(1121,'C3','switch_port');
INSERT INTO "port" VALUES(1122,'C4','switch_port');
INSERT INTO "port" VALUES(1123,'C5','switch_port');
INSERT INTO "port" VALUES(1124,'C6','switch_port');
INSERT INTO "port" VALUES(1125,'C13','switch_port');
INSERT INTO "port" VALUES(1126,'C14','switch_port');
INSERT INTO "port" VALUES(1127,'C15','switch_port');
INSERT INTO "port" VALUES(1128,'C16','switch_port');
INSERT INTO "port" VALUES(1129,'C17','switch_port');
INSERT INTO "port" VALUES(1130,'C18','switch_port');
INSERT INTO "port" VALUES(1131,'A1','switch_port');
INSERT INTO "port" VALUES(1132,'A2','switch_port');
INSERT INTO "port" VALUES(1133,'A3','switch_port');
INSERT INTO "port" VALUES(1134,'F23','switch_port');
INSERT INTO "port" VALUES(1135,'D17','switch_port');
INSERT INTO "port" VALUES(1136,'D18','switch_port');
INSERT INTO "port" VALUES(1137,'D19','switch_port');
INSERT INTO "port" VALUES(1138,'D20','switch_port');
INSERT INTO "port" VALUES(1139,'D21','switch_port');
INSERT INTO "port" VALUES(1140,'D23','switch_port');
INSERT INTO "port" VALUES(1141,'D24','switch_port');
INSERT INTO "port" VALUES(1142,'F1','switch_port');
INSERT INTO "port" VALUES(1143,'F2','switch_port');
INSERT INTO "port" VALUES(1144,'F3','switch_port');
INSERT INTO "port" VALUES(1145,'F4','switch_port');
INSERT INTO "port" VALUES(1146,'F5','switch_port');
INSERT INTO "port" VALUES(1147,'F6','switch_port');
INSERT INTO "port" VALUES(1148,'D16','switch_port');
INSERT INTO "port" VALUES(1149,'E13','switch_port');
INSERT INTO "port" VALUES(1150,'E14','switch_port');
INSERT INTO "port" VALUES(1151,'E15','switch_port');
INSERT INTO "port" VALUES(1152,'E16','switch_port');
INSERT INTO "port" VALUES(1153,'E17','switch_port');
INSERT INTO "port" VALUES(1154,'E18','switch_port');
INSERT INTO "port" VALUES(1155,'E19','switch_port');
INSERT INTO "port" VALUES(1156,'E20','switch_port');
INSERT INTO "port" VALUES(1157,'E21','switch_port');
INSERT INTO "port" VALUES(1158,'E22','switch_port');
INSERT INTO "port" VALUES(1159,'E23','switch_port');
INSERT INTO "port" VALUES(1160,'E24','switch_port');
INSERT INTO "port" VALUES(1161,'E9','switch_port');
INSERT INTO "port" VALUES(1162,'E10','switch_port');
INSERT INTO "port" VALUES(1163,'E11','switch_port');
INSERT INTO "port" VALUES(1164,'E12','switch_port');
INSERT INTO "port" VALUES(1165,'D5','switch_port');
INSERT INTO "port" VALUES(1166,'D6','switch_port');
INSERT INTO "port" VALUES(1167,'D7','switch_port');
INSERT INTO "port" VALUES(1168,'D8','switch_port');
INSERT INTO "port" VALUES(1169,'D9','switch_port');
INSERT INTO "port" VALUES(1170,'D10','switch_port');
INSERT INTO "port" VALUES(1171,'D11','switch_port');
INSERT INTO "port" VALUES(1172,'D12','switch_port');
INSERT INTO "port" VALUES(1173,'D13','switch_port');
INSERT INTO "port" VALUES(1174,'D14','switch_port');
INSERT INTO "port" VALUES(1175,'D15','switch_port');
INSERT INTO "port" VALUES(1176,'B20','switch_port');
INSERT INTO "port" VALUES(1177,'D1','switch_port');
INSERT INTO "port" VALUES(1178,'D2','switch_port');
INSERT INTO "port" VALUES(1179,'D3','switch_port');
INSERT INTO "port" VALUES(1180,'D4','switch_port');
INSERT INTO "port" VALUES(1181,'E1','switch_port');
INSERT INTO "port" VALUES(1182,'E2','switch_port');
INSERT INTO "port" VALUES(1183,'E3','switch_port');
INSERT INTO "port" VALUES(1184,'E4','switch_port');
INSERT INTO "port" VALUES(1185,'E5','switch_port');
INSERT INTO "port" VALUES(1186,'E6','switch_port');
INSERT INTO "port" VALUES(1187,'E7','switch_port');
INSERT INTO "port" VALUES(1188,'E8','switch_port');
INSERT INTO "port" VALUES(1189,'C17','switch_port');
INSERT INTO "port" VALUES(1190,'C18','switch_port');
INSERT INTO "port" VALUES(1191,'C19','switch_port');
INSERT INTO "port" VALUES(1192,'C20','switch_port');
INSERT INTO "port" VALUES(1193,'C21','switch_port');
INSERT INTO "port" VALUES(1194,'C22','switch_port');
INSERT INTO "port" VALUES(1195,'C23','switch_port');
INSERT INTO "port" VALUES(1196,'C24','switch_port');
INSERT INTO "port" VALUES(1197,'B13','switch_port');
INSERT INTO "port" VALUES(1198,'B14','switch_port');
INSERT INTO "port" VALUES(1199,'B15','switch_port');
INSERT INTO "port" VALUES(1200,'B16','switch_port');
INSERT INTO "port" VALUES(1201,'B17','switch_port');
INSERT INTO "port" VALUES(1202,'B18','switch_port');
INSERT INTO "port" VALUES(1203,'B19','switch_port');
INSERT INTO "port" VALUES(1204,'B4','switch_port');
INSERT INTO "port" VALUES(1205,'B5','switch_port');
INSERT INTO "port" VALUES(1206,'B6','switch_port');
INSERT INTO "port" VALUES(1207,'B7','switch_port');
INSERT INTO "port" VALUES(1208,'B8','switch_port');
INSERT INTO "port" VALUES(1209,'B9','switch_port');
INSERT INTO "port" VALUES(1210,'B10','switch_port');
INSERT INTO "port" VALUES(1211,'B11','switch_port');
INSERT INTO "port" VALUES(1212,'B12','switch_port');
INSERT INTO "port" VALUES(1213,'C13','switch_port');
INSERT INTO "port" VALUES(1214,'C14','switch_port');
INSERT INTO "port" VALUES(1215,'C16','switch_port');
INSERT INTO "port" VALUES(1216,'C15','switch_port');
INSERT INTO "port" VALUES(1217,'C1','switch_port');
INSERT INTO "port" VALUES(1218,'C2','switch_port');
INSERT INTO "port" VALUES(1219,'C3','switch_port');
INSERT INTO "port" VALUES(1220,'C4','switch_port');
INSERT INTO "port" VALUES(1221,'C5','switch_port');
INSERT INTO "port" VALUES(1222,'C6','switch_port');
INSERT INTO "port" VALUES(1223,'C7','switch_port');
INSERT INTO "port" VALUES(1224,'C8','switch_port');
INSERT INTO "port" VALUES(1225,'C9','switch_port');
INSERT INTO "port" VALUES(1226,'C10','switch_port');
INSERT INTO "port" VALUES(1227,'C11','switch_port');
INSERT INTO "port" VALUES(1228,'C12','switch_port');
INSERT INTO "port" VALUES(1229,'B1','switch_port');
INSERT INTO "port" VALUES(1230,'B2','switch_port');
INSERT INTO "port" VALUES(1231,'B3','switch_port');
INSERT INTO "port" VALUES(1232,'F24','switch_port');
INSERT INTO "port" VALUES(1233,'E13','switch_port');
INSERT INTO "port" VALUES(1234,'E14','switch_port');
INSERT INTO "port" VALUES(1235,'E15','switch_port');
INSERT INTO "port" VALUES(1236,'E16','switch_port');
INSERT INTO "port" VALUES(1237,'E17','switch_port');
INSERT INTO "port" VALUES(1238,'E18','switch_port');
INSERT INTO "port" VALUES(1239,'F13','switch_port');
INSERT INTO "port" VALUES(1240,'F14','switch_port');
INSERT INTO "port" VALUES(1241,'F15','switch_port');
INSERT INTO "port" VALUES(1242,'F16','switch_port');
INSERT INTO "port" VALUES(1243,'F17','switch_port');
INSERT INTO "port" VALUES(1244,'F2','switch_port');
INSERT INTO "port" VALUES(1245,'F3','switch_port');
INSERT INTO "port" VALUES(1246,'F4','switch_port');
INSERT INTO "port" VALUES(1247,'F5','switch_port');
INSERT INTO "port" VALUES(1248,'F6','switch_port');
INSERT INTO "port" VALUES(1249,'E19','switch_port');
INSERT INTO "port" VALUES(1250,'E20','switch_port');
INSERT INTO "port" VALUES(1251,'E21','switch_port');
INSERT INTO "port" VALUES(1252,'E22','switch_port');
INSERT INTO "port" VALUES(1253,'E23','switch_port');
INSERT INTO "port" VALUES(1254,'E24','switch_port');
INSERT INTO "port" VALUES(1255,'F19','switch_port');
INSERT INTO "port" VALUES(1256,'F20','switch_port');
INSERT INTO "port" VALUES(1257,'F21','switch_port');
INSERT INTO "port" VALUES(1258,'F22','switch_port');
INSERT INTO "port" VALUES(1259,'F7','switch_port');
INSERT INTO "port" VALUES(1260,'F8','switch_port');
INSERT INTO "port" VALUES(1261,'F9','switch_port');
INSERT INTO "port" VALUES(1262,'F10','switch_port');
INSERT INTO "port" VALUES(1263,'F11','switch_port');
INSERT INTO "port" VALUES(1264,'F12','switch_port');
INSERT INTO "port" VALUES(1265,'E1','switch_port');
INSERT INTO "port" VALUES(1266,'E2','switch_port');
INSERT INTO "port" VALUES(1267,'E3','switch_port');
INSERT INTO "port" VALUES(1268,'E4','switch_port');
INSERT INTO "port" VALUES(1269,'E5','switch_port');
INSERT INTO "port" VALUES(1270,'E6','switch_port');
INSERT INTO "port" VALUES(1271,'F1','switch_port');
INSERT INTO "port" VALUES(1272,'C16','switch_port');
INSERT INTO "port" VALUES(1273,'C17','switch_port');
INSERT INTO "port" VALUES(1274,'C18','switch_port');
INSERT INTO "port" VALUES(1275,'D13','switch_port');
INSERT INTO "port" VALUES(1276,'D14','switch_port');
INSERT INTO "port" VALUES(1277,'D15','switch_port');
INSERT INTO "port" VALUES(1278,'D16','switch_port');
INSERT INTO "port" VALUES(1279,'D17','switch_port');
INSERT INTO "port" VALUES(1280,'D18','switch_port');
INSERT INTO "port" VALUES(1281,'E7','switch_port');
INSERT INTO "port" VALUES(1282,'E8','switch_port');
INSERT INTO "port" VALUES(1283,'E9','switch_port');
INSERT INTO "port" VALUES(1284,'E10','switch_port');
INSERT INTO "port" VALUES(1285,'E11','switch_port');
INSERT INTO "port" VALUES(1286,'E12','switch_port');
INSERT INTO "port" VALUES(1287,'C21','switch_port');
INSERT INTO "port" VALUES(1288,'C22','switch_port');
INSERT INTO "port" VALUES(1289,'C23','switch_port');
INSERT INTO "port" VALUES(1290,'C24','switch_port');
INSERT INTO "port" VALUES(1291,'D19','switch_port');
INSERT INTO "port" VALUES(1292,'D20','switch_port');
INSERT INTO "port" VALUES(1293,'D21','switch_port');
INSERT INTO "port" VALUES(1294,'D22','switch_port');
INSERT INTO "port" VALUES(1295,'D23','switch_port');
INSERT INTO "port" VALUES(1296,'D24','switch_port');
INSERT INTO "port" VALUES(1297,'C13','switch_port');
INSERT INTO "port" VALUES(1298,'C14','switch_port');
INSERT INTO "port" VALUES(1299,'C15','switch_port');
INSERT INTO "port" VALUES(1300,'D12','switch_port');
INSERT INTO "port" VALUES(1301,'C1','switch_port');
INSERT INTO "port" VALUES(1302,'C2','switch_port');
INSERT INTO "port" VALUES(1303,'C3','switch_port');
INSERT INTO "port" VALUES(1304,'C4','switch_port');
INSERT INTO "port" VALUES(1305,'C5','switch_port');
INSERT INTO "port" VALUES(1306,'C6','switch_port');
INSERT INTO "port" VALUES(1307,'D1','switch_port');
INSERT INTO "port" VALUES(1308,'D2','switch_port');
INSERT INTO "port" VALUES(1309,'D3','switch_port');
INSERT INTO "port" VALUES(1310,'D4','switch_port');
INSERT INTO "port" VALUES(1311,'D5','switch_port');
INSERT INTO "port" VALUES(1312,'D6','switch_port');
INSERT INTO "port" VALUES(1313,'C19','switch_port');
INSERT INTO "port" VALUES(1314,'C20','switch_port');
INSERT INTO "port" VALUES(1315,'B16','switch_port');
INSERT INTO "port" VALUES(1316,'G1','switch_port');
INSERT INTO "port" VALUES(1317,'G2','switch_port');
INSERT INTO "port" VALUES(1318,'C7','switch_port');
INSERT INTO "port" VALUES(1319,'C8','switch_port');
INSERT INTO "port" VALUES(1320,'C9','switch_port');
INSERT INTO "port" VALUES(1321,'C10','switch_port');
INSERT INTO "port" VALUES(1322,'C11','switch_port');
INSERT INTO "port" VALUES(1323,'C12','switch_port');
INSERT INTO "port" VALUES(1324,'D7','switch_port');
INSERT INTO "port" VALUES(1325,'D8','switch_port');
INSERT INTO "port" VALUES(1326,'D9','switch_port');
INSERT INTO "port" VALUES(1327,'D10','switch_port');
INSERT INTO "port" VALUES(1328,'D11','switch_port');
INSERT INTO "port" VALUES(1329,'B17','switch_port');
INSERT INTO "port" VALUES(1330,'B18','switch_port');
INSERT INTO "port" VALUES(1331,'B19','switch_port');
INSERT INTO "port" VALUES(1332,'B20','switch_port');
INSERT INTO "port" VALUES(1333,'G3','switch_port');
INSERT INTO "port" VALUES(1334,'G4','switch_port');
INSERT INTO "port" VALUES(1335,'B1','switch_port');
INSERT INTO "port" VALUES(1336,'B2','switch_port');
INSERT INTO "port" VALUES(1337,'B3','switch_port');
INSERT INTO "port" VALUES(1338,'B4','switch_port');
INSERT INTO "port" VALUES(1339,'B5','switch_port');
INSERT INTO "port" VALUES(1340,'B6','switch_port');
INSERT INTO "port" VALUES(1341,'B13','switch_port');
INSERT INTO "port" VALUES(1342,'B14','switch_port');
INSERT INTO "port" VALUES(1343,'B15','switch_port');
INSERT INTO "port" VALUES(1344,'B7','switch_port');
INSERT INTO "port" VALUES(1345,'B8','switch_port');
INSERT INTO "port" VALUES(1346,'B9','switch_port');
INSERT INTO "port" VALUES(1347,'B10','switch_port');
INSERT INTO "port" VALUES(1348,'B11','switch_port');
INSERT INTO "port" VALUES(1349,'B12','switch_port');
INSERT INTO "port" VALUES(1350,'D16','switch_port');
INSERT INTO "port" VALUES(1351,'D5','switch_port');
INSERT INTO "port" VALUES(1352,'D6','switch_port');
INSERT INTO "port" VALUES(1353,'D7','switch_port');
INSERT INTO "port" VALUES(1354,'D8','switch_port');
INSERT INTO "port" VALUES(1355,'D9','switch_port');
INSERT INTO "port" VALUES(1356,'D10','switch_port');
INSERT INTO "port" VALUES(1357,'D11','switch_port');
INSERT INTO "port" VALUES(1358,'D12','switch_port');
INSERT INTO "port" VALUES(1359,'D15','switch_port');
INSERT INTO "port" VALUES(1360,'D18','switch_port');
INSERT INTO "port" VALUES(1361,'D19','switch_port');
INSERT INTO "port" VALUES(1362,'C13','switch_port');
INSERT INTO "port" VALUES(1363,'C14','switch_port');
INSERT INTO "port" VALUES(1364,'C15','switch_port');
INSERT INTO "port" VALUES(1365,'C16','switch_port');
INSERT INTO "port" VALUES(1366,'C17','switch_port');
INSERT INTO "port" VALUES(1367,'C18','switch_port');
INSERT INTO "port" VALUES(1368,'C19','switch_port');
INSERT INTO "port" VALUES(1369,'C20','switch_port');
INSERT INTO "port" VALUES(1370,'C21','switch_port');
INSERT INTO "port" VALUES(1371,'C22','switch_port');
INSERT INTO "port" VALUES(1372,'C23','switch_port');
INSERT INTO "port" VALUES(1373,'C24','switch_port');
INSERT INTO "port" VALUES(1374,'D21','switch_port');
INSERT INTO "port" VALUES(1375,'D2','switch_port');
INSERT INTO "port" VALUES(1376,'C1','switch_port');
INSERT INTO "port" VALUES(1377,'C2','switch_port');
INSERT INTO "port" VALUES(1378,'C3','switch_port');
INSERT INTO "port" VALUES(1379,'C4','switch_port');
INSERT INTO "port" VALUES(1380,'C5','switch_port');
INSERT INTO "port" VALUES(1381,'D17','switch_port');
INSERT INTO "port" VALUES(1382,'C7','switch_port');
INSERT INTO "port" VALUES(1383,'C8','switch_port');
INSERT INTO "port" VALUES(1384,'C9','switch_port');
INSERT INTO "port" VALUES(1385,'C10','switch_port');
INSERT INTO "port" VALUES(1386,'C11','switch_port');
INSERT INTO "port" VALUES(1387,'C12','switch_port');
INSERT INTO "port" VALUES(1388,'B17','switch_port');
INSERT INTO "port" VALUES(1389,'B18','switch_port');
INSERT INTO "port" VALUES(1390,'B19','switch_port');
INSERT INTO "port" VALUES(1391,'B20','switch_port');
INSERT INTO "port" VALUES(1392,'B1','switch_port');
INSERT INTO "port" VALUES(1393,'B2','switch_port');
INSERT INTO "port" VALUES(1394,'B3','switch_port');
INSERT INTO "port" VALUES(1395,'B4','switch_port');
INSERT INTO "port" VALUES(1396,'B5','switch_port');
INSERT INTO "port" VALUES(1397,'B6','switch_port');
INSERT INTO "port" VALUES(1398,'B7','switch_port');
INSERT INTO "port" VALUES(1399,'B8','switch_port');
INSERT INTO "port" VALUES(1400,'B9','switch_port');
INSERT INTO "port" VALUES(1401,'B10','switch_port');
INSERT INTO "port" VALUES(1402,'B11','switch_port');
INSERT INTO "port" VALUES(1403,'B12','switch_port');
INSERT INTO "port" VALUES(1404,'B13','switch_port');
INSERT INTO "port" VALUES(1405,'B14','switch_port');
INSERT INTO "port" VALUES(1406,'B15','switch_port');
INSERT INTO "port" VALUES(1407,'B16','switch_port');
INSERT INTO "port" VALUES(1408,'A1','switch_port');
INSERT INTO "port" VALUES(1409,'A2','switch_port');
INSERT INTO "port" VALUES(1410,'A3','switch_port');
INSERT INTO "port" VALUES(1411,'A4','switch_port');
INSERT INTO "port" VALUES(1412,'A5','switch_port');
INSERT INTO "port" VALUES(1413,'A6','switch_port');
INSERT INTO "port" VALUES(1414,'A7','switch_port');
INSERT INTO "port" VALUES(1415,'A8','switch_port');
INSERT INTO "port" VALUES(1416,'A9','switch_port');
INSERT INTO "port" VALUES(1417,'A10','switch_port');
INSERT INTO "port" VALUES(1418,'A11','switch_port');
INSERT INTO "port" VALUES(1419,'A12','switch_port');
INSERT INTO "port" VALUES(1420,'A13','switch_port');
INSERT INTO "port" VALUES(1421,'A14','switch_port');

INSERT INTO "destinationport" VALUES(1);
INSERT INTO "destinationport" VALUES(2);
INSERT INTO "destinationport" VALUES(3);
INSERT INTO "destinationport" VALUES(4);
INSERT INTO "destinationport" VALUES(5);
INSERT INTO "destinationport" VALUES(6);
INSERT INTO "destinationport" VALUES(7);
INSERT INTO "destinationport" VALUES(8);
INSERT INTO "destinationport" VALUES(9);
INSERT INTO "destinationport" VALUES(10);
INSERT INTO "destinationport" VALUES(11);
INSERT INTO "destinationport" VALUES(12);
INSERT INTO "destinationport" VALUES(13);
INSERT INTO "destinationport" VALUES(14);
INSERT INTO "destinationport" VALUES(15);
INSERT INTO "destinationport" VALUES(16);
INSERT INTO "destinationport" VALUES(17);
INSERT INTO "destinationport" VALUES(18);
INSERT INTO "destinationport" VALUES(19);
INSERT INTO "destinationport" VALUES(20);
INSERT INTO "destinationport" VALUES(21);
INSERT INTO "destinationport" VALUES(22);
INSERT INTO "destinationport" VALUES(23);
INSERT INTO "destinationport" VALUES(24);
INSERT INTO "destinationport" VALUES(25);
INSERT INTO "destinationport" VALUES(26);
INSERT INTO "destinationport" VALUES(27);
INSERT INTO "destinationport" VALUES(28);
INSERT INTO "destinationport" VALUES(29);
INSERT INTO "destinationport" VALUES(30);
INSERT INTO "destinationport" VALUES(31);
INSERT INTO "destinationport" VALUES(32);
INSERT INTO "destinationport" VALUES(33);
INSERT INTO "destinationport" VALUES(34);
INSERT INTO "destinationport" VALUES(35);
INSERT INTO "destinationport" VALUES(36);
INSERT INTO "destinationport" VALUES(37);
INSERT INTO "destinationport" VALUES(38);
INSERT INTO "destinationport" VALUES(39);
INSERT INTO "destinationport" VALUES(40);
INSERT INTO "destinationport" VALUES(41);
INSERT INTO "destinationport" VALUES(42);
INSERT INTO "destinationport" VALUES(43);
INSERT INTO "destinationport" VALUES(44);
INSERT INTO "destinationport" VALUES(45);
INSERT INTO "destinationport" VALUES(46);
INSERT INTO "destinationport" VALUES(47);
INSERT INTO "destinationport" VALUES(48);
INSERT INTO "destinationport" VALUES(49);
INSERT INTO "destinationport" VALUES(50);
INSERT INTO "destinationport" VALUES(51);
INSERT INTO "destinationport" VALUES(52);
INSERT INTO "destinationport" VALUES(53);
INSERT INTO "destinationport" VALUES(54);
INSERT INTO "destinationport" VALUES(55);
INSERT INTO "destinationport" VALUES(56);
INSERT INTO "destinationport" VALUES(57);
INSERT INTO "destinationport" VALUES(58);
INSERT INTO "destinationport" VALUES(59);
INSERT INTO "destinationport" VALUES(60);
INSERT INTO "destinationport" VALUES(61);
INSERT INTO "destinationport" VALUES(62);
INSERT INTO "destinationport" VALUES(63);
INSERT INTO "destinationport" VALUES(64);
INSERT INTO "destinationport" VALUES(65);
INSERT INTO "destinationport" VALUES(66);
INSERT INTO "destinationport" VALUES(67);
INSERT INTO "destinationport" VALUES(68);
INSERT INTO "destinationport" VALUES(69);
INSERT INTO "destinationport" VALUES(70);
INSERT INTO "destinationport" VALUES(71);
INSERT INTO "destinationport" VALUES(72);
INSERT INTO "destinationport" VALUES(73);
INSERT INTO "destinationport" VALUES(74);
INSERT INTO "destinationport" VALUES(75);
INSERT INTO "destinationport" VALUES(76);
INSERT INTO "destinationport" VALUES(77);
INSERT INTO "destinationport" VALUES(78);
INSERT INTO "destinationport" VALUES(79);
INSERT INTO "destinationport" VALUES(80);
INSERT INTO "destinationport" VALUES(81);
INSERT INTO "destinationport" VALUES(82);
INSERT INTO "destinationport" VALUES(83);
INSERT INTO "destinationport" VALUES(84);
INSERT INTO "destinationport" VALUES(85);
INSERT INTO "destinationport" VALUES(86);
INSERT INTO "destinationport" VALUES(87);
INSERT INTO "destinationport" VALUES(88);
INSERT INTO "destinationport" VALUES(89);
INSERT INTO "destinationport" VALUES(90);
INSERT INTO "destinationport" VALUES(91);
INSERT INTO "destinationport" VALUES(92);
INSERT INTO "destinationport" VALUES(93);
INSERT INTO "destinationport" VALUES(94);
INSERT INTO "destinationport" VALUES(95);
INSERT INTO "destinationport" VALUES(96);
INSERT INTO "destinationport" VALUES(97);
INSERT INTO "destinationport" VALUES(98);
INSERT INTO "destinationport" VALUES(99);
INSERT INTO "destinationport" VALUES(100);
INSERT INTO "destinationport" VALUES(101);
INSERT INTO "destinationport" VALUES(102);
INSERT INTO "destinationport" VALUES(103);
INSERT INTO "destinationport" VALUES(104);
INSERT INTO "destinationport" VALUES(105);
INSERT INTO "destinationport" VALUES(106);
INSERT INTO "destinationport" VALUES(107);
INSERT INTO "destinationport" VALUES(108);
INSERT INTO "destinationport" VALUES(109);
INSERT INTO "destinationport" VALUES(110);
INSERT INTO "destinationport" VALUES(111);
INSERT INTO "destinationport" VALUES(112);
INSERT INTO "destinationport" VALUES(113);
INSERT INTO "destinationport" VALUES(114);
INSERT INTO "destinationport" VALUES(115);
INSERT INTO "destinationport" VALUES(116);
INSERT INTO "destinationport" VALUES(117);
INSERT INTO "destinationport" VALUES(118);
INSERT INTO "destinationport" VALUES(119);
INSERT INTO "destinationport" VALUES(120);
INSERT INTO "destinationport" VALUES(121);
INSERT INTO "destinationport" VALUES(122);
INSERT INTO "destinationport" VALUES(123);
INSERT INTO "destinationport" VALUES(124);
INSERT INTO "destinationport" VALUES(125);
INSERT INTO "destinationport" VALUES(126);
INSERT INTO "destinationport" VALUES(127);
INSERT INTO "destinationport" VALUES(128);
INSERT INTO "destinationport" VALUES(129);
INSERT INTO "destinationport" VALUES(130);
INSERT INTO "destinationport" VALUES(131);
INSERT INTO "destinationport" VALUES(132);
INSERT INTO "destinationport" VALUES(133);
INSERT INTO "destinationport" VALUES(134);
INSERT INTO "destinationport" VALUES(135);
INSERT INTO "destinationport" VALUES(136);
INSERT INTO "destinationport" VALUES(137);
INSERT INTO "destinationport" VALUES(138);
INSERT INTO "destinationport" VALUES(139);
INSERT INTO "destinationport" VALUES(140);
INSERT INTO "destinationport" VALUES(141);
INSERT INTO "destinationport" VALUES(142);
INSERT INTO "destinationport" VALUES(143);
INSERT INTO "destinationport" VALUES(144);
INSERT INTO "destinationport" VALUES(145);
INSERT INTO "destinationport" VALUES(146);
INSERT INTO "destinationport" VALUES(147);
INSERT INTO "destinationport" VALUES(148);
INSERT INTO "destinationport" VALUES(149);
INSERT INTO "destinationport" VALUES(150);
INSERT INTO "destinationport" VALUES(151);
INSERT INTO "destinationport" VALUES(152);
INSERT INTO "destinationport" VALUES(153);
INSERT INTO "destinationport" VALUES(154);
INSERT INTO "destinationport" VALUES(155);
INSERT INTO "destinationport" VALUES(156);
INSERT INTO "destinationport" VALUES(157);
INSERT INTO "destinationport" VALUES(158);
INSERT INTO "destinationport" VALUES(159);
INSERT INTO "destinationport" VALUES(160);
INSERT INTO "destinationport" VALUES(161);
INSERT INTO "destinationport" VALUES(162);
INSERT INTO "destinationport" VALUES(163);
INSERT INTO "destinationport" VALUES(164);
INSERT INTO "destinationport" VALUES(165);
INSERT INTO "destinationport" VALUES(166);
INSERT INTO "destinationport" VALUES(167);
INSERT INTO "destinationport" VALUES(168);
INSERT INTO "destinationport" VALUES(169);
INSERT INTO "destinationport" VALUES(170);
INSERT INTO "destinationport" VALUES(171);
INSERT INTO "destinationport" VALUES(172);
INSERT INTO "destinationport" VALUES(173);
INSERT INTO "destinationport" VALUES(174);
INSERT INTO "destinationport" VALUES(175);
INSERT INTO "destinationport" VALUES(176);
INSERT INTO "destinationport" VALUES(177);
INSERT INTO "destinationport" VALUES(178);
INSERT INTO "destinationport" VALUES(179);
INSERT INTO "destinationport" VALUES(180);
INSERT INTO "destinationport" VALUES(181);
INSERT INTO "destinationport" VALUES(182);
INSERT INTO "destinationport" VALUES(183);
INSERT INTO "destinationport" VALUES(184);
INSERT INTO "destinationport" VALUES(185);
INSERT INTO "destinationport" VALUES(186);
INSERT INTO "destinationport" VALUES(187);
INSERT INTO "destinationport" VALUES(188);
INSERT INTO "destinationport" VALUES(189);
INSERT INTO "destinationport" VALUES(190);
INSERT INTO "destinationport" VALUES(191);
INSERT INTO "destinationport" VALUES(192);
INSERT INTO "destinationport" VALUES(193);
INSERT INTO "destinationport" VALUES(194);
INSERT INTO "destinationport" VALUES(195);
INSERT INTO "destinationport" VALUES(196);
INSERT INTO "destinationport" VALUES(197);
INSERT INTO "destinationport" VALUES(198);
INSERT INTO "destinationport" VALUES(199);
INSERT INTO "destinationport" VALUES(200);
INSERT INTO "destinationport" VALUES(201);
INSERT INTO "destinationport" VALUES(202);
INSERT INTO "destinationport" VALUES(203);
INSERT INTO "destinationport" VALUES(204);
INSERT INTO "destinationport" VALUES(205);
INSERT INTO "destinationport" VALUES(206);
INSERT INTO "destinationport" VALUES(207);
INSERT INTO "destinationport" VALUES(208);
INSERT INTO "destinationport" VALUES(209);
INSERT INTO "destinationport" VALUES(210);
INSERT INTO "destinationport" VALUES(211);
INSERT INTO "destinationport" VALUES(212);
INSERT INTO "destinationport" VALUES(213);
INSERT INTO "destinationport" VALUES(214);
INSERT INTO "destinationport" VALUES(215);
INSERT INTO "destinationport" VALUES(216);
INSERT INTO "destinationport" VALUES(217);
INSERT INTO "destinationport" VALUES(218);
INSERT INTO "destinationport" VALUES(219);
INSERT INTO "destinationport" VALUES(220);
INSERT INTO "destinationport" VALUES(221);
INSERT INTO "destinationport" VALUES(222);
INSERT INTO "destinationport" VALUES(223);
INSERT INTO "destinationport" VALUES(224);
INSERT INTO "destinationport" VALUES(225);
INSERT INTO "destinationport" VALUES(226);
INSERT INTO "destinationport" VALUES(227);
INSERT INTO "destinationport" VALUES(228);
INSERT INTO "destinationport" VALUES(229);
INSERT INTO "destinationport" VALUES(230);
INSERT INTO "destinationport" VALUES(231);
INSERT INTO "destinationport" VALUES(232);
INSERT INTO "destinationport" VALUES(233);
INSERT INTO "destinationport" VALUES(234);
INSERT INTO "destinationport" VALUES(235);
INSERT INTO "destinationport" VALUES(236);
INSERT INTO "destinationport" VALUES(237);
INSERT INTO "destinationport" VALUES(238);
INSERT INTO "destinationport" VALUES(239);
INSERT INTO "destinationport" VALUES(240);
INSERT INTO "destinationport" VALUES(241);
INSERT INTO "destinationport" VALUES(242);
INSERT INTO "destinationport" VALUES(243);
INSERT INTO "destinationport" VALUES(244);
INSERT INTO "destinationport" VALUES(245);
INSERT INTO "destinationport" VALUES(246);
INSERT INTO "destinationport" VALUES(247);
INSERT INTO "destinationport" VALUES(248);
INSERT INTO "destinationport" VALUES(249);
INSERT INTO "destinationport" VALUES(250);
INSERT INTO "destinationport" VALUES(251);
INSERT INTO "destinationport" VALUES(252);
INSERT INTO "destinationport" VALUES(253);
INSERT INTO "destinationport" VALUES(254);
INSERT INTO "destinationport" VALUES(255);
INSERT INTO "destinationport" VALUES(256);
INSERT INTO "destinationport" VALUES(257);
INSERT INTO "destinationport" VALUES(258);
INSERT INTO "destinationport" VALUES(259);
INSERT INTO "destinationport" VALUES(260);
INSERT INTO "destinationport" VALUES(261);
INSERT INTO "destinationport" VALUES(262);
INSERT INTO "destinationport" VALUES(263);
INSERT INTO "destinationport" VALUES(264);
INSERT INTO "destinationport" VALUES(265);
INSERT INTO "destinationport" VALUES(266);
INSERT INTO "destinationport" VALUES(267);
INSERT INTO "destinationport" VALUES(268);
INSERT INTO "destinationport" VALUES(269);
INSERT INTO "destinationport" VALUES(270);
INSERT INTO "destinationport" VALUES(271);
INSERT INTO "destinationport" VALUES(272);
INSERT INTO "destinationport" VALUES(273);
INSERT INTO "destinationport" VALUES(274);
INSERT INTO "destinationport" VALUES(275);
INSERT INTO "destinationport" VALUES(276);
INSERT INTO "destinationport" VALUES(277);
INSERT INTO "destinationport" VALUES(278);
INSERT INTO "destinationport" VALUES(279);
INSERT INTO "destinationport" VALUES(280);
INSERT INTO "destinationport" VALUES(281);
INSERT INTO "destinationport" VALUES(282);
INSERT INTO "destinationport" VALUES(283);
INSERT INTO "destinationport" VALUES(284);
INSERT INTO "destinationport" VALUES(285);
INSERT INTO "destinationport" VALUES(286);
INSERT INTO "destinationport" VALUES(287);
INSERT INTO "destinationport" VALUES(288);
INSERT INTO "destinationport" VALUES(289);
INSERT INTO "destinationport" VALUES(290);
INSERT INTO "destinationport" VALUES(291);
INSERT INTO "destinationport" VALUES(292);
INSERT INTO "destinationport" VALUES(293);
INSERT INTO "destinationport" VALUES(294);
INSERT INTO "destinationport" VALUES(295);
INSERT INTO "destinationport" VALUES(296);
INSERT INTO "destinationport" VALUES(297);
INSERT INTO "destinationport" VALUES(298);
INSERT INTO "destinationport" VALUES(299);
INSERT INTO "destinationport" VALUES(300);
INSERT INTO "destinationport" VALUES(301);
INSERT INTO "destinationport" VALUES(302);
INSERT INTO "destinationport" VALUES(303);
INSERT INTO "destinationport" VALUES(304);
INSERT INTO "destinationport" VALUES(305);
INSERT INTO "destinationport" VALUES(306);
INSERT INTO "destinationport" VALUES(307);
INSERT INTO "destinationport" VALUES(308);
INSERT INTO "destinationport" VALUES(309);
INSERT INTO "destinationport" VALUES(310);
INSERT INTO "destinationport" VALUES(311);
INSERT INTO "destinationport" VALUES(312);
INSERT INTO "destinationport" VALUES(313);
INSERT INTO "destinationport" VALUES(314);
INSERT INTO "destinationport" VALUES(315);
INSERT INTO "destinationport" VALUES(316);
INSERT INTO "destinationport" VALUES(317);
INSERT INTO "destinationport" VALUES(318);
INSERT INTO "destinationport" VALUES(319);
INSERT INTO "destinationport" VALUES(320);
INSERT INTO "destinationport" VALUES(321);
INSERT INTO "destinationport" VALUES(322);
INSERT INTO "destinationport" VALUES(323);
INSERT INTO "destinationport" VALUES(324);
INSERT INTO "destinationport" VALUES(325);
INSERT INTO "destinationport" VALUES(326);
INSERT INTO "destinationport" VALUES(327);
INSERT INTO "destinationport" VALUES(328);
INSERT INTO "destinationport" VALUES(329);
INSERT INTO "destinationport" VALUES(330);
INSERT INTO "destinationport" VALUES(331);
INSERT INTO "destinationport" VALUES(332);
INSERT INTO "destinationport" VALUES(333);
INSERT INTO "destinationport" VALUES(334);
INSERT INTO "destinationport" VALUES(335);
INSERT INTO "destinationport" VALUES(336);
INSERT INTO "destinationport" VALUES(337);
INSERT INTO "destinationport" VALUES(338);
INSERT INTO "destinationport" VALUES(339);
INSERT INTO "destinationport" VALUES(340);
INSERT INTO "destinationport" VALUES(341);
INSERT INTO "destinationport" VALUES(342);
INSERT INTO "destinationport" VALUES(343);
INSERT INTO "destinationport" VALUES(344);
INSERT INTO "destinationport" VALUES(345);
INSERT INTO "destinationport" VALUES(346);
INSERT INTO "destinationport" VALUES(347);
INSERT INTO "destinationport" VALUES(348);
INSERT INTO "destinationport" VALUES(349);
INSERT INTO "destinationport" VALUES(350);
INSERT INTO "destinationport" VALUES(351);
INSERT INTO "destinationport" VALUES(352);
INSERT INTO "destinationport" VALUES(353);
INSERT INTO "destinationport" VALUES(354);
INSERT INTO "destinationport" VALUES(355);
INSERT INTO "destinationport" VALUES(356);
INSERT INTO "destinationport" VALUES(357);
INSERT INTO "destinationport" VALUES(358);
INSERT INTO "destinationport" VALUES(359);
INSERT INTO "destinationport" VALUES(360);
INSERT INTO "destinationport" VALUES(361);
INSERT INTO "destinationport" VALUES(362);
INSERT INTO "destinationport" VALUES(363);
INSERT INTO "destinationport" VALUES(364);
INSERT INTO "destinationport" VALUES(365);
INSERT INTO "destinationport" VALUES(366);
INSERT INTO "destinationport" VALUES(367);
INSERT INTO "destinationport" VALUES(368);
INSERT INTO "destinationport" VALUES(369);
INSERT INTO "destinationport" VALUES(370);
INSERT INTO "destinationport" VALUES(371);
INSERT INTO "destinationport" VALUES(372);
INSERT INTO "destinationport" VALUES(373);
INSERT INTO "destinationport" VALUES(374);
INSERT INTO "destinationport" VALUES(375);
INSERT INTO "destinationport" VALUES(376);
INSERT INTO "destinationport" VALUES(377);
INSERT INTO "destinationport" VALUES(378);
INSERT INTO "destinationport" VALUES(379);
INSERT INTO "destinationport" VALUES(380);
INSERT INTO "destinationport" VALUES(381);
INSERT INTO "destinationport" VALUES(382);
INSERT INTO "destinationport" VALUES(383);
INSERT INTO "destinationport" VALUES(384);
INSERT INTO "destinationport" VALUES(385);
INSERT INTO "destinationport" VALUES(386);
INSERT INTO "destinationport" VALUES(387);
INSERT INTO "destinationport" VALUES(388);
INSERT INTO "destinationport" VALUES(389);
INSERT INTO "destinationport" VALUES(390);
INSERT INTO "destinationport" VALUES(391);
INSERT INTO "destinationport" VALUES(392);
INSERT INTO "destinationport" VALUES(393);
INSERT INTO "destinationport" VALUES(394);
INSERT INTO "destinationport" VALUES(395);
INSERT INTO "destinationport" VALUES(396);
INSERT INTO "destinationport" VALUES(397);
INSERT INTO "destinationport" VALUES(398);
INSERT INTO "destinationport" VALUES(399);
INSERT INTO "destinationport" VALUES(400);
INSERT INTO "destinationport" VALUES(401);
INSERT INTO "destinationport" VALUES(402);
INSERT INTO "destinationport" VALUES(403);
INSERT INTO "destinationport" VALUES(404);
INSERT INTO "destinationport" VALUES(405);
INSERT INTO "destinationport" VALUES(406);
INSERT INTO "destinationport" VALUES(407);
INSERT INTO "destinationport" VALUES(408);
INSERT INTO "destinationport" VALUES(409);
INSERT INTO "destinationport" VALUES(410);
INSERT INTO "destinationport" VALUES(411);
INSERT INTO "destinationport" VALUES(412);
INSERT INTO "destinationport" VALUES(413);
INSERT INTO "destinationport" VALUES(414);
INSERT INTO "destinationport" VALUES(415);
INSERT INTO "destinationport" VALUES(416);
INSERT INTO "destinationport" VALUES(417);
INSERT INTO "destinationport" VALUES(418);
INSERT INTO "destinationport" VALUES(419);
INSERT INTO "destinationport" VALUES(420);
INSERT INTO "destinationport" VALUES(421);
INSERT INTO "destinationport" VALUES(422);
INSERT INTO "destinationport" VALUES(423);
INSERT INTO "destinationport" VALUES(424);
INSERT INTO "destinationport" VALUES(425);
INSERT INTO "destinationport" VALUES(426);
INSERT INTO "destinationport" VALUES(427);
INSERT INTO "destinationport" VALUES(428);
INSERT INTO "destinationport" VALUES(429);
INSERT INTO "destinationport" VALUES(430);
INSERT INTO "destinationport" VALUES(431);
INSERT INTO "destinationport" VALUES(432);
INSERT INTO "destinationport" VALUES(433);
INSERT INTO "destinationport" VALUES(434);
INSERT INTO "destinationport" VALUES(435);
INSERT INTO "destinationport" VALUES(436);
INSERT INTO "destinationport" VALUES(437);
INSERT INTO "destinationport" VALUES(438);
INSERT INTO "destinationport" VALUES(439);
INSERT INTO "destinationport" VALUES(440);
INSERT INTO "destinationport" VALUES(441);
INSERT INTO "destinationport" VALUES(442);
INSERT INTO "destinationport" VALUES(443);
INSERT INTO "destinationport" VALUES(444);
INSERT INTO "destinationport" VALUES(445);
INSERT INTO "destinationport" VALUES(446);
INSERT INTO "destinationport" VALUES(447);
INSERT INTO "destinationport" VALUES(448);
INSERT INTO "destinationport" VALUES(449);
INSERT INTO "destinationport" VALUES(450);
INSERT INTO "destinationport" VALUES(451);
INSERT INTO "destinationport" VALUES(452);
INSERT INTO "destinationport" VALUES(453);
INSERT INTO "destinationport" VALUES(454);
INSERT INTO "destinationport" VALUES(455);
INSERT INTO "destinationport" VALUES(456);
INSERT INTO "destinationport" VALUES(457);
INSERT INTO "destinationport" VALUES(458);
INSERT INTO "destinationport" VALUES(459);
INSERT INTO "destinationport" VALUES(460);
INSERT INTO "destinationport" VALUES(461);
INSERT INTO "destinationport" VALUES(462);
INSERT INTO "destinationport" VALUES(463);
INSERT INTO "destinationport" VALUES(464);
INSERT INTO "destinationport" VALUES(465);
INSERT INTO "destinationport" VALUES(466);
INSERT INTO "destinationport" VALUES(467);
INSERT INTO "destinationport" VALUES(468);
INSERT INTO "destinationport" VALUES(469);
INSERT INTO "destinationport" VALUES(470);
INSERT INTO "destinationport" VALUES(471);
INSERT INTO "destinationport" VALUES(472);
INSERT INTO "destinationport" VALUES(473);
INSERT INTO "destinationport" VALUES(474);
INSERT INTO "destinationport" VALUES(475);
INSERT INTO "destinationport" VALUES(476);
INSERT INTO "destinationport" VALUES(477);
INSERT INTO "destinationport" VALUES(478);
INSERT INTO "destinationport" VALUES(479);
INSERT INTO "destinationport" VALUES(480);
INSERT INTO "destinationport" VALUES(481);
INSERT INTO "destinationport" VALUES(482);
INSERT INTO "destinationport" VALUES(483);
INSERT INTO "destinationport" VALUES(484);
INSERT INTO "destinationport" VALUES(485);
INSERT INTO "destinationport" VALUES(486);
INSERT INTO "destinationport" VALUES(487);
INSERT INTO "destinationport" VALUES(488);
INSERT INTO "destinationport" VALUES(489);
INSERT INTO "destinationport" VALUES(490);
INSERT INTO "destinationport" VALUES(491);
INSERT INTO "destinationport" VALUES(492);
INSERT INTO "destinationport" VALUES(493);
INSERT INTO "destinationport" VALUES(494);
INSERT INTO "destinationport" VALUES(495);
INSERT INTO "destinationport" VALUES(496);
INSERT INTO "destinationport" VALUES(497);
INSERT INTO "destinationport" VALUES(498);
INSERT INTO "destinationport" VALUES(499);
INSERT INTO "destinationport" VALUES(500);
INSERT INTO "destinationport" VALUES(501);
INSERT INTO "destinationport" VALUES(502);
INSERT INTO "destinationport" VALUES(503);
INSERT INTO "destinationport" VALUES(504);
INSERT INTO "destinationport" VALUES(505);
INSERT INTO "destinationport" VALUES(506);
INSERT INTO "destinationport" VALUES(507);
INSERT INTO "destinationport" VALUES(508);
INSERT INTO "destinationport" VALUES(509);
INSERT INTO "destinationport" VALUES(510);
INSERT INTO "destinationport" VALUES(511);
INSERT INTO "destinationport" VALUES(512);
INSERT INTO "destinationport" VALUES(513);
INSERT INTO "destinationport" VALUES(514);
INSERT INTO "destinationport" VALUES(515);
INSERT INTO "destinationport" VALUES(516);
INSERT INTO "destinationport" VALUES(517);
INSERT INTO "destinationport" VALUES(518);
INSERT INTO "destinationport" VALUES(519);
INSERT INTO "destinationport" VALUES(520);
INSERT INTO "destinationport" VALUES(521);
INSERT INTO "destinationport" VALUES(522);
INSERT INTO "destinationport" VALUES(523);
INSERT INTO "destinationport" VALUES(524);
INSERT INTO "destinationport" VALUES(525);
INSERT INTO "destinationport" VALUES(526);
INSERT INTO "destinationport" VALUES(527);
INSERT INTO "destinationport" VALUES(528);
INSERT INTO "destinationport" VALUES(529);
INSERT INTO "destinationport" VALUES(530);
INSERT INTO "destinationport" VALUES(531);
INSERT INTO "destinationport" VALUES(532);
INSERT INTO "destinationport" VALUES(533);
INSERT INTO "destinationport" VALUES(534);
INSERT INTO "destinationport" VALUES(535);
INSERT INTO "destinationport" VALUES(536);
INSERT INTO "destinationport" VALUES(537);
INSERT INTO "destinationport" VALUES(538);
INSERT INTO "destinationport" VALUES(539);
INSERT INTO "destinationport" VALUES(540);
INSERT INTO "destinationport" VALUES(541);
INSERT INTO "destinationport" VALUES(542);
INSERT INTO "destinationport" VALUES(543);
INSERT INTO "destinationport" VALUES(544);
INSERT INTO "destinationport" VALUES(545);
INSERT INTO "destinationport" VALUES(546);
INSERT INTO "destinationport" VALUES(547);
INSERT INTO "destinationport" VALUES(548);
INSERT INTO "destinationport" VALUES(549);
INSERT INTO "destinationport" VALUES(550);
INSERT INTO "destinationport" VALUES(551);
INSERT INTO "destinationport" VALUES(552);
INSERT INTO "destinationport" VALUES(553);
INSERT INTO "destinationport" VALUES(554);
INSERT INTO "destinationport" VALUES(555);
INSERT INTO "destinationport" VALUES(556);
INSERT INTO "destinationport" VALUES(557);
INSERT INTO "destinationport" VALUES(558);
INSERT INTO "destinationport" VALUES(559);
INSERT INTO "destinationport" VALUES(560);
INSERT INTO "destinationport" VALUES(561);
INSERT INTO "destinationport" VALUES(562);
INSERT INTO "destinationport" VALUES(563);
INSERT INTO "destinationport" VALUES(564);
INSERT INTO "destinationport" VALUES(565);
INSERT INTO "destinationport" VALUES(566);
INSERT INTO "destinationport" VALUES(567);
INSERT INTO "destinationport" VALUES(568);
INSERT INTO "destinationport" VALUES(569);
INSERT INTO "destinationport" VALUES(570);
INSERT INTO "destinationport" VALUES(571);
INSERT INTO "destinationport" VALUES(572);
INSERT INTO "destinationport" VALUES(573);
INSERT INTO "destinationport" VALUES(574);
INSERT INTO "destinationport" VALUES(575);
INSERT INTO "destinationport" VALUES(576);
INSERT INTO "destinationport" VALUES(577);
INSERT INTO "destinationport" VALUES(578);
INSERT INTO "destinationport" VALUES(579);
INSERT INTO "destinationport" VALUES(580);
INSERT INTO "destinationport" VALUES(581);
INSERT INTO "destinationport" VALUES(582);
INSERT INTO "destinationport" VALUES(583);
INSERT INTO "destinationport" VALUES(584);
INSERT INTO "destinationport" VALUES(585);
INSERT INTO "destinationport" VALUES(586);
INSERT INTO "destinationport" VALUES(587);
INSERT INTO "destinationport" VALUES(588);
INSERT INTO "destinationport" VALUES(589);
INSERT INTO "destinationport" VALUES(590);
INSERT INTO "destinationport" VALUES(591);
INSERT INTO "destinationport" VALUES(592);
INSERT INTO "destinationport" VALUES(593);
INSERT INTO "destinationport" VALUES(594);
INSERT INTO "destinationport" VALUES(595);
INSERT INTO "destinationport" VALUES(596);
INSERT INTO "destinationport" VALUES(597);
INSERT INTO "destinationport" VALUES(598);
INSERT INTO "destinationport" VALUES(599);
INSERT INTO "destinationport" VALUES(600);
INSERT INTO "destinationport" VALUES(601);
INSERT INTO "destinationport" VALUES(602);
INSERT INTO "destinationport" VALUES(603);
INSERT INTO "destinationport" VALUES(604);
INSERT INTO "destinationport" VALUES(605);
INSERT INTO "destinationport" VALUES(606);
INSERT INTO "destinationport" VALUES(607);
INSERT INTO "destinationport" VALUES(608);
INSERT INTO "destinationport" VALUES(609);
INSERT INTO "destinationport" VALUES(610);
INSERT INTO "destinationport" VALUES(611);
INSERT INTO "destinationport" VALUES(612);
INSERT INTO "destinationport" VALUES(613);
INSERT INTO "destinationport" VALUES(614);
INSERT INTO "destinationport" VALUES(615);
INSERT INTO "destinationport" VALUES(616);
INSERT INTO "destinationport" VALUES(617);
INSERT INTO "destinationport" VALUES(618);
INSERT INTO "destinationport" VALUES(619);
INSERT INTO "destinationport" VALUES(620);
INSERT INTO "destinationport" VALUES(621);
INSERT INTO "destinationport" VALUES(622);
INSERT INTO "destinationport" VALUES(623);
INSERT INTO "destinationport" VALUES(624);
INSERT INTO "destinationport" VALUES(625);
INSERT INTO "destinationport" VALUES(626);
INSERT INTO "destinationport" VALUES(627);
INSERT INTO "destinationport" VALUES(628);
INSERT INTO "destinationport" VALUES(629);
INSERT INTO "destinationport" VALUES(630);
INSERT INTO "destinationport" VALUES(631);
INSERT INTO "destinationport" VALUES(632);
INSERT INTO "destinationport" VALUES(633);
INSERT INTO "destinationport" VALUES(634);
INSERT INTO "destinationport" VALUES(635);
INSERT INTO "destinationport" VALUES(636);
INSERT INTO "destinationport" VALUES(637);
INSERT INTO "destinationport" VALUES(638);
INSERT INTO "destinationport" VALUES(639);
INSERT INTO "destinationport" VALUES(640);
INSERT INTO "destinationport" VALUES(641);
INSERT INTO "destinationport" VALUES(642);
INSERT INTO "destinationport" VALUES(643);
INSERT INTO "destinationport" VALUES(644);
INSERT INTO "destinationport" VALUES(645);
INSERT INTO "destinationport" VALUES(646);
INSERT INTO "destinationport" VALUES(647);
INSERT INTO "destinationport" VALUES(648);
INSERT INTO "destinationport" VALUES(649);
INSERT INTO "destinationport" VALUES(650);
INSERT INTO "destinationport" VALUES(651);
INSERT INTO "destinationport" VALUES(652);
INSERT INTO "destinationport" VALUES(653);
INSERT INTO "destinationport" VALUES(654);
INSERT INTO "destinationport" VALUES(655);
INSERT INTO "destinationport" VALUES(656);
INSERT INTO "destinationport" VALUES(657);
INSERT INTO "destinationport" VALUES(658);
INSERT INTO "destinationport" VALUES(659);
INSERT INTO "destinationport" VALUES(660);
INSERT INTO "destinationport" VALUES(661);
INSERT INTO "destinationport" VALUES(662);
INSERT INTO "destinationport" VALUES(663);
INSERT INTO "destinationport" VALUES(664);
INSERT INTO "destinationport" VALUES(665);
INSERT INTO "destinationport" VALUES(666);
INSERT INTO "destinationport" VALUES(667);
INSERT INTO "destinationport" VALUES(668);
INSERT INTO "destinationport" VALUES(669);
INSERT INTO "destinationport" VALUES(670);
INSERT INTO "destinationport" VALUES(671);
INSERT INTO "destinationport" VALUES(672);
INSERT INTO "destinationport" VALUES(673);
INSERT INTO "destinationport" VALUES(674);
INSERT INTO "destinationport" VALUES(675);
INSERT INTO "destinationport" VALUES(676);
INSERT INTO "destinationport" VALUES(677);
INSERT INTO "destinationport" VALUES(678);
INSERT INTO "destinationport" VALUES(679);
INSERT INTO "destinationport" VALUES(680);
INSERT INTO "destinationport" VALUES(681);
INSERT INTO "destinationport" VALUES(682);
INSERT INTO "destinationport" VALUES(683);
INSERT INTO "destinationport" VALUES(684);
INSERT INTO "destinationport" VALUES(685);
INSERT INTO "destinationport" VALUES(686);
INSERT INTO "destinationport" VALUES(687);
INSERT INTO "destinationport" VALUES(688);
INSERT INTO "destinationport" VALUES(689);
INSERT INTO "destinationport" VALUES(690);
INSERT INTO "destinationport" VALUES(691);
INSERT INTO "destinationport" VALUES(692);
INSERT INTO "destinationport" VALUES(693);
INSERT INTO "destinationport" VALUES(694);
INSERT INTO "destinationport" VALUES(695);
INSERT INTO "destinationport" VALUES(696);
INSERT INTO "destinationport" VALUES(697);
INSERT INTO "destinationport" VALUES(698);
INSERT INTO "destinationport" VALUES(699);
INSERT INTO "destinationport" VALUES(700);
INSERT INTO "destinationport" VALUES(701);
INSERT INTO "destinationport" VALUES(702);
INSERT INTO "destinationport" VALUES(703);
INSERT INTO "destinationport" VALUES(704);
INSERT INTO "destinationport" VALUES(705);
INSERT INTO "destinationport" VALUES(706);
INSERT INTO "destinationport" VALUES(707);
INSERT INTO "destinationport" VALUES(708);
INSERT INTO "destinationport" VALUES(709);
INSERT INTO "destinationport" VALUES(710);
INSERT INTO "destinationport" VALUES(711);
INSERT INTO "destinationport" VALUES(712);
INSERT INTO "destinationport" VALUES(713);
INSERT INTO "destinationport" VALUES(714);
INSERT INTO "destinationport" VALUES(715);
INSERT INTO "destinationport" VALUES(716);
INSERT INTO "destinationport" VALUES(717);
INSERT INTO "destinationport" VALUES(718);
INSERT INTO "destinationport" VALUES(719);
INSERT INTO "destinationport" VALUES(720);
INSERT INTO "destinationport" VALUES(721);
INSERT INTO "destinationport" VALUES(722);
INSERT INTO "destinationport" VALUES(723);
INSERT INTO "destinationport" VALUES(724);
INSERT INTO "destinationport" VALUES(725);
INSERT INTO "destinationport" VALUES(726);
INSERT INTO "destinationport" VALUES(727);
INSERT INTO "destinationport" VALUES(728);
INSERT INTO "destinationport" VALUES(729);
INSERT INTO "destinationport" VALUES(730);
INSERT INTO "destinationport" VALUES(731);
INSERT INTO "destinationport" VALUES(732);
INSERT INTO "destinationport" VALUES(733);
INSERT INTO "destinationport" VALUES(734);
INSERT INTO "destinationport" VALUES(735);
INSERT INTO "destinationport" VALUES(736);
INSERT INTO "destinationport" VALUES(737);
INSERT INTO "destinationport" VALUES(738);
INSERT INTO "destinationport" VALUES(739);
INSERT INTO "destinationport" VALUES(740);
INSERT INTO "destinationport" VALUES(741);
INSERT INTO "destinationport" VALUES(742);
INSERT INTO "destinationport" VALUES(743);
INSERT INTO "destinationport" VALUES(744);
INSERT INTO "destinationport" VALUES(745);
INSERT INTO "destinationport" VALUES(746);
INSERT INTO "destinationport" VALUES(747);
INSERT INTO "destinationport" VALUES(748);
INSERT INTO "destinationport" VALUES(749);
INSERT INTO "destinationport" VALUES(750);
INSERT INTO "destinationport" VALUES(751);
INSERT INTO "destinationport" VALUES(752);
INSERT INTO "destinationport" VALUES(753);
INSERT INTO "destinationport" VALUES(754);
INSERT INTO "destinationport" VALUES(755);
INSERT INTO "destinationport" VALUES(756);
INSERT INTO "destinationport" VALUES(757);
INSERT INTO "destinationport" VALUES(758);
INSERT INTO "destinationport" VALUES(759);
INSERT INTO "destinationport" VALUES(760);
INSERT INTO "destinationport" VALUES(761);
INSERT INTO "destinationport" VALUES(762);
INSERT INTO "destinationport" VALUES(763);
INSERT INTO "destinationport" VALUES(764);
INSERT INTO "destinationport" VALUES(765);
INSERT INTO "destinationport" VALUES(766);
INSERT INTO "destinationport" VALUES(767);
INSERT INTO "destinationport" VALUES(768);
INSERT INTO "destinationport" VALUES(769);
INSERT INTO "destinationport" VALUES(770);
INSERT INTO "destinationport" VALUES(771);
INSERT INTO "destinationport" VALUES(772);
INSERT INTO "destinationport" VALUES(773);
INSERT INTO "destinationport" VALUES(774);
INSERT INTO "destinationport" VALUES(775);
INSERT INTO "destinationport" VALUES(776);
INSERT INTO "destinationport" VALUES(777);
INSERT INTO "destinationport" VALUES(778);
INSERT INTO "destinationport" VALUES(779);
INSERT INTO "destinationport" VALUES(780);
INSERT INTO "destinationport" VALUES(781);
INSERT INTO "destinationport" VALUES(782);
INSERT INTO "destinationport" VALUES(783);
INSERT INTO "destinationport" VALUES(784);
INSERT INTO "destinationport" VALUES(785);
INSERT INTO "destinationport" VALUES(786);
INSERT INTO "destinationport" VALUES(787);
INSERT INTO "destinationport" VALUES(788);
INSERT INTO "destinationport" VALUES(789);
INSERT INTO "destinationport" VALUES(790);
INSERT INTO "destinationport" VALUES(791);
INSERT INTO "destinationport" VALUES(792);
INSERT INTO "destinationport" VALUES(793);
INSERT INTO "destinationport" VALUES(794);
INSERT INTO "destinationport" VALUES(795);
INSERT INTO "destinationport" VALUES(796);
INSERT INTO "destinationport" VALUES(797);
INSERT INTO "destinationport" VALUES(798);
INSERT INTO "destinationport" VALUES(799);
INSERT INTO "destinationport" VALUES(800);
INSERT INTO "destinationport" VALUES(801);
INSERT INTO "destinationport" VALUES(802);
INSERT INTO "destinationport" VALUES(803);
INSERT INTO "destinationport" VALUES(804);
INSERT INTO "destinationport" VALUES(805);
INSERT INTO "destinationport" VALUES(806);
INSERT INTO "destinationport" VALUES(807);
INSERT INTO "destinationport" VALUES(808);
INSERT INTO "destinationport" VALUES(809);
INSERT INTO "destinationport" VALUES(810);
INSERT INTO "destinationport" VALUES(811);
INSERT INTO "destinationport" VALUES(812);
INSERT INTO "destinationport" VALUES(813);
INSERT INTO "destinationport" VALUES(814);
INSERT INTO "destinationport" VALUES(815);
INSERT INTO "destinationport" VALUES(816);
INSERT INTO "destinationport" VALUES(817);
INSERT INTO "destinationport" VALUES(818);
INSERT INTO "destinationport" VALUES(819);
INSERT INTO "destinationport" VALUES(820);
INSERT INTO "destinationport" VALUES(821);
INSERT INTO "destinationport" VALUES(822);
INSERT INTO "destinationport" VALUES(823);
INSERT INTO "destinationport" VALUES(824);
INSERT INTO "destinationport" VALUES(825);
INSERT INTO "destinationport" VALUES(826);
INSERT INTO "destinationport" VALUES(827);
INSERT INTO "destinationport" VALUES(828);
INSERT INTO "destinationport" VALUES(829);
INSERT INTO "destinationport" VALUES(830);
INSERT INTO "destinationport" VALUES(831);
INSERT INTO "destinationport" VALUES(832);
INSERT INTO "destinationport" VALUES(833);
INSERT INTO "destinationport" VALUES(834);
INSERT INTO "destinationport" VALUES(835);
INSERT INTO "destinationport" VALUES(836);
INSERT INTO "destinationport" VALUES(837);
INSERT INTO "destinationport" VALUES(838);
INSERT INTO "destinationport" VALUES(839);
INSERT INTO "destinationport" VALUES(840);
INSERT INTO "destinationport" VALUES(841);
INSERT INTO "destinationport" VALUES(842);
INSERT INTO "destinationport" VALUES(843);
INSERT INTO "destinationport" VALUES(844);
INSERT INTO "destinationport" VALUES(845);
INSERT INTO "destinationport" VALUES(846);
INSERT INTO "destinationport" VALUES(847);
INSERT INTO "destinationport" VALUES(848);
INSERT INTO "destinationport" VALUES(849);
INSERT INTO "destinationport" VALUES(850);
INSERT INTO "destinationport" VALUES(851);
INSERT INTO "destinationport" VALUES(852);
INSERT INTO "destinationport" VALUES(853);
INSERT INTO "destinationport" VALUES(854);
INSERT INTO "destinationport" VALUES(855);
INSERT INTO "destinationport" VALUES(856);
INSERT INTO "destinationport" VALUES(857);
INSERT INTO "destinationport" VALUES(858);
INSERT INTO "destinationport" VALUES(859);
INSERT INTO "destinationport" VALUES(860);
INSERT INTO "destinationport" VALUES(861);
INSERT INTO "destinationport" VALUES(862);
INSERT INTO "destinationport" VALUES(863);
INSERT INTO "destinationport" VALUES(864);
INSERT INTO "destinationport" VALUES(865);
INSERT INTO "destinationport" VALUES(866);
INSERT INTO "destinationport" VALUES(867);
INSERT INTO "destinationport" VALUES(868);
INSERT INTO "destinationport" VALUES(869);
INSERT INTO "destinationport" VALUES(870);
INSERT INTO "destinationport" VALUES(871);
INSERT INTO "destinationport" VALUES(872);
INSERT INTO "destinationport" VALUES(873);
INSERT INTO "destinationport" VALUES(874);
INSERT INTO "destinationport" VALUES(875);
INSERT INTO "destinationport" VALUES(876);
INSERT INTO "destinationport" VALUES(877);
INSERT INTO "destinationport" VALUES(878);
INSERT INTO "destinationport" VALUES(879);
INSERT INTO "destinationport" VALUES(880);
INSERT INTO "destinationport" VALUES(881);
INSERT INTO "destinationport" VALUES(882);
INSERT INTO "destinationport" VALUES(883);
INSERT INTO "destinationport" VALUES(884);
INSERT INTO "destinationport" VALUES(885);
INSERT INTO "destinationport" VALUES(886);
INSERT INTO "destinationport" VALUES(887);
INSERT INTO "destinationport" VALUES(888);
INSERT INTO "destinationport" VALUES(889);
INSERT INTO "destinationport" VALUES(890);
INSERT INTO "destinationport" VALUES(891);
INSERT INTO "destinationport" VALUES(892);
INSERT INTO "destinationport" VALUES(893);
INSERT INTO "destinationport" VALUES(894);
INSERT INTO "destinationport" VALUES(895);
INSERT INTO "destinationport" VALUES(896);
INSERT INTO "destinationport" VALUES(897);
INSERT INTO "destinationport" VALUES(898);
INSERT INTO "destinationport" VALUES(899);
INSERT INTO "destinationport" VALUES(900);
INSERT INTO "destinationport" VALUES(901);
INSERT INTO "destinationport" VALUES(902);
INSERT INTO "destinationport" VALUES(903);
INSERT INTO "destinationport" VALUES(904);
INSERT INTO "destinationport" VALUES(905);
INSERT INTO "destinationport" VALUES(906);
INSERT INTO "destinationport" VALUES(907);
INSERT INTO "destinationport" VALUES(908);
INSERT INTO "destinationport" VALUES(909);
INSERT INTO "destinationport" VALUES(910);
INSERT INTO "destinationport" VALUES(911);
INSERT INTO "destinationport" VALUES(912);
INSERT INTO "destinationport" VALUES(913);
INSERT INTO "destinationport" VALUES(914);
INSERT INTO "destinationport" VALUES(915);
INSERT INTO "destinationport" VALUES(916);
INSERT INTO "destinationport" VALUES(917);
INSERT INTO "destinationport" VALUES(918);
INSERT INTO "destinationport" VALUES(919);
INSERT INTO "destinationport" VALUES(920);
INSERT INTO "destinationport" VALUES(921);
INSERT INTO "destinationport" VALUES(922);
INSERT INTO "destinationport" VALUES(923);
INSERT INTO "destinationport" VALUES(924);
INSERT INTO "destinationport" VALUES(925);
INSERT INTO "destinationport" VALUES(926);
INSERT INTO "destinationport" VALUES(927);
INSERT INTO "destinationport" VALUES(928);
INSERT INTO "destinationport" VALUES(929);
INSERT INTO "destinationport" VALUES(930);
INSERT INTO "destinationport" VALUES(931);
INSERT INTO "destinationport" VALUES(932);
INSERT INTO "destinationport" VALUES(933);
INSERT INTO "destinationport" VALUES(934);
INSERT INTO "destinationport" VALUES(935);
INSERT INTO "destinationport" VALUES(936);
INSERT INTO "destinationport" VALUES(937);
INSERT INTO "destinationport" VALUES(938);
INSERT INTO "destinationport" VALUES(939);
INSERT INTO "destinationport" VALUES(940);
INSERT INTO "destinationport" VALUES(941);
INSERT INTO "destinationport" VALUES(942);
INSERT INTO "destinationport" VALUES(943);
INSERT INTO "destinationport" VALUES(944);
INSERT INTO "destinationport" VALUES(945);
INSERT INTO "destinationport" VALUES(946);
INSERT INTO "destinationport" VALUES(947);
INSERT INTO "destinationport" VALUES(948);
INSERT INTO "destinationport" VALUES(949);
INSERT INTO "destinationport" VALUES(950);
INSERT INTO "destinationport" VALUES(951);
INSERT INTO "destinationport" VALUES(952);
INSERT INTO "destinationport" VALUES(953);
INSERT INTO "destinationport" VALUES(954);
INSERT INTO "destinationport" VALUES(955);
INSERT INTO "destinationport" VALUES(956);
INSERT INTO "destinationport" VALUES(957);
INSERT INTO "destinationport" VALUES(958);
INSERT INTO "destinationport" VALUES(959);
INSERT INTO "destinationport" VALUES(960);
INSERT INTO "destinationport" VALUES(961);
INSERT INTO "destinationport" VALUES(962);
INSERT INTO "destinationport" VALUES(963);
INSERT INTO "destinationport" VALUES(964);
INSERT INTO "destinationport" VALUES(965);
INSERT INTO "destinationport" VALUES(966);
INSERT INTO "destinationport" VALUES(967);
INSERT INTO "destinationport" VALUES(968);
INSERT INTO "destinationport" VALUES(969);
INSERT INTO "destinationport" VALUES(970);
INSERT INTO "destinationport" VALUES(971);
INSERT INTO "destinationport" VALUES(972);
INSERT INTO "destinationport" VALUES(973);
INSERT INTO "destinationport" VALUES(974);
INSERT INTO "destinationport" VALUES(975);
INSERT INTO "destinationport" VALUES(976);
INSERT INTO "destinationport" VALUES(977);
INSERT INTO "destinationport" VALUES(978);
INSERT INTO "destinationport" VALUES(979);
INSERT INTO "destinationport" VALUES(980);
INSERT INTO "destinationport" VALUES(981);
INSERT INTO "destinationport" VALUES(982);
INSERT INTO "destinationport" VALUES(983);
INSERT INTO "destinationport" VALUES(984);
INSERT INTO "destinationport" VALUES(985);
INSERT INTO "destinationport" VALUES(986);
INSERT INTO "destinationport" VALUES(987);
INSERT INTO "destinationport" VALUES(988);
INSERT INTO "destinationport" VALUES(989);
INSERT INTO "destinationport" VALUES(990);
INSERT INTO "destinationport" VALUES(991);
INSERT INTO "destinationport" VALUES(992);
INSERT INTO "destinationport" VALUES(993);
INSERT INTO "destinationport" VALUES(994);
INSERT INTO "destinationport" VALUES(995);
INSERT INTO "destinationport" VALUES(996);
INSERT INTO "destinationport" VALUES(997);
INSERT INTO "destinationport" VALUES(998);
INSERT INTO "destinationport" VALUES(999);
INSERT INTO "destinationport" VALUES(1000);
INSERT INTO "destinationport" VALUES(1001);
INSERT INTO "destinationport" VALUES(1002);
INSERT INTO "destinationport" VALUES(1003);
INSERT INTO "destinationport" VALUES(1004);
INSERT INTO "destinationport" VALUES(1005);
INSERT INTO "destinationport" VALUES(1006);
INSERT INTO "destinationport" VALUES(1007);
INSERT INTO "destinationport" VALUES(1008);
INSERT INTO "destinationport" VALUES(1009);
INSERT INTO "destinationport" VALUES(1010);
INSERT INTO "destinationport" VALUES(1011);
INSERT INTO "destinationport" VALUES(1012);
INSERT INTO "destinationport" VALUES(1013);
INSERT INTO "destinationport" VALUES(1014);
INSERT INTO "destinationport" VALUES(1015);
INSERT INTO "destinationport" VALUES(1016);
INSERT INTO "destinationport" VALUES(1017);
INSERT INTO "destinationport" VALUES(1018);
INSERT INTO "destinationport" VALUES(1019);
INSERT INTO "destinationport" VALUES(1020);
INSERT INTO "destinationport" VALUES(1021);
INSERT INTO "destinationport" VALUES(1022);
INSERT INTO "destinationport" VALUES(1023);
INSERT INTO "destinationport" VALUES(1024);
INSERT INTO "destinationport" VALUES(1025);
INSERT INTO "destinationport" VALUES(1026);
INSERT INTO "destinationport" VALUES(1027);
INSERT INTO "destinationport" VALUES(1028);
INSERT INTO "destinationport" VALUES(1029);
INSERT INTO "destinationport" VALUES(1030);
INSERT INTO "destinationport" VALUES(1031);
INSERT INTO "destinationport" VALUES(1032);
INSERT INTO "destinationport" VALUES(1033);
INSERT INTO "destinationport" VALUES(1034);
INSERT INTO "destinationport" VALUES(1035);
INSERT INTO "destinationport" VALUES(1036);
INSERT INTO "destinationport" VALUES(1037);
INSERT INTO "destinationport" VALUES(1038);
INSERT INTO "destinationport" VALUES(1039);
INSERT INTO "destinationport" VALUES(1040);
INSERT INTO "destinationport" VALUES(1041);
INSERT INTO "destinationport" VALUES(1042);
INSERT INTO "destinationport" VALUES(1043);
INSERT INTO "destinationport" VALUES(1044);
INSERT INTO "destinationport" VALUES(1045);
INSERT INTO "destinationport" VALUES(1046);
INSERT INTO "destinationport" VALUES(1047);
INSERT INTO "destinationport" VALUES(1048);
INSERT INTO "destinationport" VALUES(1049);
INSERT INTO "destinationport" VALUES(1050);
INSERT INTO "destinationport" VALUES(1051);
INSERT INTO "destinationport" VALUES(1052);
INSERT INTO "destinationport" VALUES(1053);
INSERT INTO "destinationport" VALUES(1054);
INSERT INTO "destinationport" VALUES(1055);
INSERT INTO "destinationport" VALUES(1056);
INSERT INTO "destinationport" VALUES(1057);
INSERT INTO "destinationport" VALUES(1058);
INSERT INTO "destinationport" VALUES(1059);
INSERT INTO "destinationport" VALUES(1060);
INSERT INTO "destinationport" VALUES(1061);
INSERT INTO "destinationport" VALUES(1062);
INSERT INTO "destinationport" VALUES(1063);
INSERT INTO "destinationport" VALUES(1064);
INSERT INTO "destinationport" VALUES(1065);
INSERT INTO "destinationport" VALUES(1066);
INSERT INTO "destinationport" VALUES(1067);
INSERT INTO "destinationport" VALUES(1068);
INSERT INTO "destinationport" VALUES(1069);
INSERT INTO "destinationport" VALUES(1070);
INSERT INTO "destinationport" VALUES(1071);
INSERT INTO "destinationport" VALUES(1072);
INSERT INTO "destinationport" VALUES(1073);
INSERT INTO "destinationport" VALUES(1074);
INSERT INTO "destinationport" VALUES(1075);
INSERT INTO "destinationport" VALUES(1076);
INSERT INTO "destinationport" VALUES(1077);
INSERT INTO "destinationport" VALUES(1078);
INSERT INTO "destinationport" VALUES(1079);
INSERT INTO "destinationport" VALUES(1080);
INSERT INTO "destinationport" VALUES(1081);
INSERT INTO "destinationport" VALUES(1082);
INSERT INTO "destinationport" VALUES(1083);
INSERT INTO "destinationport" VALUES(1084);
INSERT INTO "destinationport" VALUES(1085);
INSERT INTO "destinationport" VALUES(1086);
INSERT INTO "destinationport" VALUES(1087);
INSERT INTO "destinationport" VALUES(1088);
INSERT INTO "destinationport" VALUES(1089);
INSERT INTO "destinationport" VALUES(1090);
INSERT INTO "destinationport" VALUES(1091);
INSERT INTO "destinationport" VALUES(1092);
INSERT INTO "destinationport" VALUES(1093);
INSERT INTO "destinationport" VALUES(1094);
INSERT INTO "destinationport" VALUES(1095);
INSERT INTO "destinationport" VALUES(1096);
INSERT INTO "destinationport" VALUES(1097);
INSERT INTO "destinationport" VALUES(1098);
INSERT INTO "destinationport" VALUES(1099);
INSERT INTO "destinationport" VALUES(1100);
INSERT INTO "destinationport" VALUES(1101);
INSERT INTO "destinationport" VALUES(1102);
INSERT INTO "destinationport" VALUES(1103);
INSERT INTO "destinationport" VALUES(1104);
INSERT INTO "destinationport" VALUES(1105);
INSERT INTO "destinationport" VALUES(1106);
INSERT INTO "destinationport" VALUES(1107);
INSERT INTO "destinationport" VALUES(1108);
INSERT INTO "destinationport" VALUES(1109);
INSERT INTO "destinationport" VALUES(1110);
INSERT INTO "destinationport" VALUES(1111);
INSERT INTO "destinationport" VALUES(1112);
INSERT INTO "destinationport" VALUES(1113);
INSERT INTO "destinationport" VALUES(1114);
INSERT INTO "destinationport" VALUES(1115);
INSERT INTO "destinationport" VALUES(1116);
INSERT INTO "destinationport" VALUES(1117);
INSERT INTO "destinationport" VALUES(1118);
INSERT INTO "destinationport" VALUES(1119);
INSERT INTO "destinationport" VALUES(1120);
INSERT INTO "destinationport" VALUES(1121);
INSERT INTO "destinationport" VALUES(1122);
INSERT INTO "destinationport" VALUES(1123);
INSERT INTO "destinationport" VALUES(1124);
INSERT INTO "destinationport" VALUES(1125);
INSERT INTO "destinationport" VALUES(1126);
INSERT INTO "destinationport" VALUES(1127);
INSERT INTO "destinationport" VALUES(1128);
INSERT INTO "destinationport" VALUES(1129);
INSERT INTO "destinationport" VALUES(1130);
INSERT INTO "destinationport" VALUES(1131);
INSERT INTO "destinationport" VALUES(1132);
INSERT INTO "destinationport" VALUES(1133);
INSERT INTO "destinationport" VALUES(1134);
INSERT INTO "destinationport" VALUES(1135);
INSERT INTO "destinationport" VALUES(1136);
INSERT INTO "destinationport" VALUES(1137);
INSERT INTO "destinationport" VALUES(1138);
INSERT INTO "destinationport" VALUES(1139);
INSERT INTO "destinationport" VALUES(1140);
INSERT INTO "destinationport" VALUES(1141);
INSERT INTO "destinationport" VALUES(1142);
INSERT INTO "destinationport" VALUES(1143);
INSERT INTO "destinationport" VALUES(1144);
INSERT INTO "destinationport" VALUES(1145);
INSERT INTO "destinationport" VALUES(1146);
INSERT INTO "destinationport" VALUES(1147);
INSERT INTO "destinationport" VALUES(1148);
INSERT INTO "destinationport" VALUES(1149);
INSERT INTO "destinationport" VALUES(1150);
INSERT INTO "destinationport" VALUES(1151);
INSERT INTO "destinationport" VALUES(1152);
INSERT INTO "destinationport" VALUES(1153);
INSERT INTO "destinationport" VALUES(1154);
INSERT INTO "destinationport" VALUES(1155);
INSERT INTO "destinationport" VALUES(1156);
INSERT INTO "destinationport" VALUES(1157);
INSERT INTO "destinationport" VALUES(1158);
INSERT INTO "destinationport" VALUES(1159);
INSERT INTO "destinationport" VALUES(1160);
INSERT INTO "destinationport" VALUES(1161);
INSERT INTO "destinationport" VALUES(1162);
INSERT INTO "destinationport" VALUES(1163);
INSERT INTO "destinationport" VALUES(1164);
INSERT INTO "destinationport" VALUES(1165);
INSERT INTO "destinationport" VALUES(1166);
INSERT INTO "destinationport" VALUES(1167);
INSERT INTO "destinationport" VALUES(1168);
INSERT INTO "destinationport" VALUES(1169);
INSERT INTO "destinationport" VALUES(1170);
INSERT INTO "destinationport" VALUES(1171);
INSERT INTO "destinationport" VALUES(1172);
INSERT INTO "destinationport" VALUES(1173);
INSERT INTO "destinationport" VALUES(1174);
INSERT INTO "destinationport" VALUES(1175);
INSERT INTO "destinationport" VALUES(1176);
INSERT INTO "destinationport" VALUES(1177);
INSERT INTO "destinationport" VALUES(1178);
INSERT INTO "destinationport" VALUES(1179);
INSERT INTO "destinationport" VALUES(1180);
INSERT INTO "destinationport" VALUES(1181);
INSERT INTO "destinationport" VALUES(1182);
INSERT INTO "destinationport" VALUES(1183);
INSERT INTO "destinationport" VALUES(1184);
INSERT INTO "destinationport" VALUES(1185);
INSERT INTO "destinationport" VALUES(1186);
INSERT INTO "destinationport" VALUES(1187);
INSERT INTO "destinationport" VALUES(1188);
INSERT INTO "destinationport" VALUES(1189);
INSERT INTO "destinationport" VALUES(1190);
INSERT INTO "destinationport" VALUES(1191);
INSERT INTO "destinationport" VALUES(1192);
INSERT INTO "destinationport" VALUES(1193);
INSERT INTO "destinationport" VALUES(1194);
INSERT INTO "destinationport" VALUES(1195);
INSERT INTO "destinationport" VALUES(1196);
INSERT INTO "destinationport" VALUES(1197);
INSERT INTO "destinationport" VALUES(1198);
INSERT INTO "destinationport" VALUES(1199);
INSERT INTO "destinationport" VALUES(1200);
INSERT INTO "destinationport" VALUES(1201);
INSERT INTO "destinationport" VALUES(1202);
INSERT INTO "destinationport" VALUES(1203);
INSERT INTO "destinationport" VALUES(1204);
INSERT INTO "destinationport" VALUES(1205);
INSERT INTO "destinationport" VALUES(1206);
INSERT INTO "destinationport" VALUES(1207);
INSERT INTO "destinationport" VALUES(1208);
INSERT INTO "destinationport" VALUES(1209);
INSERT INTO "destinationport" VALUES(1210);
INSERT INTO "destinationport" VALUES(1211);
INSERT INTO "destinationport" VALUES(1212);
INSERT INTO "destinationport" VALUES(1213);
INSERT INTO "destinationport" VALUES(1214);
INSERT INTO "destinationport" VALUES(1215);
INSERT INTO "destinationport" VALUES(1216);
INSERT INTO "destinationport" VALUES(1217);
INSERT INTO "destinationport" VALUES(1218);
INSERT INTO "destinationport" VALUES(1219);
INSERT INTO "destinationport" VALUES(1220);
INSERT INTO "destinationport" VALUES(1221);
INSERT INTO "destinationport" VALUES(1222);
INSERT INTO "destinationport" VALUES(1223);
INSERT INTO "destinationport" VALUES(1224);
INSERT INTO "destinationport" VALUES(1225);
INSERT INTO "destinationport" VALUES(1226);
INSERT INTO "destinationport" VALUES(1227);
INSERT INTO "destinationport" VALUES(1228);
INSERT INTO "destinationport" VALUES(1229);
INSERT INTO "destinationport" VALUES(1230);
INSERT INTO "destinationport" VALUES(1231);
INSERT INTO "destinationport" VALUES(1232);
INSERT INTO "destinationport" VALUES(1233);
INSERT INTO "destinationport" VALUES(1234);
INSERT INTO "destinationport" VALUES(1235);
INSERT INTO "destinationport" VALUES(1236);
INSERT INTO "destinationport" VALUES(1237);
INSERT INTO "destinationport" VALUES(1238);
INSERT INTO "destinationport" VALUES(1239);
INSERT INTO "destinationport" VALUES(1240);
INSERT INTO "destinationport" VALUES(1241);
INSERT INTO "destinationport" VALUES(1242);
INSERT INTO "destinationport" VALUES(1243);
INSERT INTO "destinationport" VALUES(1244);
INSERT INTO "destinationport" VALUES(1245);
INSERT INTO "destinationport" VALUES(1246);
INSERT INTO "destinationport" VALUES(1247);
INSERT INTO "destinationport" VALUES(1248);
INSERT INTO "destinationport" VALUES(1249);
INSERT INTO "destinationport" VALUES(1250);
INSERT INTO "destinationport" VALUES(1251);
INSERT INTO "destinationport" VALUES(1252);
INSERT INTO "destinationport" VALUES(1253);
INSERT INTO "destinationport" VALUES(1254);
INSERT INTO "destinationport" VALUES(1255);
INSERT INTO "destinationport" VALUES(1256);
INSERT INTO "destinationport" VALUES(1257);
INSERT INTO "destinationport" VALUES(1258);
INSERT INTO "destinationport" VALUES(1259);
INSERT INTO "destinationport" VALUES(1260);
INSERT INTO "destinationport" VALUES(1261);
INSERT INTO "destinationport" VALUES(1262);
INSERT INTO "destinationport" VALUES(1263);
INSERT INTO "destinationport" VALUES(1264);
INSERT INTO "destinationport" VALUES(1265);
INSERT INTO "destinationport" VALUES(1266);
INSERT INTO "destinationport" VALUES(1267);
INSERT INTO "destinationport" VALUES(1268);
INSERT INTO "destinationport" VALUES(1269);
INSERT INTO "destinationport" VALUES(1270);
INSERT INTO "destinationport" VALUES(1271);
INSERT INTO "destinationport" VALUES(1272);
INSERT INTO "destinationport" VALUES(1273);
INSERT INTO "destinationport" VALUES(1274);
INSERT INTO "destinationport" VALUES(1275);
INSERT INTO "destinationport" VALUES(1276);
INSERT INTO "destinationport" VALUES(1277);
INSERT INTO "destinationport" VALUES(1278);
INSERT INTO "destinationport" VALUES(1279);
INSERT INTO "destinationport" VALUES(1280);
INSERT INTO "destinationport" VALUES(1281);
INSERT INTO "destinationport" VALUES(1282);
INSERT INTO "destinationport" VALUES(1283);
INSERT INTO "destinationport" VALUES(1284);
INSERT INTO "destinationport" VALUES(1285);
INSERT INTO "destinationport" VALUES(1286);
INSERT INTO "destinationport" VALUES(1287);
INSERT INTO "destinationport" VALUES(1288);
INSERT INTO "destinationport" VALUES(1289);
INSERT INTO "destinationport" VALUES(1290);
INSERT INTO "destinationport" VALUES(1291);
INSERT INTO "destinationport" VALUES(1292);
INSERT INTO "destinationport" VALUES(1293);
INSERT INTO "destinationport" VALUES(1294);
INSERT INTO "destinationport" VALUES(1295);
INSERT INTO "destinationport" VALUES(1296);
INSERT INTO "destinationport" VALUES(1297);
INSERT INTO "destinationport" VALUES(1298);
INSERT INTO "destinationport" VALUES(1299);
INSERT INTO "destinationport" VALUES(1300);
INSERT INTO "destinationport" VALUES(1301);
INSERT INTO "destinationport" VALUES(1302);
INSERT INTO "destinationport" VALUES(1303);
INSERT INTO "destinationport" VALUES(1304);
INSERT INTO "destinationport" VALUES(1305);
INSERT INTO "destinationport" VALUES(1306);
INSERT INTO "destinationport" VALUES(1307);
INSERT INTO "destinationport" VALUES(1308);
INSERT INTO "destinationport" VALUES(1309);
INSERT INTO "destinationport" VALUES(1310);
INSERT INTO "destinationport" VALUES(1311);
INSERT INTO "destinationport" VALUES(1312);
INSERT INTO "destinationport" VALUES(1313);
INSERT INTO "destinationport" VALUES(1314);
INSERT INTO "destinationport" VALUES(1315);
INSERT INTO "destinationport" VALUES(1316);
INSERT INTO "destinationport" VALUES(1317);
INSERT INTO "destinationport" VALUES(1318);
INSERT INTO "destinationport" VALUES(1319);
INSERT INTO "destinationport" VALUES(1320);
INSERT INTO "destinationport" VALUES(1321);
INSERT INTO "destinationport" VALUES(1322);
INSERT INTO "destinationport" VALUES(1323);
INSERT INTO "destinationport" VALUES(1324);
INSERT INTO "destinationport" VALUES(1325);
INSERT INTO "destinationport" VALUES(1326);
INSERT INTO "destinationport" VALUES(1327);
INSERT INTO "destinationport" VALUES(1328);
INSERT INTO "destinationport" VALUES(1329);
INSERT INTO "destinationport" VALUES(1330);
INSERT INTO "destinationport" VALUES(1331);
INSERT INTO "destinationport" VALUES(1332);
INSERT INTO "destinationport" VALUES(1333);
INSERT INTO "destinationport" VALUES(1334);
INSERT INTO "destinationport" VALUES(1335);
INSERT INTO "destinationport" VALUES(1336);
INSERT INTO "destinationport" VALUES(1337);
INSERT INTO "destinationport" VALUES(1338);
INSERT INTO "destinationport" VALUES(1339);
INSERT INTO "destinationport" VALUES(1340);
INSERT INTO "destinationport" VALUES(1341);
INSERT INTO "destinationport" VALUES(1342);
INSERT INTO "destinationport" VALUES(1343);
INSERT INTO "destinationport" VALUES(1344);
INSERT INTO "destinationport" VALUES(1345);
INSERT INTO "destinationport" VALUES(1346);
INSERT INTO "destinationport" VALUES(1347);
INSERT INTO "destinationport" VALUES(1348);
INSERT INTO "destinationport" VALUES(1349);
INSERT INTO "destinationport" VALUES(1350);
INSERT INTO "destinationport" VALUES(1351);
INSERT INTO "destinationport" VALUES(1352);
INSERT INTO "destinationport" VALUES(1353);
INSERT INTO "destinationport" VALUES(1354);
INSERT INTO "destinationport" VALUES(1355);
INSERT INTO "destinationport" VALUES(1356);
INSERT INTO "destinationport" VALUES(1357);
INSERT INTO "destinationport" VALUES(1358);
INSERT INTO "destinationport" VALUES(1359);
INSERT INTO "destinationport" VALUES(1360);
INSERT INTO "destinationport" VALUES(1361);
INSERT INTO "destinationport" VALUES(1362);
INSERT INTO "destinationport" VALUES(1363);
INSERT INTO "destinationport" VALUES(1364);
INSERT INTO "destinationport" VALUES(1365);
INSERT INTO "destinationport" VALUES(1366);
INSERT INTO "destinationport" VALUES(1367);
INSERT INTO "destinationport" VALUES(1368);
INSERT INTO "destinationport" VALUES(1369);
INSERT INTO "destinationport" VALUES(1370);
INSERT INTO "destinationport" VALUES(1371);
INSERT INTO "destinationport" VALUES(1372);
INSERT INTO "destinationport" VALUES(1373);
INSERT INTO "destinationport" VALUES(1374);
INSERT INTO "destinationport" VALUES(1375);
INSERT INTO "destinationport" VALUES(1376);
INSERT INTO "destinationport" VALUES(1377);
INSERT INTO "destinationport" VALUES(1378);
INSERT INTO "destinationport" VALUES(1379);
INSERT INTO "destinationport" VALUES(1380);
INSERT INTO "destinationport" VALUES(1381);
INSERT INTO "destinationport" VALUES(1382);
INSERT INTO "destinationport" VALUES(1383);
INSERT INTO "destinationport" VALUES(1384);
INSERT INTO "destinationport" VALUES(1385);
INSERT INTO "destinationport" VALUES(1386);
INSERT INTO "destinationport" VALUES(1387);
INSERT INTO "destinationport" VALUES(1388);
INSERT INTO "destinationport" VALUES(1389);
INSERT INTO "destinationport" VALUES(1390);
INSERT INTO "destinationport" VALUES(1391);
INSERT INTO "destinationport" VALUES(1392);
INSERT INTO "destinationport" VALUES(1393);
INSERT INTO "destinationport" VALUES(1394);
INSERT INTO "destinationport" VALUES(1395);
INSERT INTO "destinationport" VALUES(1396);
INSERT INTO "destinationport" VALUES(1397);
INSERT INTO "destinationport" VALUES(1398);
INSERT INTO "destinationport" VALUES(1399);
INSERT INTO "destinationport" VALUES(1400);
INSERT INTO "destinationport" VALUES(1401);
INSERT INTO "destinationport" VALUES(1402);
INSERT INTO "destinationport" VALUES(1403);
INSERT INTO "destinationport" VALUES(1404);
INSERT INTO "destinationport" VALUES(1405);
INSERT INTO "destinationport" VALUES(1406);
INSERT INTO "destinationport" VALUES(1407);
INSERT INTO "destinationport" VALUES(1408);
INSERT INTO "destinationport" VALUES(1409);
INSERT INTO "destinationport" VALUES(1410);
INSERT INTO "destinationport" VALUES(1411);
INSERT INTO "destinationport" VALUES(1412);
INSERT INTO "destinationport" VALUES(1413);
INSERT INTO "destinationport" VALUES(1414);
INSERT INTO "destinationport" VALUES(1415);
INSERT INTO "destinationport" VALUES(1416);
INSERT INTO "destinationport" VALUES(1417);
INSERT INTO "destinationport" VALUES(1418);
INSERT INTO "destinationport" VALUES(1419);
INSERT INTO "destinationport" VALUES(1420);
INSERT INTO "destinationport" VALUES(1421);

CREATE TABLE subnet (
    id INTEGER NOT NULL,
    address VARCHAR(51) NOT NULL,
    gateway VARCHAR(51) NOT NULL,
    dns_domain VARCHAR,
    reserved_addresses INTEGER,
    ip_type VARCHAR(1) NOT NULL,
    PRIMARY KEY (id),
    CONSTRAINT iptypes CHECK (ip_type IN ('4', '6'))
);
INSERT INTO "subnet" VALUES(1,'141.30.228.0/24','141.30.228.1','wh2.tu-dresden.de', 40, '4');
INSERT INTO "subnet" VALUES(2,'141.30.227.0/24','141.30.227.1','wh3.tu-dresden.de', 10, '4');
INSERT INTO "subnet" VALUES(3,'141.30.242.128/26','141.30.242.129','whunep.tu-dresden.de', 10, '4');
INSERT INTO "subnet" VALUES(4,'141.30.216.0/24','141.30.216.1','wh16.tu-dresden.de', 10, '4');
INSERT INTO "subnet" VALUES(5,'141.30.202.0/24','141.30.202.1','wh30.tu-dresden.de', 10, '4');
INSERT INTO "subnet" VALUES(6,'141.30.224.0/24','141.30.224.1','wh6.tu-dresden.de', 10, '4');
INSERT INTO "subnet" VALUES(7,'141.30.223.0/24','141.30.223.1','wh5.tu-dresden.de', 10, '4');
INSERT INTO "subnet" VALUES(8,'141.30.226.0/24','141.30.226.1','wh7.tu-dresden.de', 10, '4');
INSERT INTO "subnet" VALUES(9,'141.30.222.0/24','141.30.222.1','wh4.tu-dresden.de', 10, '4');
CREATE TABLE dormitory (
	id INTEGER NOT NULL, 
	number VARCHAR(3) NOT NULL, 
	short_name VARCHAR(5) NOT NULL, 
	street VARCHAR(20) NOT NULL, 
	PRIMARY KEY (id), 
	UNIQUE (number), 
	UNIQUE (short_name)
);
INSERT INTO "dormitory" VALUES(1,'5','Wu5','Wundtstrasse');
INSERT INTO "dormitory" VALUES(2,'41A','ZW41A','Zellescher Weg');
INSERT INTO "dormitory" VALUES(3,'41','ZW41','Zellescher Weg');
INSERT INTO "dormitory" VALUES(4,'41B','ZW41B','Zellescher Weg');
INSERT INTO "dormitory" VALUES(5,'41C','ZW41C','Zellescher Weg');
INSERT INTO "dormitory" VALUES(6,'41D','ZW41D','Zellescher Weg');
INSERT INTO "dormitory" VALUES(7,'9','Wu9','Wundtstrasse');
INSERT INTO "dormitory" VALUES(8,'7','Wu7','Wundtstrasse');
INSERT INTO "dormitory" VALUES(9,'3','Wu3','Wundtstrasse');
INSERT INTO "dormitory" VALUES(10,'11','Wu11','Wundtstrasse');
INSERT INTO "dormitory" VALUES(11,'1','Wu1','Wundtstrasse');
CREATE TABLE vlan (
	id INTEGER NOT NULL, 
	name VARCHAR(127) NOT NULL, 
	tag INTEGER NOT NULL, 
	PRIMARY KEY (id)
);
INSERT INTO "vlan" VALUES(1,'Wu5',15);
INSERT INTO "vlan" VALUES(2,'ZellescherWeg',41);
INSERT INTO "vlan" VALUES(3,'UNEPWeb',348);
INSERT INTO "vlan" VALUES(4,'ZellescherWeg',41);
INSERT INTO "vlan" VALUES(5,'Wu9',19);
INSERT INTO "vlan" VALUES(6,'Wu7',17);
INSERT INTO "vlan" VALUES(7,'Wu3',13);
INSERT INTO "vlan" VALUES(8,'Wu11',5);
INSERT INTO "vlan" VALUES(9,'Wu1',11);
CREATE TABLE association_dormitory_vlan (
	dormitory_id INTEGER, 
	vlan_id INTEGER, 
	FOREIGN KEY(dormitory_id) REFERENCES dormitory (id), 
	FOREIGN KEY(vlan_id) REFERENCES vlan (id)
);
INSERT INTO "association_dormitory_vlan" VALUES(9,7);
INSERT INTO "association_dormitory_vlan" VALUES(11,9);
INSERT INTO "association_dormitory_vlan" VALUES(10,8);
INSERT INTO "association_dormitory_vlan" VALUES(3,4);
INSERT INTO "association_dormitory_vlan" VALUES(2,4);
INSERT INTO "association_dormitory_vlan" VALUES(4,4);
INSERT INTO "association_dormitory_vlan" VALUES(5,4);
INSERT INTO "association_dormitory_vlan" VALUES(6,4);
INSERT INTO "association_dormitory_vlan" VALUES(3,2);
INSERT INTO "association_dormitory_vlan" VALUES(2,2);
INSERT INTO "association_dormitory_vlan" VALUES(4,2);
INSERT INTO "association_dormitory_vlan" VALUES(5,2);
INSERT INTO "association_dormitory_vlan" VALUES(6,2);
INSERT INTO "association_dormitory_vlan" VALUES(5,3);
INSERT INTO "association_dormitory_vlan" VALUES(8,6);
INSERT INTO "association_dormitory_vlan" VALUES(1,1);
INSERT INTO "association_dormitory_vlan" VALUES(7,5);
CREATE TABLE association_subnet_vlan (
	subnet_id INTEGER, 
	vlan_id INTEGER, 
	FOREIGN KEY(subnet_id) REFERENCES subnet (id), 
	FOREIGN KEY(vlan_id) REFERENCES vlan (id)
);
INSERT INTO "association_subnet_vlan" VALUES(9,9);
INSERT INTO "association_subnet_vlan" VALUES(1,1);
INSERT INTO "association_subnet_vlan" VALUES(2,2);
INSERT INTO "association_subnet_vlan" VALUES(3,3);
INSERT INTO "association_subnet_vlan" VALUES(4,4);
INSERT INTO "association_subnet_vlan" VALUES(6,6);
INSERT INTO "association_subnet_vlan" VALUES(8,8);
INSERT INTO "association_subnet_vlan" VALUES(5,5);
INSERT INTO "association_subnet_vlan" VALUES(7,7);
CREATE TABLE room (
	id INTEGER NOT NULL, 
	number VARCHAR(36) NOT NULL, 
	level INTEGER NOT NULL, 
	inhabitable BOOLEAN NOT NULL, 
	dormitory_id INTEGER NOT NULL, 
	PRIMARY KEY (id), 
	CHECK (inhabitable IN (0, 1)), 
	FOREIGN KEY(dormitory_id) REFERENCES dormitory (id)
);
CREATE TABLE ip (
    id INTEGER NOT NULL,
    address VARCHAR(51) NOT NULL,
    net_device_id INTEGER NOT NULL,
    subnet_id INTEGER NOT NULL,
    PRIMARY KEY (id),
    UNIQUE (address),
    FOREIGN KEY(net_device_id) REFERENCES netdevice (id),
    FOREIGN KEY(subnet_id) REFERENCES subnet (id)
);
INSERT INTO "room" VALUES(1,'1',0,1,1);
INSERT INTO "room" VALUES(2,'A001',0,1,2);
INSERT INTO "room" VALUES(3,'A008',0,1,3);
INSERT INTO "room" VALUES(4,'A008',0,1,3);
INSERT INTO "room" VALUES(5,'A009',0,1,3);
INSERT INTO "room" VALUES(6,'A009',0,1,3);
INSERT INTO "room" VALUES(7,'B008',0,1,3);
INSERT INTO "room" VALUES(8,'B009',0,1,3);
INSERT INTO "room" VALUES(9,'A101',1,1,3);
INSERT INTO "room" VALUES(10,'A102',1,1,3);
INSERT INTO "room" VALUES(11,'A103',1,1,3);
INSERT INTO "room" VALUES(12,'A104',1,1,3);
INSERT INTO "room" VALUES(13,'A105',1,1,3);
INSERT INTO "room" VALUES(14,'A106',1,1,3);
INSERT INTO "room" VALUES(15,'A107',1,1,3);
INSERT INTO "room" VALUES(16,'A107',1,1,3);
INSERT INTO "room" VALUES(17,'A108',1,1,3);
INSERT INTO "room" VALUES(18,'A109',1,1,3);
INSERT INTO "room" VALUES(19,'A110',1,1,3);
INSERT INTO "room" VALUES(20,'A111',1,1,3);
INSERT INTO "room" VALUES(21,'A112',1,1,3);
INSERT INTO "room" VALUES(22,'A113',1,1,3);
INSERT INTO "room" VALUES(23,'A114',1,1,3);
INSERT INTO "room" VALUES(24,'B101',1,1,3);
INSERT INTO "room" VALUES(25,'B102',1,1,3);
INSERT INTO "room" VALUES(26,'B103',1,1,3);
INSERT INTO "room" VALUES(27,'B104',1,1,3);
INSERT INTO "room" VALUES(28,'B104',1,1,3);
INSERT INTO "room" VALUES(29,'B105',1,1,3);
INSERT INTO "room" VALUES(30,'B106',1,1,3);
INSERT INTO "room" VALUES(31,'B107',1,1,3);
INSERT INTO "room" VALUES(32,'B108',1,1,3);
INSERT INTO "room" VALUES(33,'B109',1,1,3);
INSERT INTO "room" VALUES(34,'B110',1,1,3);
INSERT INTO "room" VALUES(35,'B111',1,1,3);
INSERT INTO "room" VALUES(36,'C101',1,1,3);
INSERT INTO "room" VALUES(37,'C102',1,1,3);
INSERT INTO "room" VALUES(38,'C103',1,1,3);
INSERT INTO "room" VALUES(39,'C104',1,1,3);
INSERT INTO "room" VALUES(40,'D101',1,1,3);
INSERT INTO "room" VALUES(41,'D102',1,1,3);
INSERT INTO "room" VALUES(42,'D103',1,1,3);
INSERT INTO "room" VALUES(43,'D104',1,1,3);
INSERT INTO "room" VALUES(44,'A201',2,1,3);
INSERT INTO "room" VALUES(45,'A202',2,1,3);
INSERT INTO "room" VALUES(46,'A203',2,1,3);
INSERT INTO "room" VALUES(47,'A204',2,1,3);
INSERT INTO "room" VALUES(48,'A205',2,1,3);
INSERT INTO "room" VALUES(49,'A206',2,1,3);
INSERT INTO "room" VALUES(50,'A207',2,1,3);
INSERT INTO "room" VALUES(51,'A207',2,1,3);
INSERT INTO "room" VALUES(52,'A208',2,1,3);
INSERT INTO "room" VALUES(53,'A209',2,1,3);
INSERT INTO "room" VALUES(54,'A210',2,1,3);
INSERT INTO "room" VALUES(55,'A211',2,1,3);
INSERT INTO "room" VALUES(56,'A212',2,1,3);
INSERT INTO "room" VALUES(57,'A213',2,1,3);
INSERT INTO "room" VALUES(58,'A214',2,1,3);
INSERT INTO "room" VALUES(59,'B201',2,1,3);
INSERT INTO "room" VALUES(60,'B202',2,1,3);
INSERT INTO "room" VALUES(61,'B203',2,1,3);
INSERT INTO "room" VALUES(62,'B204',2,1,3);
INSERT INTO "room" VALUES(63,'B204',2,1,3);
INSERT INTO "room" VALUES(64,'B205',2,1,3);
INSERT INTO "room" VALUES(65,'B206',2,1,3);
INSERT INTO "room" VALUES(66,'B207',2,1,3);
INSERT INTO "room" VALUES(67,'B208',2,1,3);
INSERT INTO "room" VALUES(68,'B209',2,1,3);
INSERT INTO "room" VALUES(69,'B210',2,1,3);
INSERT INTO "room" VALUES(70,'B211',2,1,3);
INSERT INTO "room" VALUES(71,'C201',2,1,3);
INSERT INTO "room" VALUES(72,'C202',2,1,3);
INSERT INTO "room" VALUES(73,'C203',2,1,3);
INSERT INTO "room" VALUES(74,'C204',2,1,3);
INSERT INTO "room" VALUES(75,'D201',2,1,3);
INSERT INTO "room" VALUES(76,'D202',2,1,3);
INSERT INTO "room" VALUES(77,'D203',2,1,3);
INSERT INTO "room" VALUES(78,'D204',2,1,3);
INSERT INTO "room" VALUES(79,'A301',3,1,3);
INSERT INTO "room" VALUES(80,'A302',3,1,3);
INSERT INTO "room" VALUES(81,'A303',3,1,3);
INSERT INTO "room" VALUES(82,'A304',3,1,3);
INSERT INTO "room" VALUES(83,'A305',3,1,3);
INSERT INTO "room" VALUES(84,'A306',3,1,3);
INSERT INTO "room" VALUES(85,'A307',3,1,3);
INSERT INTO "room" VALUES(86,'A308',3,1,3);
INSERT INTO "room" VALUES(87,'A309',3,1,3);
INSERT INTO "room" VALUES(88,'A310',3,1,3);
INSERT INTO "room" VALUES(89,'B301',3,1,3);
INSERT INTO "room" VALUES(90,'B302',3,1,3);
INSERT INTO "room" VALUES(91,'B303',3,1,3);
INSERT INTO "room" VALUES(92,'B304',3,1,3);
INSERT INTO "room" VALUES(93,'B305',3,1,3);
INSERT INTO "room" VALUES(94,'B306',3,1,3);
INSERT INTO "room" VALUES(95,'B307',3,1,3);
INSERT INTO "room" VALUES(96,'A002',0,1,4);
INSERT INTO "room" VALUES(97,'A002',0,1,4);
INSERT INTO "room" VALUES(98,'A003',0,1,4);
INSERT INTO "room" VALUES(99,'A003',0,1,4);
INSERT INTO "room" VALUES(100,'B001',0,1,4);
INSERT INTO "room" VALUES(101,'B002',0,1,4);
INSERT INTO "room" VALUES(102,'B002',0,1,4);
INSERT INTO "room" VALUES(103,'B003',0,1,4);
INSERT INTO "room" VALUES(104,'B003',0,1,4);
INSERT INTO "room" VALUES(105,'c001',0,1,4);
INSERT INTO "room" VALUES(106,'A101',1,1,4);
INSERT INTO "room" VALUES(107,'A101',1,1,4);
INSERT INTO "room" VALUES(108,'A102',1,1,4);
INSERT INTO "room" VALUES(109,'A103',1,1,4);
INSERT INTO "room" VALUES(110,'A104',1,1,4);
INSERT INTO "room" VALUES(111,'A105',1,1,4);
INSERT INTO "room" VALUES(112,'A105',1,1,4);
INSERT INTO "room" VALUES(113,'A106',1,1,4);
INSERT INTO "room" VALUES(114,'A106',1,1,4);
INSERT INTO "room" VALUES(115,'A107',1,1,4);
INSERT INTO "room" VALUES(116,'A108',1,1,4);
INSERT INTO "room" VALUES(117,'A109',1,1,4);
INSERT INTO "room" VALUES(118,'A110',1,1,4);
INSERT INTO "room" VALUES(119,'A111',1,1,4);
INSERT INTO "room" VALUES(120,'B101',1,1,4);
INSERT INTO "room" VALUES(121,'B101',1,1,4);
INSERT INTO "room" VALUES(122,'B102',1,1,4);
INSERT INTO "room" VALUES(123,'B103',1,1,4);
INSERT INTO "room" VALUES(124,'B104',1,1,4);
INSERT INTO "room" VALUES(125,'B105',1,1,4);
INSERT INTO "room" VALUES(126,'B105',1,1,4);
INSERT INTO "room" VALUES(127,'B106',1,1,4);
INSERT INTO "room" VALUES(128,'B106',1,1,4);
INSERT INTO "room" VALUES(129,'B107',1,1,4);
INSERT INTO "room" VALUES(130,'B108',1,1,4);
INSERT INTO "room" VALUES(131,'B109',1,1,4);
INSERT INTO "room" VALUES(132,'B110',1,1,4);
INSERT INTO "room" VALUES(133,'B111',1,1,4);
INSERT INTO "room" VALUES(134,'A201',2,1,4);
INSERT INTO "room" VALUES(135,'A201',2,1,4);
INSERT INTO "room" VALUES(136,'A202',2,1,4);
INSERT INTO "room" VALUES(137,'A203',2,1,4);
INSERT INTO "room" VALUES(138,'A204',2,1,4);
INSERT INTO "room" VALUES(139,'A205',2,1,4);
INSERT INTO "room" VALUES(140,'A205',2,1,4);
INSERT INTO "room" VALUES(141,'A206',2,1,4);
INSERT INTO "room" VALUES(142,'A206',2,1,4);
INSERT INTO "room" VALUES(143,'A207',2,1,4);
INSERT INTO "room" VALUES(144,'A208',2,1,4);
INSERT INTO "room" VALUES(145,'A209',2,1,4);
INSERT INTO "room" VALUES(146,'A210',2,1,4);
INSERT INTO "room" VALUES(147,'A211',2,1,4);
INSERT INTO "room" VALUES(148,'B201',2,1,4);
INSERT INTO "room" VALUES(149,'B201',2,1,4);
INSERT INTO "room" VALUES(150,'B202',2,1,4);
INSERT INTO "room" VALUES(151,'B203',2,1,4);
INSERT INTO "room" VALUES(152,'B204',2,1,4);
INSERT INTO "room" VALUES(153,'B205',2,1,4);
INSERT INTO "room" VALUES(154,'B205',2,1,4);
INSERT INTO "room" VALUES(155,'B206',2,1,4);
INSERT INTO "room" VALUES(156,'B206',2,1,4);
INSERT INTO "room" VALUES(157,'B207',2,1,4);
INSERT INTO "room" VALUES(158,'B208',2,1,4);
INSERT INTO "room" VALUES(159,'B209',2,1,4);
INSERT INTO "room" VALUES(160,'B210',2,1,4);
INSERT INTO "room" VALUES(161,'B211',2,1,4);
INSERT INTO "room" VALUES(162,'A301',3,1,4);
INSERT INTO "room" VALUES(163,'A302',3,1,4);
INSERT INTO "room" VALUES(164,'A303',3,1,4);
INSERT INTO "room" VALUES(165,'A304',3,1,4);
INSERT INTO "room" VALUES(166,'A305',3,1,4);
INSERT INTO "room" VALUES(167,'A306',3,1,4);
INSERT INTO "room" VALUES(168,'A307',3,1,4);
INSERT INTO "room" VALUES(169,'A308',3,1,4);
INSERT INTO "room" VALUES(170,'B301',3,1,4);
INSERT INTO "room" VALUES(171,'B302',3,1,4);
INSERT INTO "room" VALUES(172,'B302',3,1,4);
INSERT INTO "room" VALUES(173,'B303',3,1,4);
INSERT INTO "room" VALUES(174,'B303',3,1,4);
INSERT INTO "room" VALUES(175,'B304',3,1,4);
INSERT INTO "room" VALUES(176,'B304',3,1,4);
INSERT INTO "room" VALUES(177,'01 1',1,1,5);
INSERT INTO "room" VALUES(178,'02 1',1,1,5);
INSERT INTO "room" VALUES(179,'03 1',1,1,5);
INSERT INTO "room" VALUES(180,'04 1',1,1,5);
INSERT INTO "room" VALUES(181,'05 1',1,1,5);
INSERT INTO "room" VALUES(182,'12 1',1,1,5);
INSERT INTO "room" VALUES(183,'13 1',1,1,5);
INSERT INTO "room" VALUES(184,'14 1',1,1,5);
INSERT INTO "room" VALUES(185,'15 1',1,1,5);
INSERT INTO "room" VALUES(186,'16 1',1,1,5);
INSERT INTO "room" VALUES(187,'17 1',1,1,5);
INSERT INTO "room" VALUES(188,'18 1',1,1,5);
INSERT INTO "room" VALUES(189,'01 1',2,1,5);
INSERT INTO "room" VALUES(190,'02 1',2,1,5);
INSERT INTO "room" VALUES(191,'03 1',2,1,5);
INSERT INTO "room" VALUES(192,'04 1',2,1,5);
INSERT INTO "room" VALUES(193,'05 1',2,1,5);
INSERT INTO "room" VALUES(194,'06 1',2,1,5);
INSERT INTO "room" VALUES(195,'07 1',2,1,5);
INSERT INTO "room" VALUES(196,'08 1',2,1,5);
INSERT INTO "room" VALUES(197,'09 1',2,1,5);
INSERT INTO "room" VALUES(198,'10 1',2,1,5);
INSERT INTO "room" VALUES(199,'11 1',2,1,5);
INSERT INTO "room" VALUES(200,'12 1',2,1,5);
INSERT INTO "room" VALUES(201,'13 1',2,1,5);
INSERT INTO "room" VALUES(202,'14 1',2,1,5);
INSERT INTO "room" VALUES(203,'15 1',2,1,5);
INSERT INTO "room" VALUES(204,'16 1',2,1,5);
INSERT INTO "room" VALUES(205,'17 1',2,1,5);
INSERT INTO "room" VALUES(206,'18 1',2,1,5);
INSERT INTO "room" VALUES(207,'01 1',3,1,5);
INSERT INTO "room" VALUES(208,'02 1',3,1,5);
INSERT INTO "room" VALUES(209,'02 2',3,1,5);
INSERT INTO "room" VALUES(210,'02 3',3,1,5);
INSERT INTO "room" VALUES(211,'02 4',3,1,5);
INSERT INTO "room" VALUES(212,'03 1',3,1,5);
INSERT INTO "room" VALUES(213,'03 2',3,1,5);
INSERT INTO "room" VALUES(214,'03 3',3,1,5);
INSERT INTO "room" VALUES(215,'03 4',3,1,5);
INSERT INTO "room" VALUES(216,'03 5',3,1,5);
INSERT INTO "room" VALUES(217,'03 6',3,1,5);
INSERT INTO "room" VALUES(218,'03 7',3,1,5);
INSERT INTO "room" VALUES(219,'03 8',3,1,5);
INSERT INTO "room" VALUES(220,'01 1',1,1,6);
INSERT INTO "room" VALUES(221,'02 1',1,1,6);
INSERT INTO "room" VALUES(222,'03 1',1,1,6);
INSERT INTO "room" VALUES(223,'04 1',1,1,6);
INSERT INTO "room" VALUES(224,'05 1',1,1,6);
INSERT INTO "room" VALUES(225,'06 1',1,1,6);
INSERT INTO "room" VALUES(226,'07 1',1,1,6);
INSERT INTO "room" VALUES(227,'13 1',1,1,6);
INSERT INTO "room" VALUES(228,'01 1',2,1,6);
INSERT INTO "room" VALUES(229,'02 1',2,1,6);
INSERT INTO "room" VALUES(230,'03 1',2,1,6);
INSERT INTO "room" VALUES(231,'04 1',2,1,6);
INSERT INTO "room" VALUES(232,'05 1',2,1,6);
INSERT INTO "room" VALUES(233,'06 1',2,1,6);
INSERT INTO "room" VALUES(234,'07 1',2,1,6);
INSERT INTO "room" VALUES(235,'08 1',2,1,6);
INSERT INTO "room" VALUES(236,'09 1',2,1,6);
INSERT INTO "room" VALUES(237,'10 1',2,1,6);
INSERT INTO "room" VALUES(238,'11 1',2,1,6);
INSERT INTO "room" VALUES(239,'12 1',2,1,6);
INSERT INTO "room" VALUES(240,'13 1',2,1,6);
INSERT INTO "room" VALUES(241,'14 1',2,1,6);
INSERT INTO "room" VALUES(242,'15 1',2,1,6);
INSERT INTO "room" VALUES(243,'16 1',2,1,6);
INSERT INTO "room" VALUES(244,'17 1',2,1,6);
INSERT INTO "room" VALUES(245,'18 1',2,1,6);
INSERT INTO "room" VALUES(246,'01 1',3,1,6);
INSERT INTO "room" VALUES(247,'02 1',3,1,6);
INSERT INTO "room" VALUES(248,'02 2',3,1,6);
INSERT INTO "room" VALUES(249,'03 1',3,1,6);
INSERT INTO "room" VALUES(250,'03 2',3,1,6);
INSERT INTO "room" VALUES(251,'04 1',3,1,6);
INSERT INTO "room" VALUES(252,'04 2',3,1,6);
INSERT INTO "room" VALUES(253,'05 1',3,1,6);
INSERT INTO "room" VALUES(254,'05 2',3,1,6);
INSERT INTO "room" VALUES(255,'06 1',3,1,6);
INSERT INTO "room" VALUES(256,'06 2',3,1,6);
INSERT INTO "room" VALUES(257,'07 1',3,1,6);
INSERT INTO "room" VALUES(258,'07 2',3,1,6);
INSERT INTO "room" VALUES(259,'A001',0,1,2);
INSERT INTO "room" VALUES(260,'A002',0,1,2);
INSERT INTO "room" VALUES(261,'A002',0,1,2);
INSERT INTO "room" VALUES(262,'B001',0,1,2);
INSERT INTO "room" VALUES(263,'B001',0,1,2);
INSERT INTO "room" VALUES(264,'B002',0,1,2);
INSERT INTO "room" VALUES(265,'B002',0,1,2);
INSERT INTO "room" VALUES(266,'A101',1,1,2);
INSERT INTO "room" VALUES(267,'A102',1,1,2);
INSERT INTO "room" VALUES(268,'A102',1,1,2);
INSERT INTO "room" VALUES(269,'A103',1,1,2);
INSERT INTO "room" VALUES(270,'A104',1,1,2);
INSERT INTO "room" VALUES(271,'A104',1,1,2);
INSERT INTO "room" VALUES(272,'A105',1,1,2);
INSERT INTO "room" VALUES(273,'A106',1,1,2);
INSERT INTO "room" VALUES(274,'A107',1,1,2);
INSERT INTO "room" VALUES(275,'A108',1,1,2);
INSERT INTO "room" VALUES(276,'A109',1,1,2);
INSERT INTO "room" VALUES(277,'B101',1,1,2);
INSERT INTO "room" VALUES(278,'B102',1,1,2);
INSERT INTO "room" VALUES(279,'B102',1,1,2);
INSERT INTO "room" VALUES(280,'B103',1,1,2);
INSERT INTO "room" VALUES(281,'B104',1,1,2);
INSERT INTO "room" VALUES(282,'B104',1,1,2);
INSERT INTO "room" VALUES(283,'B105',1,1,2);
INSERT INTO "room" VALUES(284,'B106',1,1,2);
INSERT INTO "room" VALUES(285,'B107',1,1,2);
INSERT INTO "room" VALUES(286,'B108',1,1,2);
INSERT INTO "room" VALUES(287,'B109',1,1,2);
INSERT INTO "room" VALUES(288,'A201',2,1,2);
INSERT INTO "room" VALUES(289,'A202',2,1,2);
INSERT INTO "room" VALUES(290,'A202',2,1,2);
INSERT INTO "room" VALUES(291,'A203',2,1,2);
INSERT INTO "room" VALUES(292,'A204',2,1,2);
INSERT INTO "room" VALUES(293,'A204',2,1,2);
INSERT INTO "room" VALUES(294,'A205',2,1,2);
INSERT INTO "room" VALUES(295,'A206',2,1,2);
INSERT INTO "room" VALUES(296,'A207',2,1,2);
INSERT INTO "room" VALUES(297,'A208',2,1,2);
INSERT INTO "room" VALUES(298,'A209',2,1,2);
INSERT INTO "room" VALUES(299,'B201',2,1,2);
INSERT INTO "room" VALUES(300,'B202',2,1,2);
INSERT INTO "room" VALUES(301,'B202',2,1,2);
INSERT INTO "room" VALUES(302,'B203',2,1,2);
INSERT INTO "room" VALUES(303,'B204',2,1,2);
INSERT INTO "room" VALUES(304,'B204',2,1,2);
INSERT INTO "room" VALUES(305,'B205',2,1,2);
INSERT INTO "room" VALUES(306,'B206',2,1,2);
INSERT INTO "room" VALUES(307,'B207',2,1,2);
INSERT INTO "room" VALUES(308,'B208',2,1,2);
INSERT INTO "room" VALUES(309,'B209',2,1,2);
INSERT INTO "room" VALUES(310,'A301',3,1,2);
INSERT INTO "room" VALUES(311,'A302',3,1,2);
INSERT INTO "room" VALUES(312,'A303',3,1,2);
INSERT INTO "room" VALUES(313,'A304',3,1,2);
INSERT INTO "room" VALUES(314,'A305',3,1,2);
INSERT INTO "room" VALUES(315,'A306',3,1,2);
INSERT INTO "room" VALUES(316,'A307',3,1,2);
INSERT INTO "room" VALUES(317,'B301',3,1,2);
INSERT INTO "room" VALUES(318,'B302',3,1,2);
INSERT INTO "room" VALUES(319,'B303',3,1,2);
INSERT INTO "room" VALUES(320,'B304',3,1,2);
INSERT INTO "room" VALUES(321,'B305',3,1,2);
INSERT INTO "room" VALUES(322,'B306',3,1,2);
INSERT INTO "room" VALUES(323,'B307',3,1,2);
INSERT INTO "room" VALUES(324,'11',10,1,7);
INSERT INTO "room" VALUES(325,'11',1,1,7);
INSERT INTO "room" VALUES(326,'12',1,1,7);
INSERT INTO "room" VALUES(327,'21',1,1,7);
INSERT INTO "room" VALUES(328,'41',1,1,7);
INSERT INTO "room" VALUES(329,'61',1,1,7);
INSERT INTO "room" VALUES(330,'12',10,1,7);
INSERT INTO "room" VALUES(331,'21',10,1,7);
INSERT INTO "room" VALUES(332,'31',10,1,7);
INSERT INTO "room" VALUES(333,'32',10,1,7);
INSERT INTO "room" VALUES(334,'41',10,1,7);
INSERT INTO "room" VALUES(335,'42',10,1,7);
INSERT INTO "room" VALUES(336,'51',10,1,7);
INSERT INTO "room" VALUES(337,'52',10,1,7);
INSERT INTO "room" VALUES(338,'61',10,1,7);
INSERT INTO "room" VALUES(339,'62',10,1,7);
INSERT INTO "room" VALUES(340,'71',10,1,7);
INSERT INTO "room" VALUES(341,'81',10,1,7);
INSERT INTO "room" VALUES(342,'82',10,1,7);
INSERT INTO "room" VALUES(343,'11',11,1,7);
INSERT INTO "room" VALUES(344,'12',11,1,7);
INSERT INTO "room" VALUES(345,'21',11,1,7);
INSERT INTO "room" VALUES(346,'31',11,1,7);
INSERT INTO "room" VALUES(347,'32',11,1,7);
INSERT INTO "room" VALUES(348,'41',11,1,7);
INSERT INTO "room" VALUES(349,'42',11,1,7);
INSERT INTO "room" VALUES(350,'51',11,1,7);
INSERT INTO "room" VALUES(351,'52',11,1,7);
INSERT INTO "room" VALUES(352,'61',11,1,7);
INSERT INTO "room" VALUES(353,'62',11,1,7);
INSERT INTO "room" VALUES(354,'71',11,1,7);
INSERT INTO "room" VALUES(355,'81',11,1,7);
INSERT INTO "room" VALUES(356,'82',11,1,7);
INSERT INTO "room" VALUES(357,'11',12,1,7);
INSERT INTO "room" VALUES(358,'12',12,1,7);
INSERT INTO "room" VALUES(359,'21',12,1,7);
INSERT INTO "room" VALUES(360,'31',12,1,7);
INSERT INTO "room" VALUES(361,'32',12,1,7);
INSERT INTO "room" VALUES(362,'41',12,1,7);
INSERT INTO "room" VALUES(363,'42',12,1,7);
INSERT INTO "room" VALUES(364,'51',12,1,7);
INSERT INTO "room" VALUES(365,'52',12,1,7);
INSERT INTO "room" VALUES(366,'61',12,1,7);
INSERT INTO "room" VALUES(367,'62',12,1,7);
INSERT INTO "room" VALUES(368,'71',12,1,7);
INSERT INTO "room" VALUES(369,'81',12,1,7);
INSERT INTO "room" VALUES(370,'82',12,1,7);
INSERT INTO "room" VALUES(371,'11',13,1,7);
INSERT INTO "room" VALUES(372,'12',13,1,7);
INSERT INTO "room" VALUES(373,'21',13,1,7);
INSERT INTO "room" VALUES(374,'31',13,1,7);
INSERT INTO "room" VALUES(375,'32',13,1,7);
INSERT INTO "room" VALUES(376,'41',13,1,7);
INSERT INTO "room" VALUES(377,'42',13,1,7);
INSERT INTO "room" VALUES(378,'51',13,1,7);
INSERT INTO "room" VALUES(379,'52',13,1,7);
INSERT INTO "room" VALUES(380,'61',13,1,7);
INSERT INTO "room" VALUES(381,'62',13,1,7);
INSERT INTO "room" VALUES(382,'71',13,1,7);
INSERT INTO "room" VALUES(383,'81',13,1,7);
INSERT INTO "room" VALUES(384,'82',13,1,7);
INSERT INTO "room" VALUES(385,'11',14,1,7);
INSERT INTO "room" VALUES(386,'12',14,1,7);
INSERT INTO "room" VALUES(387,'21',14,1,7);
INSERT INTO "room" VALUES(388,'31',14,1,7);
INSERT INTO "room" VALUES(389,'32',14,1,7);
INSERT INTO "room" VALUES(390,'41',14,1,7);
INSERT INTO "room" VALUES(391,'42',14,1,7);
INSERT INTO "room" VALUES(392,'51',14,1,7);
INSERT INTO "room" VALUES(393,'61',14,1,7);
INSERT INTO "room" VALUES(394,'62',14,1,7);
INSERT INTO "room" VALUES(395,'71',14,1,7);
INSERT INTO "room" VALUES(396,'72',14,1,7);
INSERT INTO "room" VALUES(397,'81',14,1,7);
INSERT INTO "room" VALUES(398,'91',14,1,7);
INSERT INTO "room" VALUES(399,'92',14,1,7);
INSERT INTO "room" VALUES(400,'11',15,1,7);
INSERT INTO "room" VALUES(401,'12',15,1,7);
INSERT INTO "room" VALUES(402,'21',15,1,7);
INSERT INTO "room" VALUES(403,'31',15,1,7);
INSERT INTO "room" VALUES(404,'32',15,1,7);
INSERT INTO "room" VALUES(405,'41',15,1,7);
INSERT INTO "room" VALUES(406,'42',15,1,7);
INSERT INTO "room" VALUES(407,'51',15,1,7);
INSERT INTO "room" VALUES(408,'61',15,1,7);
INSERT INTO "room" VALUES(409,'62',15,1,7);
INSERT INTO "room" VALUES(410,'71',15,1,7);
INSERT INTO "room" VALUES(411,'72',15,1,7);
INSERT INTO "room" VALUES(412,'81',15,1,7);
INSERT INTO "room" VALUES(413,'91',15,1,7);
INSERT INTO "room" VALUES(414,'92',15,1,7);
INSERT INTO "room" VALUES(415,'11',2,1,7);
INSERT INTO "room" VALUES(416,'12',2,1,7);
INSERT INTO "room" VALUES(417,'21',2,1,7);
INSERT INTO "room" VALUES(418,'31',2,1,7);
INSERT INTO "room" VALUES(419,'32',2,1,7);
INSERT INTO "room" VALUES(420,'41',2,1,7);
INSERT INTO "room" VALUES(421,'42',2,1,7);
INSERT INTO "room" VALUES(422,'51',2,1,7);
INSERT INTO "room" VALUES(423,'61',2,1,7);
INSERT INTO "room" VALUES(424,'62',2,1,7);
INSERT INTO "room" VALUES(425,'71',2,1,7);
INSERT INTO "room" VALUES(426,'72',2,1,7);
INSERT INTO "room" VALUES(427,'81',2,1,7);
INSERT INTO "room" VALUES(428,'91',2,1,7);
INSERT INTO "room" VALUES(429,'92',2,1,7);
INSERT INTO "room" VALUES(430,'11',3,1,7);
INSERT INTO "room" VALUES(431,'12',3,1,7);
INSERT INTO "room" VALUES(432,'21',3,1,7);
INSERT INTO "room" VALUES(433,'31',3,1,7);
INSERT INTO "room" VALUES(434,'32',3,1,7);
INSERT INTO "room" VALUES(435,'41',3,1,7);
INSERT INTO "room" VALUES(436,'42',3,1,7);
INSERT INTO "room" VALUES(437,'51',3,1,7);
INSERT INTO "room" VALUES(438,'61',3,1,7);
INSERT INTO "room" VALUES(439,'62',3,1,7);
INSERT INTO "room" VALUES(440,'71',3,1,7);
INSERT INTO "room" VALUES(441,'72',3,1,7);
INSERT INTO "room" VALUES(442,'81',3,1,7);
INSERT INTO "room" VALUES(443,'91',3,1,7);
INSERT INTO "room" VALUES(444,'92',3,1,7);
INSERT INTO "room" VALUES(445,'11',4,1,7);
INSERT INTO "room" VALUES(446,'12',4,1,7);
INSERT INTO "room" VALUES(447,'21',4,1,7);
INSERT INTO "room" VALUES(448,'31',4,1,7);
INSERT INTO "room" VALUES(449,'32',4,1,7);
INSERT INTO "room" VALUES(450,'41',4,1,7);
INSERT INTO "room" VALUES(451,'42',4,1,7);
INSERT INTO "room" VALUES(452,'51',4,1,7);
INSERT INTO "room" VALUES(453,'61',4,1,7);
INSERT INTO "room" VALUES(454,'62',4,1,7);
INSERT INTO "room" VALUES(455,'71',4,1,7);
INSERT INTO "room" VALUES(456,'72',4,1,7);
INSERT INTO "room" VALUES(457,'81',4,1,7);
INSERT INTO "room" VALUES(458,'91',4,1,7);
INSERT INTO "room" VALUES(459,'92',4,1,7);
INSERT INTO "room" VALUES(460,'11',5,1,7);
INSERT INTO "room" VALUES(461,'12',5,1,7);
INSERT INTO "room" VALUES(462,'21',5,1,7);
INSERT INTO "room" VALUES(463,'31',5,1,7);
INSERT INTO "room" VALUES(464,'32',5,1,7);
INSERT INTO "room" VALUES(465,'41',5,1,7);
INSERT INTO "room" VALUES(466,'42',5,1,7);
INSERT INTO "room" VALUES(467,'51',5,1,7);
INSERT INTO "room" VALUES(468,'61',5,1,7);
INSERT INTO "room" VALUES(469,'62',5,1,7);
INSERT INTO "room" VALUES(470,'71',5,1,7);
INSERT INTO "room" VALUES(471,'72',5,1,7);
INSERT INTO "room" VALUES(472,'81',5,1,7);
INSERT INTO "room" VALUES(473,'91',5,1,7);
INSERT INTO "room" VALUES(474,'92',5,1,7);
INSERT INTO "room" VALUES(475,'11',6,1,7);
INSERT INTO "room" VALUES(476,'12',6,1,7);
INSERT INTO "room" VALUES(477,'21',6,1,7);
INSERT INTO "room" VALUES(478,'31',6,1,7);
INSERT INTO "room" VALUES(479,'32',6,1,7);
INSERT INTO "room" VALUES(480,'41',6,1,7);
INSERT INTO "room" VALUES(481,'42',6,1,7);
INSERT INTO "room" VALUES(482,'51',6,1,7);
INSERT INTO "room" VALUES(483,'61',6,1,7);
INSERT INTO "room" VALUES(484,'62',6,1,7);
INSERT INTO "room" VALUES(485,'71',6,1,7);
INSERT INTO "room" VALUES(486,'72',6,1,7);
INSERT INTO "room" VALUES(487,'81',6,1,7);
INSERT INTO "room" VALUES(488,'91',6,1,7);
INSERT INTO "room" VALUES(489,'92',6,1,7);
INSERT INTO "room" VALUES(490,'11',7,1,7);
INSERT INTO "room" VALUES(491,'12',7,1,7);
INSERT INTO "room" VALUES(492,'21',7,1,7);
INSERT INTO "room" VALUES(493,'31',7,1,7);
INSERT INTO "room" VALUES(494,'32',7,1,7);
INSERT INTO "room" VALUES(495,'41',7,1,7);
INSERT INTO "room" VALUES(496,'42',7,1,7);
INSERT INTO "room" VALUES(497,'51',7,1,7);
INSERT INTO "room" VALUES(498,'61',7,1,7);
INSERT INTO "room" VALUES(499,'62',7,1,7);
INSERT INTO "room" VALUES(500,'71',7,1,7);
INSERT INTO "room" VALUES(501,'72',7,1,7);
INSERT INTO "room" VALUES(502,'81',7,1,7);
INSERT INTO "room" VALUES(503,'91',7,1,7);
INSERT INTO "room" VALUES(504,'92',7,1,7);
INSERT INTO "room" VALUES(505,'11',8,1,7);
INSERT INTO "room" VALUES(506,'12',8,1,7);
INSERT INTO "room" VALUES(507,'21',8,1,7);
INSERT INTO "room" VALUES(508,'31',8,1,7);
INSERT INTO "room" VALUES(509,'32',8,1,7);
INSERT INTO "room" VALUES(510,'41',8,1,7);
INSERT INTO "room" VALUES(511,'42',8,1,7);
INSERT INTO "room" VALUES(512,'51',8,1,7);
INSERT INTO "room" VALUES(513,'61',8,1,7);
INSERT INTO "room" VALUES(514,'62',8,1,7);
INSERT INTO "room" VALUES(515,'71',8,1,7);
INSERT INTO "room" VALUES(516,'72',8,1,7);
INSERT INTO "room" VALUES(517,'81',8,1,7);
INSERT INTO "room" VALUES(518,'91',8,1,7);
INSERT INTO "room" VALUES(519,'92',8,1,7);
INSERT INTO "room" VALUES(520,'11',9,1,7);
INSERT INTO "room" VALUES(521,'12',9,1,7);
INSERT INTO "room" VALUES(522,'21',9,1,7);
INSERT INTO "room" VALUES(523,'31',9,1,7);
INSERT INTO "room" VALUES(524,'32',9,1,7);
INSERT INTO "room" VALUES(525,'41',9,1,7);
INSERT INTO "room" VALUES(526,'42',9,1,7);
INSERT INTO "room" VALUES(527,'51',9,1,7);
INSERT INTO "room" VALUES(528,'61',9,1,7);
INSERT INTO "room" VALUES(529,'62',9,1,7);
INSERT INTO "room" VALUES(530,'71',9,1,7);
INSERT INTO "room" VALUES(531,'72',9,1,7);
INSERT INTO "room" VALUES(532,'81',9,1,7);
INSERT INTO "room" VALUES(533,'91',9,1,7);
INSERT INTO "room" VALUES(534,'92',9,1,7);
INSERT INTO "room" VALUES(535,'01 1',11,1,8);
INSERT INTO "room" VALUES(536,'01 1',1,1,8);
INSERT INTO "room" VALUES(537,'01 2',1,1,8);
INSERT INTO "room" VALUES(538,'02 1',1,1,8);
INSERT INTO "room" VALUES(539,'02 2',1,1,8);
INSERT INTO "room" VALUES(540,'03 1',1,1,8);
INSERT INTO "room" VALUES(541,'04 1',1,1,8);
INSERT INTO "room" VALUES(542,'04 2',1,1,8);
INSERT INTO "room" VALUES(543,'05 1',1,1,8);
INSERT INTO "room" VALUES(544,'05 2',1,1,8);
INSERT INTO "room" VALUES(545,'06 1',1,1,8);
INSERT INTO "room" VALUES(546,'06 2',1,1,8);
INSERT INTO "room" VALUES(547,'08 1',1,1,8);
INSERT INTO "room" VALUES(548,'08 2',1,1,8);
INSERT INTO "room" VALUES(549,'08 3',1,1,8);
INSERT INTO "room" VALUES(550,'01 1',10,1,8);
INSERT INTO "room" VALUES(551,'02 1',10,1,8);
INSERT INTO "room" VALUES(552,'03 1',10,1,8);
INSERT INTO "room" VALUES(553,'03 2',10,1,8);
INSERT INTO "room" VALUES(554,'04 1',10,1,8);
INSERT INTO "room" VALUES(555,'05 1',10,1,8);
INSERT INTO "room" VALUES(556,'05 2',10,1,8);
INSERT INTO "room" VALUES(557,'06 1',10,1,8);
INSERT INTO "room" VALUES(558,'07 1',10,1,8);
INSERT INTO "room" VALUES(559,'07 2',10,1,8);
INSERT INTO "room" VALUES(560,'08 1',10,1,8);
INSERT INTO "room" VALUES(561,'09 1',10,1,8);
INSERT INTO "room" VALUES(562,'09 2',10,1,8);
INSERT INTO "room" VALUES(563,'10 1',10,1,8);
INSERT INTO "room" VALUES(564,'11 1',10,1,8);
INSERT INTO "room" VALUES(565,'02 1',11,1,8);
INSERT INTO "room" VALUES(566,'03 1',11,1,8);
INSERT INTO "room" VALUES(567,'03 2',11,1,8);
INSERT INTO "room" VALUES(568,'04 1',11,1,8);
INSERT INTO "room" VALUES(569,'05 1',11,1,8);
INSERT INTO "room" VALUES(570,'05 2',11,1,8);
INSERT INTO "room" VALUES(571,'06 1',11,1,8);
INSERT INTO "room" VALUES(572,'07 1',11,1,8);
INSERT INTO "room" VALUES(573,'07 2',11,1,8);
INSERT INTO "room" VALUES(574,'08 1',11,1,8);
INSERT INTO "room" VALUES(575,'09 1',11,1,8);
INSERT INTO "room" VALUES(576,'09 2',11,1,8);
INSERT INTO "room" VALUES(577,'10 1',11,1,8);
INSERT INTO "room" VALUES(578,'11 1',11,1,8);
INSERT INTO "room" VALUES(579,'01 1',12,1,8);
INSERT INTO "room" VALUES(580,'02 1',12,1,8);
INSERT INTO "room" VALUES(581,'03 1',12,1,8);
INSERT INTO "room" VALUES(582,'03 2',12,1,8);
INSERT INTO "room" VALUES(583,'04 1',12,1,8);
INSERT INTO "room" VALUES(584,'05 1',12,1,8);
INSERT INTO "room" VALUES(585,'05 2',12,1,8);
INSERT INTO "room" VALUES(586,'06 1',12,1,8);
INSERT INTO "room" VALUES(587,'07 1',12,1,8);
INSERT INTO "room" VALUES(588,'07 2',12,1,8);
INSERT INTO "room" VALUES(589,'08 1',12,1,8);
INSERT INTO "room" VALUES(590,'09 1',12,1,8);
INSERT INTO "room" VALUES(591,'09 2',12,1,8);
INSERT INTO "room" VALUES(592,'10 1',12,1,8);
INSERT INTO "room" VALUES(593,'11 1',12,1,8);
INSERT INTO "room" VALUES(594,'01 1',13,1,8);
INSERT INTO "room" VALUES(595,'02 1',13,1,8);
INSERT INTO "room" VALUES(596,'03 1',13,1,8);
INSERT INTO "room" VALUES(597,'03 2',13,1,8);
INSERT INTO "room" VALUES(598,'04 1',13,1,8);
INSERT INTO "room" VALUES(599,'05 1',13,1,8);
INSERT INTO "room" VALUES(600,'05 2',13,1,8);
INSERT INTO "room" VALUES(601,'06 1',13,1,8);
INSERT INTO "room" VALUES(602,'07 1',13,1,8);
INSERT INTO "room" VALUES(603,'07 2',13,1,8);
INSERT INTO "room" VALUES(604,'08 1',13,1,8);
INSERT INTO "room" VALUES(605,'09 1',13,1,8);
INSERT INTO "room" VALUES(606,'09 2',13,1,8);
INSERT INTO "room" VALUES(607,'10 1',13,1,8);
INSERT INTO "room" VALUES(608,'11 1',13,1,8);
INSERT INTO "room" VALUES(609,'01 1',14,1,8);
INSERT INTO "room" VALUES(610,'02 1',14,1,8);
INSERT INTO "room" VALUES(611,'03 1',14,1,8);
INSERT INTO "room" VALUES(612,'03 2',14,1,8);
INSERT INTO "room" VALUES(613,'04 1',14,1,8);
INSERT INTO "room" VALUES(614,'05 1',14,1,8);
INSERT INTO "room" VALUES(615,'05 2',14,1,8);
INSERT INTO "room" VALUES(616,'06 1',14,1,8);
INSERT INTO "room" VALUES(617,'07 1',14,1,8);
INSERT INTO "room" VALUES(618,'07 2',14,1,8);
INSERT INTO "room" VALUES(619,'08 1',14,1,8);
INSERT INTO "room" VALUES(620,'09 1',14,1,8);
INSERT INTO "room" VALUES(621,'09 2',14,1,8);
INSERT INTO "room" VALUES(622,'10 1',14,1,8);
INSERT INTO "room" VALUES(623,'11 1',14,1,8);
INSERT INTO "room" VALUES(624,'01 1',15,1,8);
INSERT INTO "room" VALUES(625,'02 1',15,1,8);
INSERT INTO "room" VALUES(626,'03 1',15,1,8);
INSERT INTO "room" VALUES(627,'03 2',15,1,8);
INSERT INTO "room" VALUES(628,'04 1',15,1,8);
INSERT INTO "room" VALUES(629,'05 1',15,1,8);
INSERT INTO "room" VALUES(630,'05 2',15,1,8);
INSERT INTO "room" VALUES(631,'06 1',15,1,8);
INSERT INTO "room" VALUES(632,'07 1',15,1,8);
INSERT INTO "room" VALUES(633,'07 2',15,1,8);
INSERT INTO "room" VALUES(634,'08 1',15,1,8);
INSERT INTO "room" VALUES(635,'09 1',15,1,8);
INSERT INTO "room" VALUES(636,'09 2',15,1,8);
INSERT INTO "room" VALUES(637,'10 1',15,1,8);
INSERT INTO "room" VALUES(638,'11 1',15,1,8);
INSERT INTO "room" VALUES(639,'01 1',2,1,8);
INSERT INTO "room" VALUES(640,'02 1',2,1,8);
INSERT INTO "room" VALUES(641,'03 1',2,1,8);
INSERT INTO "room" VALUES(642,'03 2',2,1,8);
INSERT INTO "room" VALUES(643,'04 1',2,1,8);
INSERT INTO "room" VALUES(644,'05 1',2,1,8);
INSERT INTO "room" VALUES(645,'05 2',2,1,8);
INSERT INTO "room" VALUES(646,'06 1',2,1,8);
INSERT INTO "room" VALUES(647,'07 1',2,1,8);
INSERT INTO "room" VALUES(648,'07 2',2,1,8);
INSERT INTO "room" VALUES(649,'08 1',2,1,8);
INSERT INTO "room" VALUES(650,'09 1',2,1,8);
INSERT INTO "room" VALUES(651,'09 2',2,1,8);
INSERT INTO "room" VALUES(652,'10 1',2,1,8);
INSERT INTO "room" VALUES(653,'11 1',2,1,8);
INSERT INTO "room" VALUES(654,'01 1',3,1,8);
INSERT INTO "room" VALUES(655,'02 1',3,1,8);
INSERT INTO "room" VALUES(656,'03 1',3,1,8);
INSERT INTO "room" VALUES(657,'03 2',3,1,8);
INSERT INTO "room" VALUES(658,'04 1',3,1,8);
INSERT INTO "room" VALUES(659,'05 1',3,1,8);
INSERT INTO "room" VALUES(660,'05 2',3,1,8);
INSERT INTO "room" VALUES(661,'06 1',3,1,8);
INSERT INTO "room" VALUES(662,'07 1',3,1,8);
INSERT INTO "room" VALUES(663,'07 2',3,1,8);
INSERT INTO "room" VALUES(664,'08 1',3,1,8);
INSERT INTO "room" VALUES(665,'09 1',3,1,8);
INSERT INTO "room" VALUES(666,'09 2',3,1,8);
INSERT INTO "room" VALUES(667,'10 1',3,1,8);
INSERT INTO "room" VALUES(668,'11 1',3,1,8);
INSERT INTO "room" VALUES(669,'01 1',4,1,8);
INSERT INTO "room" VALUES(670,'02 1',4,1,8);
INSERT INTO "room" VALUES(671,'03 1',4,1,8);
INSERT INTO "room" VALUES(672,'03 2',4,1,8);
INSERT INTO "room" VALUES(673,'04 1',4,1,8);
INSERT INTO "room" VALUES(674,'05 1',4,1,8);
INSERT INTO "room" VALUES(675,'05 2',4,1,8);
INSERT INTO "room" VALUES(676,'06 1',4,1,8);
INSERT INTO "room" VALUES(677,'07 1',4,1,8);
INSERT INTO "room" VALUES(678,'07 2',4,1,8);
INSERT INTO "room" VALUES(679,'08 1',4,1,8);
INSERT INTO "room" VALUES(680,'09 1',4,1,8);
INSERT INTO "room" VALUES(681,'09 2',4,1,8);
INSERT INTO "room" VALUES(682,'10 1',4,1,8);
INSERT INTO "room" VALUES(683,'11 1',4,1,8);
INSERT INTO "room" VALUES(684,'01 1',5,1,8);
INSERT INTO "room" VALUES(685,'02 1',5,1,8);
INSERT INTO "room" VALUES(686,'03 1',5,1,8);
INSERT INTO "room" VALUES(687,'03 2',5,1,8);
INSERT INTO "room" VALUES(688,'04 1',5,1,8);
INSERT INTO "room" VALUES(689,'05 1',5,1,8);
INSERT INTO "room" VALUES(690,'05 2',5,1,8);
INSERT INTO "room" VALUES(691,'06 1',5,1,8);
INSERT INTO "room" VALUES(692,'07 1',5,1,8);
INSERT INTO "room" VALUES(693,'07 2',5,1,8);
INSERT INTO "room" VALUES(694,'08 1',5,1,8);
INSERT INTO "room" VALUES(695,'09 1',5,1,8);
INSERT INTO "room" VALUES(696,'09 2',5,1,8);
INSERT INTO "room" VALUES(697,'10 1',5,1,8);
INSERT INTO "room" VALUES(698,'11 1',5,1,8);
INSERT INTO "room" VALUES(699,'01 1',6,1,8);
INSERT INTO "room" VALUES(700,'02 1',6,1,8);
INSERT INTO "room" VALUES(701,'03 1',6,1,8);
INSERT INTO "room" VALUES(702,'03 2',6,1,8);
INSERT INTO "room" VALUES(703,'04 1',6,1,8);
INSERT INTO "room" VALUES(704,'05 1',6,1,8);
INSERT INTO "room" VALUES(705,'05 2',6,1,8);
INSERT INTO "room" VALUES(706,'06 1',6,1,8);
INSERT INTO "room" VALUES(707,'07 1',6,1,8);
INSERT INTO "room" VALUES(708,'07 2',6,1,8);
INSERT INTO "room" VALUES(709,'08 1',6,1,8);
INSERT INTO "room" VALUES(710,'09 1',6,1,8);
INSERT INTO "room" VALUES(711,'09 2',6,1,8);
INSERT INTO "room" VALUES(712,'10 1',6,1,8);
INSERT INTO "room" VALUES(713,'11 1',6,1,8);
INSERT INTO "room" VALUES(714,'01 1',7,1,8);
INSERT INTO "room" VALUES(715,'02 1',7,1,8);
INSERT INTO "room" VALUES(716,'03 1',7,1,8);
INSERT INTO "room" VALUES(717,'03 2',7,1,8);
INSERT INTO "room" VALUES(718,'04 1',7,1,8);
INSERT INTO "room" VALUES(719,'05 1',7,1,8);
INSERT INTO "room" VALUES(720,'05 2',7,1,8);
INSERT INTO "room" VALUES(721,'06 1',7,1,8);
INSERT INTO "room" VALUES(722,'07 1',7,1,8);
INSERT INTO "room" VALUES(723,'07 2',7,1,8);
INSERT INTO "room" VALUES(724,'08 1',7,1,8);
INSERT INTO "room" VALUES(725,'09 1',7,1,8);
INSERT INTO "room" VALUES(726,'09 2',7,1,8);
INSERT INTO "room" VALUES(727,'10 1',7,1,8);
INSERT INTO "room" VALUES(728,'11 1',7,1,8);
INSERT INTO "room" VALUES(729,'01 1',8,1,8);
INSERT INTO "room" VALUES(730,'02 1',8,1,8);
INSERT INTO "room" VALUES(731,'03 1',8,1,8);
INSERT INTO "room" VALUES(732,'03 2',8,1,8);
INSERT INTO "room" VALUES(733,'04 1',8,1,8);
INSERT INTO "room" VALUES(734,'05 1',8,1,8);
INSERT INTO "room" VALUES(735,'05 2',8,1,8);
INSERT INTO "room" VALUES(736,'06 1',8,1,8);
INSERT INTO "room" VALUES(737,'07 1',8,1,8);
INSERT INTO "room" VALUES(738,'07 2',8,1,8);
INSERT INTO "room" VALUES(739,'08 1',8,1,8);
INSERT INTO "room" VALUES(740,'09 1',8,1,8);
INSERT INTO "room" VALUES(741,'09 2',8,1,8);
INSERT INTO "room" VALUES(742,'10 1',8,1,8);
INSERT INTO "room" VALUES(743,'11 1',8,1,8);
INSERT INTO "room" VALUES(744,'01 1',9,1,8);
INSERT INTO "room" VALUES(745,'02 1',9,1,8);
INSERT INTO "room" VALUES(746,'03 1',9,1,8);
INSERT INTO "room" VALUES(747,'03 2',9,1,8);
INSERT INTO "room" VALUES(748,'04 1',9,1,8);
INSERT INTO "room" VALUES(749,'05 1',9,1,8);
INSERT INTO "room" VALUES(750,'05 2',9,1,8);
INSERT INTO "room" VALUES(751,'06 1',9,1,8);
INSERT INTO "room" VALUES(752,'07 1',9,1,8);
INSERT INTO "room" VALUES(753,'07 2',9,1,8);
INSERT INTO "room" VALUES(754,'08 1',9,1,8);
INSERT INTO "room" VALUES(755,'09 1',9,1,8);
INSERT INTO "room" VALUES(756,'09 2',9,1,8);
INSERT INTO "room" VALUES(757,'10 1',9,1,8);
INSERT INTO "room" VALUES(758,'11 1',9,1,8);
INSERT INTO "room" VALUES(759,'21',0,1,9);
INSERT INTO "room" VALUES(760,'41',0,1,9);
INSERT INTO "room" VALUES(761,'51',0,1,9);
INSERT INTO "room" VALUES(762,'83',0,1,9);
INSERT INTO "room" VALUES(763,'11',1,1,9);
INSERT INTO "room" VALUES(764,'13',1,1,9);
INSERT INTO "room" VALUES(765,'14',1,1,9);
INSERT INTO "room" VALUES(766,'30',1,1,9);
INSERT INTO "room" VALUES(767,'41',1,1,9);
INSERT INTO "room" VALUES(768,'42',1,1,9);
INSERT INTO "room" VALUES(769,'43',1,1,9);
INSERT INTO "room" VALUES(770,'44',1,1,9);
INSERT INTO "room" VALUES(771,'45',1,1,9);
INSERT INTO "room" VALUES(772,'11',10,1,9);
INSERT INTO "room" VALUES(773,'21',10,1,9);
INSERT INTO "room" VALUES(774,'22',10,1,9);
INSERT INTO "room" VALUES(775,'23',10,1,9);
INSERT INTO "room" VALUES(776,'31',10,1,9);
INSERT INTO "room" VALUES(777,'41',10,1,9);
INSERT INTO "room" VALUES(778,'42',10,1,9);
INSERT INTO "room" VALUES(779,'43',10,1,9);
INSERT INTO "room" VALUES(780,'44',10,1,9);
INSERT INTO "room" VALUES(781,'45',10,1,9);
INSERT INTO "room" VALUES(782,'51',10,1,9);
INSERT INTO "room" VALUES(783,'61',10,1,9);
INSERT INTO "room" VALUES(784,'62',10,1,9);
INSERT INTO "room" VALUES(785,'63',10,1,9);
INSERT INTO "room" VALUES(786,'71',10,1,9);
INSERT INTO "room" VALUES(787,'11',11,1,9);
INSERT INTO "room" VALUES(788,'21',11,1,9);
INSERT INTO "room" VALUES(789,'22',11,1,9);
INSERT INTO "room" VALUES(790,'23',11,1,9);
INSERT INTO "room" VALUES(791,'31',11,1,9);
INSERT INTO "room" VALUES(792,'41',11,1,9);
INSERT INTO "room" VALUES(793,'42',11,1,9);
INSERT INTO "room" VALUES(794,'43',11,1,9);
INSERT INTO "room" VALUES(795,'44',11,1,9);
INSERT INTO "room" VALUES(796,'45',11,1,9);
INSERT INTO "room" VALUES(797,'51',11,1,9);
INSERT INTO "room" VALUES(798,'61',11,1,9);
INSERT INTO "room" VALUES(799,'62',11,1,9);
INSERT INTO "room" VALUES(800,'63',11,1,9);
INSERT INTO "room" VALUES(801,'71',11,1,9);
INSERT INTO "room" VALUES(802,'11',12,1,9);
INSERT INTO "room" VALUES(803,'21',12,1,9);
INSERT INTO "room" VALUES(804,'22',12,1,9);
INSERT INTO "room" VALUES(805,'23',12,1,9);
INSERT INTO "room" VALUES(806,'31',12,1,9);
INSERT INTO "room" VALUES(807,'41',12,1,9);
INSERT INTO "room" VALUES(808,'42',12,1,9);
INSERT INTO "room" VALUES(809,'43',12,1,9);
INSERT INTO "room" VALUES(810,'44',12,1,9);
INSERT INTO "room" VALUES(811,'45',12,1,9);
INSERT INTO "room" VALUES(812,'51',12,1,9);
INSERT INTO "room" VALUES(813,'61',12,1,9);
INSERT INTO "room" VALUES(814,'62',12,1,9);
INSERT INTO "room" VALUES(815,'63',12,1,9);
INSERT INTO "room" VALUES(816,'71',12,1,9);
INSERT INTO "room" VALUES(817,'11',13,1,9);
INSERT INTO "room" VALUES(818,'21',13,1,9);
INSERT INTO "room" VALUES(819,'22',13,1,9);
INSERT INTO "room" VALUES(820,'23',13,1,9);
INSERT INTO "room" VALUES(821,'31',13,1,9);
INSERT INTO "room" VALUES(822,'41',13,1,9);
INSERT INTO "room" VALUES(823,'42',13,1,9);
INSERT INTO "room" VALUES(824,'43',13,1,9);
INSERT INTO "room" VALUES(825,'44',13,1,9);
INSERT INTO "room" VALUES(826,'45',13,1,9);
INSERT INTO "room" VALUES(827,'51',13,1,9);
INSERT INTO "room" VALUES(828,'61',13,1,9);
INSERT INTO "room" VALUES(829,'62',13,1,9);
INSERT INTO "room" VALUES(830,'63',13,1,9);
INSERT INTO "room" VALUES(831,'71',13,1,9);
INSERT INTO "room" VALUES(832,'11',14,1,9);
INSERT INTO "room" VALUES(833,'21',14,1,9);
INSERT INTO "room" VALUES(834,'22',14,1,9);
INSERT INTO "room" VALUES(835,'23',14,1,9);
INSERT INTO "room" VALUES(836,'31',14,1,9);
INSERT INTO "room" VALUES(837,'41',14,1,9);
INSERT INTO "room" VALUES(838,'42',14,1,9);
INSERT INTO "room" VALUES(839,'43',14,1,9);
INSERT INTO "room" VALUES(840,'44',14,1,9);
INSERT INTO "room" VALUES(841,'45',14,1,9);
INSERT INTO "room" VALUES(842,'51',14,1,9);
INSERT INTO "room" VALUES(843,'61',14,1,9);
INSERT INTO "room" VALUES(844,'62',14,1,9);
INSERT INTO "room" VALUES(845,'63',14,1,9);
INSERT INTO "room" VALUES(846,'71',14,1,9);
INSERT INTO "room" VALUES(847,'11',15,1,9);
INSERT INTO "room" VALUES(848,'21',15,1,9);
INSERT INTO "room" VALUES(849,'22',15,1,9);
INSERT INTO "room" VALUES(850,'23',15,1,9);
INSERT INTO "room" VALUES(851,'31',15,1,9);
INSERT INTO "room" VALUES(852,'41',15,1,9);
INSERT INTO "room" VALUES(853,'42',15,1,9);
INSERT INTO "room" VALUES(854,'43',15,1,9);
INSERT INTO "room" VALUES(855,'44',15,1,9);
INSERT INTO "room" VALUES(856,'45',15,1,9);
INSERT INTO "room" VALUES(857,'51',15,1,9);
INSERT INTO "room" VALUES(858,'61',15,1,9);
INSERT INTO "room" VALUES(859,'62',15,1,9);
INSERT INTO "room" VALUES(860,'63',15,1,9);
INSERT INTO "room" VALUES(861,'71',15,1,9);
INSERT INTO "room" VALUES(862,'11',16,1,9);
INSERT INTO "room" VALUES(863,'12',16,1,9);
INSERT INTO "room" VALUES(864,'13',16,1,9);
INSERT INTO "room" VALUES(865,'14',16,1,9);
INSERT INTO "room" VALUES(866,'15',16,1,9);
INSERT INTO "room" VALUES(867,'11',2,1,9);
INSERT INTO "room" VALUES(868,'21',2,1,9);
INSERT INTO "room" VALUES(869,'22',2,1,9);
INSERT INTO "room" VALUES(870,'23',2,1,9);
INSERT INTO "room" VALUES(871,'31',2,1,9);
INSERT INTO "room" VALUES(872,'41',2,1,9);
INSERT INTO "room" VALUES(873,'42',2,1,9);
INSERT INTO "room" VALUES(874,'43',2,1,9);
INSERT INTO "room" VALUES(875,'44',2,1,9);
INSERT INTO "room" VALUES(876,'45',2,1,9);
INSERT INTO "room" VALUES(877,'51',2,1,9);
INSERT INTO "room" VALUES(878,'61',2,1,9);
INSERT INTO "room" VALUES(879,'62',2,1,9);
INSERT INTO "room" VALUES(880,'63',2,1,9);
INSERT INTO "room" VALUES(881,'71',2,1,9);
INSERT INTO "room" VALUES(882,'11',3,1,9);
INSERT INTO "room" VALUES(883,'21',3,1,9);
INSERT INTO "room" VALUES(884,'22',3,1,9);
INSERT INTO "room" VALUES(885,'23',3,1,9);
INSERT INTO "room" VALUES(886,'31',3,1,9);
INSERT INTO "room" VALUES(887,'41',3,1,9);
INSERT INTO "room" VALUES(888,'42',3,1,9);
INSERT INTO "room" VALUES(889,'43',3,1,9);
INSERT INTO "room" VALUES(890,'44',3,1,9);
INSERT INTO "room" VALUES(891,'45',3,1,9);
INSERT INTO "room" VALUES(892,'51',3,1,9);
INSERT INTO "room" VALUES(893,'61',3,1,9);
INSERT INTO "room" VALUES(894,'62',3,1,9);
INSERT INTO "room" VALUES(895,'63',3,1,9);
INSERT INTO "room" VALUES(896,'71',3,1,9);
INSERT INTO "room" VALUES(897,'11',4,1,9);
INSERT INTO "room" VALUES(898,'21',4,1,9);
INSERT INTO "room" VALUES(899,'22',4,1,9);
INSERT INTO "room" VALUES(900,'23',4,1,9);
INSERT INTO "room" VALUES(901,'31',4,1,9);
INSERT INTO "room" VALUES(902,'41',4,1,9);
INSERT INTO "room" VALUES(903,'42',4,1,9);
INSERT INTO "room" VALUES(904,'43',4,1,9);
INSERT INTO "room" VALUES(905,'44',4,1,9);
INSERT INTO "room" VALUES(906,'45',4,1,9);
INSERT INTO "room" VALUES(907,'51',4,1,9);
INSERT INTO "room" VALUES(908,'61',4,1,9);
INSERT INTO "room" VALUES(909,'62',4,1,9);
INSERT INTO "room" VALUES(910,'63',4,1,9);
INSERT INTO "room" VALUES(911,'71',4,1,9);
INSERT INTO "room" VALUES(912,'11',5,1,9);
INSERT INTO "room" VALUES(913,'21',5,1,9);
INSERT INTO "room" VALUES(914,'22',5,1,9);
INSERT INTO "room" VALUES(915,'23',5,1,9);
INSERT INTO "room" VALUES(916,'31',5,1,9);
INSERT INTO "room" VALUES(917,'41',5,1,9);
INSERT INTO "room" VALUES(918,'42',5,1,9);
INSERT INTO "room" VALUES(919,'43',5,1,9);
INSERT INTO "room" VALUES(920,'44',5,1,9);
INSERT INTO "room" VALUES(921,'45',5,1,9);
INSERT INTO "room" VALUES(922,'51',5,1,9);
INSERT INTO "room" VALUES(923,'61',5,1,9);
INSERT INTO "room" VALUES(924,'62',5,1,9);
INSERT INTO "room" VALUES(925,'63',5,1,9);
INSERT INTO "room" VALUES(926,'71',5,1,9);
INSERT INTO "room" VALUES(927,'11',6,1,9);
INSERT INTO "room" VALUES(928,'21',6,1,9);
INSERT INTO "room" VALUES(929,'22',6,1,9);
INSERT INTO "room" VALUES(930,'23',6,1,9);
INSERT INTO "room" VALUES(931,'31',6,1,9);
INSERT INTO "room" VALUES(932,'41',6,1,9);
INSERT INTO "room" VALUES(933,'42',6,1,9);
INSERT INTO "room" VALUES(934,'43',6,1,9);
INSERT INTO "room" VALUES(935,'44',6,1,9);
INSERT INTO "room" VALUES(936,'45',6,1,9);
INSERT INTO "room" VALUES(937,'51',6,1,9);
INSERT INTO "room" VALUES(938,'61',6,1,9);
INSERT INTO "room" VALUES(939,'62',6,1,9);
INSERT INTO "room" VALUES(940,'63',6,1,9);
INSERT INTO "room" VALUES(941,'71',6,1,9);
INSERT INTO "room" VALUES(942,'11',7,1,9);
INSERT INTO "room" VALUES(943,'21',7,1,9);
INSERT INTO "room" VALUES(944,'22',7,1,9);
INSERT INTO "room" VALUES(945,'23',7,1,9);
INSERT INTO "room" VALUES(946,'31',7,1,9);
INSERT INTO "room" VALUES(947,'41',7,1,9);
INSERT INTO "room" VALUES(948,'42',7,1,9);
INSERT INTO "room" VALUES(949,'43',7,1,9);
INSERT INTO "room" VALUES(950,'44',7,1,9);
INSERT INTO "room" VALUES(951,'45',7,1,9);
INSERT INTO "room" VALUES(952,'51',7,1,9);
INSERT INTO "room" VALUES(953,'61',7,1,9);
INSERT INTO "room" VALUES(954,'62',7,1,9);
INSERT INTO "room" VALUES(955,'63',7,1,9);
INSERT INTO "room" VALUES(956,'71',7,1,9);
INSERT INTO "room" VALUES(957,'11',8,1,9);
INSERT INTO "room" VALUES(958,'21',8,1,9);
INSERT INTO "room" VALUES(959,'22',8,1,9);
INSERT INTO "room" VALUES(960,'23',8,1,9);
INSERT INTO "room" VALUES(961,'31',8,1,9);
INSERT INTO "room" VALUES(962,'41',8,1,9);
INSERT INTO "room" VALUES(963,'42',8,1,9);
INSERT INTO "room" VALUES(964,'43',8,1,9);
INSERT INTO "room" VALUES(965,'44',8,1,9);
INSERT INTO "room" VALUES(966,'45',8,1,9);
INSERT INTO "room" VALUES(967,'51',8,1,9);
INSERT INTO "room" VALUES(968,'61',8,1,9);
INSERT INTO "room" VALUES(969,'62',8,1,9);
INSERT INTO "room" VALUES(970,'63',8,1,9);
INSERT INTO "room" VALUES(971,'71',8,1,9);
INSERT INTO "room" VALUES(972,'11',9,1,9);
INSERT INTO "room" VALUES(973,'21',9,1,9);
INSERT INTO "room" VALUES(974,'22',9,1,9);
INSERT INTO "room" VALUES(975,'23',9,1,9);
INSERT INTO "room" VALUES(976,'31',9,1,9);
INSERT INTO "room" VALUES(977,'41',9,1,9);
INSERT INTO "room" VALUES(978,'42',9,1,9);
INSERT INTO "room" VALUES(979,'43',9,1,9);
INSERT INTO "room" VALUES(980,'44',9,1,9);
INSERT INTO "room" VALUES(981,'45',9,1,9);
INSERT INTO "room" VALUES(982,'51',9,1,9);
INSERT INTO "room" VALUES(983,'61',9,1,9);
INSERT INTO "room" VALUES(984,'62',9,1,9);
INSERT INTO "room" VALUES(985,'63',9,1,9);
INSERT INTO "room" VALUES(986,'71',9,1,9);
INSERT INTO "room" VALUES(987,'11',8,1,10);
INSERT INTO "room" VALUES(988,'11',1,1,10);
INSERT INTO "room" VALUES(989,'12',1,1,10);
INSERT INTO "room" VALUES(990,'21',1,1,10);
INSERT INTO "room" VALUES(991,'22',1,1,10);
INSERT INTO "room" VALUES(992,'31',1,1,10);
INSERT INTO "room" VALUES(993,'41',1,1,10);
INSERT INTO "room" VALUES(994,'41',1,1,10);
INSERT INTO "room" VALUES(995,'41',1,1,10);
INSERT INTO "room" VALUES(996,'51',1,1,10);
INSERT INTO "room" VALUES(997,'61',1,1,10);
INSERT INTO "room" VALUES(998,'71',1,1,10);
INSERT INTO "room" VALUES(999,'72',1,1,10);
INSERT INTO "room" VALUES(1000,'80',1,1,10);
INSERT INTO "room" VALUES(1001,'11',2,1,10);
INSERT INTO "room" VALUES(1002,'12',2,1,10);
INSERT INTO "room" VALUES(1003,'13',2,1,10);
INSERT INTO "room" VALUES(1004,'14',2,1,10);
INSERT INTO "room" VALUES(1005,'21',2,1,10);
INSERT INTO "room" VALUES(1006,'22',2,1,10);
INSERT INTO "room" VALUES(1007,'31',2,1,10);
INSERT INTO "room" VALUES(1008,'32',2,1,10);
INSERT INTO "room" VALUES(1009,'33',2,1,10);
INSERT INTO "room" VALUES(1010,'41',2,1,10);
INSERT INTO "room" VALUES(1011,'42',2,1,10);
INSERT INTO "room" VALUES(1012,'43',2,1,10);
INSERT INTO "room" VALUES(1013,'44',2,1,10);
INSERT INTO "room" VALUES(1014,'11',3,1,10);
INSERT INTO "room" VALUES(1015,'21',3,1,10);
INSERT INTO "room" VALUES(1016,'22',3,1,10);
INSERT INTO "room" VALUES(1017,'23',3,1,10);
INSERT INTO "room" VALUES(1018,'31',3,1,10);
INSERT INTO "room" VALUES(1019,'41',3,1,10);
INSERT INTO "room" VALUES(1020,'42',3,1,10);
INSERT INTO "room" VALUES(1021,'51',3,1,10);
INSERT INTO "room" VALUES(1022,'52',3,1,10);
INSERT INTO "room" VALUES(1023,'53',3,1,10);
INSERT INTO "room" VALUES(1024,'61',3,1,10);
INSERT INTO "room" VALUES(1025,'71',3,1,10);
INSERT INTO "room" VALUES(1026,'72',3,1,10);
INSERT INTO "room" VALUES(1027,'73',3,1,10);
INSERT INTO "room" VALUES(1028,'81',3,1,10);
INSERT INTO "room" VALUES(1029,'11',4,1,10);
INSERT INTO "room" VALUES(1030,'12',4,1,10);
INSERT INTO "room" VALUES(1031,'13',4,1,10);
INSERT INTO "room" VALUES(1032,'14',4,1,10);
INSERT INTO "room" VALUES(1033,'21',4,1,10);
INSERT INTO "room" VALUES(1034,'22',4,1,10);
INSERT INTO "room" VALUES(1035,'31',4,1,10);
INSERT INTO "room" VALUES(1036,'32',4,1,10);
INSERT INTO "room" VALUES(1037,'33',4,1,10);
INSERT INTO "room" VALUES(1038,'41',4,1,10);
INSERT INTO "room" VALUES(1039,'42',4,1,10);
INSERT INTO "room" VALUES(1040,'43',4,1,10);
INSERT INTO "room" VALUES(1041,'44',4,1,10);
INSERT INTO "room" VALUES(1042,'11',5,1,10);
INSERT INTO "room" VALUES(1043,'21',5,1,10);
INSERT INTO "room" VALUES(1044,'22',5,1,10);
INSERT INTO "room" VALUES(1045,'23',5,1,10);
INSERT INTO "room" VALUES(1046,'31',5,1,10);
INSERT INTO "room" VALUES(1047,'41',5,1,10);
INSERT INTO "room" VALUES(1048,'42',5,1,10);
INSERT INTO "room" VALUES(1049,'51',5,1,10);
INSERT INTO "room" VALUES(1050,'52',5,1,10);
INSERT INTO "room" VALUES(1051,'53',5,1,10);
INSERT INTO "room" VALUES(1052,'61',5,1,10);
INSERT INTO "room" VALUES(1053,'71',5,1,10);
INSERT INTO "room" VALUES(1054,'72',5,1,10);
INSERT INTO "room" VALUES(1055,'73',5,1,10);
INSERT INTO "room" VALUES(1056,'81',5,1,10);
INSERT INTO "room" VALUES(1057,'11',6,1,10);
INSERT INTO "room" VALUES(1058,'12',6,1,10);
INSERT INTO "room" VALUES(1059,'13',6,1,10);
INSERT INTO "room" VALUES(1060,'14',6,1,10);
INSERT INTO "room" VALUES(1061,'21',6,1,10);
INSERT INTO "room" VALUES(1062,'22',6,1,10);
INSERT INTO "room" VALUES(1063,'31',6,1,10);
INSERT INTO "room" VALUES(1064,'32',6,1,10);
INSERT INTO "room" VALUES(1065,'33',6,1,10);
INSERT INTO "room" VALUES(1066,'41',6,1,10);
INSERT INTO "room" VALUES(1067,'42',6,1,10);
INSERT INTO "room" VALUES(1068,'43',6,1,10);
INSERT INTO "room" VALUES(1069,'44',6,1,10);
INSERT INTO "room" VALUES(1070,'11',7,1,10);
INSERT INTO "room" VALUES(1071,'21',7,1,10);
INSERT INTO "room" VALUES(1072,'22',7,1,10);
INSERT INTO "room" VALUES(1073,'23',7,1,10);
INSERT INTO "room" VALUES(1074,'31',7,1,10);
INSERT INTO "room" VALUES(1075,'41',7,1,10);
INSERT INTO "room" VALUES(1076,'42',7,1,10);
INSERT INTO "room" VALUES(1077,'51',7,1,10);
INSERT INTO "room" VALUES(1078,'52',7,1,10);
INSERT INTO "room" VALUES(1079,'53',7,1,10);
INSERT INTO "room" VALUES(1080,'61',7,1,10);
INSERT INTO "room" VALUES(1081,'71',7,1,10);
INSERT INTO "room" VALUES(1082,'72',7,1,10);
INSERT INTO "room" VALUES(1083,'73',7,1,10);
INSERT INTO "room" VALUES(1084,'81',7,1,10);
INSERT INTO "room" VALUES(1085,'12',8,1,10);
INSERT INTO "room" VALUES(1086,'13',8,1,10);
INSERT INTO "room" VALUES(1087,'14',8,1,10);
INSERT INTO "room" VALUES(1088,'21',8,1,10);
INSERT INTO "room" VALUES(1089,'22',8,1,10);
INSERT INTO "room" VALUES(1090,'31',8,1,10);
INSERT INTO "room" VALUES(1091,'32',8,1,10);
INSERT INTO "room" VALUES(1092,'33',8,1,10);
INSERT INTO "room" VALUES(1093,'41',8,1,10);
INSERT INTO "room" VALUES(1094,'42',8,1,10);
INSERT INTO "room" VALUES(1095,'43',8,1,10);
INSERT INTO "room" VALUES(1096,'44',8,1,10);
INSERT INTO "room" VALUES(1097,'11',9,1,10);
INSERT INTO "room" VALUES(1098,'21',9,1,10);
INSERT INTO "room" VALUES(1099,'22',9,1,10);
INSERT INTO "room" VALUES(1100,'23',9,1,10);
INSERT INTO "room" VALUES(1101,'31',9,1,10);
INSERT INTO "room" VALUES(1102,'41',9,1,10);
INSERT INTO "room" VALUES(1103,'42',9,1,10);
INSERT INTO "room" VALUES(1104,'51',9,1,10);
INSERT INTO "room" VALUES(1105,'52',9,1,10);
INSERT INTO "room" VALUES(1106,'53',9,1,10);
INSERT INTO "room" VALUES(1107,'61',9,1,10);
INSERT INTO "room" VALUES(1108,'71',9,1,10);
INSERT INTO "room" VALUES(1109,'72',9,1,10);
INSERT INTO "room" VALUES(1110,'73',9,1,10);
INSERT INTO "room" VALUES(1111,'81',9,1,10);
INSERT INTO "room" VALUES(1112,'11',10,1,10);
INSERT INTO "room" VALUES(1113,'12',10,1,10);
INSERT INTO "room" VALUES(1114,'13',10,1,10);
INSERT INTO "room" VALUES(1115,'14',10,1,10);
INSERT INTO "room" VALUES(1116,'21',10,1,10);
INSERT INTO "room" VALUES(1117,'22',10,1,10);
INSERT INTO "room" VALUES(1118,'31',10,1,10);
INSERT INTO "room" VALUES(1119,'32',10,1,10);
INSERT INTO "room" VALUES(1120,'33',10,1,10);
INSERT INTO "room" VALUES(1121,'41',10,1,10);
INSERT INTO "room" VALUES(1122,'42',10,1,10);
INSERT INTO "room" VALUES(1123,'43',10,1,10);
INSERT INTO "room" VALUES(1124,'44',10,1,10);
INSERT INTO "room" VALUES(1125,'11',11,1,10);
INSERT INTO "room" VALUES(1126,'21',11,1,10);
INSERT INTO "room" VALUES(1127,'22',11,1,10);
INSERT INTO "room" VALUES(1128,'23',11,1,10);
INSERT INTO "room" VALUES(1129,'31',11,1,10);
INSERT INTO "room" VALUES(1130,'41',11,1,10);
INSERT INTO "room" VALUES(1131,'42',11,1,10);
INSERT INTO "room" VALUES(1132,'51',11,1,10);
INSERT INTO "room" VALUES(1133,'52',11,1,10);
INSERT INTO "room" VALUES(1134,'53',11,1,10);
INSERT INTO "room" VALUES(1135,'61',11,1,10);
INSERT INTO "room" VALUES(1136,'71',11,1,10);
INSERT INTO "room" VALUES(1137,'72',11,1,10);
INSERT INTO "room" VALUES(1138,'73',11,1,10);
INSERT INTO "room" VALUES(1139,'81',11,1,10);
INSERT INTO "room" VALUES(1140,'11',12,1,10);
INSERT INTO "room" VALUES(1141,'12',12,1,10);
INSERT INTO "room" VALUES(1142,'13',12,1,10);
INSERT INTO "room" VALUES(1143,'14',12,1,10);
INSERT INTO "room" VALUES(1144,'21',12,1,10);
INSERT INTO "room" VALUES(1145,'22',12,1,10);
INSERT INTO "room" VALUES(1146,'31',12,1,10);
INSERT INTO "room" VALUES(1147,'32',12,1,10);
INSERT INTO "room" VALUES(1148,'33',12,1,10);
INSERT INTO "room" VALUES(1149,'41',12,1,10);
INSERT INTO "room" VALUES(1150,'42',12,1,10);
INSERT INTO "room" VALUES(1151,'43',12,1,10);
INSERT INTO "room" VALUES(1152,'44',12,1,10);
INSERT INTO "room" VALUES(1153,'11',13,1,10);
INSERT INTO "room" VALUES(1154,'21',13,1,10);
INSERT INTO "room" VALUES(1155,'22',13,1,10);
INSERT INTO "room" VALUES(1156,'23',13,1,10);
INSERT INTO "room" VALUES(1157,'31',13,1,10);
INSERT INTO "room" VALUES(1158,'41',13,1,10);
INSERT INTO "room" VALUES(1159,'42',13,1,10);
INSERT INTO "room" VALUES(1160,'51',13,1,10);
INSERT INTO "room" VALUES(1161,'52',13,1,10);
INSERT INTO "room" VALUES(1162,'53',13,1,10);
INSERT INTO "room" VALUES(1163,'61',13,1,10);
INSERT INTO "room" VALUES(1164,'71',13,1,10);
INSERT INTO "room" VALUES(1165,'72',13,1,10);
INSERT INTO "room" VALUES(1166,'73',13,1,10);
INSERT INTO "room" VALUES(1167,'81',13,1,10);
INSERT INTO "room" VALUES(1168,'11',14,1,10);
INSERT INTO "room" VALUES(1169,'12',14,1,10);
INSERT INTO "room" VALUES(1170,'13',14,1,10);
INSERT INTO "room" VALUES(1171,'14',14,1,10);
INSERT INTO "room" VALUES(1172,'21',14,1,10);
INSERT INTO "room" VALUES(1173,'22',14,1,10);
INSERT INTO "room" VALUES(1174,'31',14,1,10);
INSERT INTO "room" VALUES(1175,'32',14,1,10);
INSERT INTO "room" VALUES(1176,'33',14,1,10);
INSERT INTO "room" VALUES(1177,'41',14,1,10);
INSERT INTO "room" VALUES(1178,'42',14,1,10);
INSERT INTO "room" VALUES(1179,'43',14,1,10);
INSERT INTO "room" VALUES(1180,'44',14,1,10);
INSERT INTO "room" VALUES(1181,'45',14,1,10);
INSERT INTO "room" VALUES(1182,'11',15,1,10);
INSERT INTO "room" VALUES(1183,'21',15,1,10);
INSERT INTO "room" VALUES(1184,'22',15,1,10);
INSERT INTO "room" VALUES(1185,'23',15,1,10);
INSERT INTO "room" VALUES(1186,'31',15,1,10);
INSERT INTO "room" VALUES(1187,'41',15,1,10);
INSERT INTO "room" VALUES(1188,'42',15,1,10);
INSERT INTO "room" VALUES(1189,'51',15,1,10);
INSERT INTO "room" VALUES(1190,'52',15,1,10);
INSERT INTO "room" VALUES(1191,'53',15,1,10);
INSERT INTO "room" VALUES(1192,'61',15,1,10);
INSERT INTO "room" VALUES(1193,'71',15,1,10);
INSERT INTO "room" VALUES(1194,'72',15,1,10);
INSERT INTO "room" VALUES(1195,'73',15,1,10);
INSERT INTO "room" VALUES(1196,'81',15,1,10);
INSERT INTO "room" VALUES(1197,'11',16,1,10);
INSERT INTO "room" VALUES(1198,'12',16,1,10);
INSERT INTO "room" VALUES(1199,'13',16,1,10);
INSERT INTO "room" VALUES(1200,'14',16,1,10);
INSERT INTO "room" VALUES(1201,'15',16,1,10);
INSERT INTO "room" VALUES(1202,'16',16,1,10);
INSERT INTO "room" VALUES(1203,'MR',0,1,1);
INSERT INTO "room" VALUES(1204,'11',1,1,1);
INSERT INTO "room" VALUES(1205,'12',1,1,1);
INSERT INTO "room" VALUES(1206,'13',1,1,1);
INSERT INTO "room" VALUES(1207,'14',1,1,1);
INSERT INTO "room" VALUES(1208,'15',1,1,1);
INSERT INTO "room" VALUES(1209,'16',1,1,1);
INSERT INTO "room" VALUES(1210,'21',1,1,1);
INSERT INTO "room" VALUES(1211,'22',1,1,1);
INSERT INTO "room" VALUES(1212,'41',1,1,1);
INSERT INTO "room" VALUES(1213,'PR',1,1,1);
INSERT INTO "room" VALUES(1214,'PR',1,1,1);
INSERT INTO "room" VALUES(1215,'11',10,1,1);
INSERT INTO "room" VALUES(1216,'12',10,1,1);
INSERT INTO "room" VALUES(1217,'21',10,1,1);
INSERT INTO "room" VALUES(1218,'22',10,1,1);
INSERT INTO "room" VALUES(1219,'31',10,1,1);
INSERT INTO "room" VALUES(1220,'32',10,1,1);
INSERT INTO "room" VALUES(1221,'33',10,1,1);
INSERT INTO "room" VALUES(1222,'34',10,1,1);
INSERT INTO "room" VALUES(1223,'35',10,1,1);
INSERT INTO "room" VALUES(1224,'36',10,1,1);
INSERT INTO "room" VALUES(1225,'41',10,1,1);
INSERT INTO "room" VALUES(1226,'42',10,1,1);
INSERT INTO "room" VALUES(1227,'51',10,1,1);
INSERT INTO "room" VALUES(1228,'52',10,1,1);
INSERT INTO "room" VALUES(1229,'11',11,1,1);
INSERT INTO "room" VALUES(1230,'12',11,1,1);
INSERT INTO "room" VALUES(1231,'13',11,1,1);
INSERT INTO "room" VALUES(1232,'21',11,1,1);
INSERT INTO "room" VALUES(1233,'22',11,1,1);
INSERT INTO "room" VALUES(1234,'31',11,1,1);
INSERT INTO "room" VALUES(1235,'32',11,1,1);
INSERT INTO "room" VALUES(1236,'33',11,1,1);
INSERT INTO "room" VALUES(1237,'34',11,1,1);
INSERT INTO "room" VALUES(1238,'35',11,1,1);
INSERT INTO "room" VALUES(1239,'36',11,1,1);
INSERT INTO "room" VALUES(1240,'41',11,1,1);
INSERT INTO "room" VALUES(1241,'42',11,1,1);
INSERT INTO "room" VALUES(1242,'43',11,1,1);
INSERT INTO "room" VALUES(1243,'51',11,1,1);
INSERT INTO "room" VALUES(1244,'52',11,1,1);
INSERT INTO "room" VALUES(1245,'11',12,1,1);
INSERT INTO "room" VALUES(1246,'12',12,1,1);
INSERT INTO "room" VALUES(1247,'21',12,1,1);
INSERT INTO "room" VALUES(1248,'22',12,1,1);
INSERT INTO "room" VALUES(1249,'23',12,1,1);
INSERT INTO "room" VALUES(1250,'24',12,1,1);
INSERT INTO "room" VALUES(1251,'25',12,1,1);
INSERT INTO "room" VALUES(1252,'31',12,1,1);
INSERT INTO "room" VALUES(1253,'32',12,1,1);
INSERT INTO "room" VALUES(1254,'33',12,1,1);
INSERT INTO "room" VALUES(1255,'34',12,1,1);
INSERT INTO "room" VALUES(1256,'35',12,1,1);
INSERT INTO "room" VALUES(1257,'41',12,1,1);
INSERT INTO "room" VALUES(1258,'42',12,1,1);
INSERT INTO "room" VALUES(1259,'11',13,1,1);
INSERT INTO "room" VALUES(1260,'12',13,1,1);
INSERT INTO "room" VALUES(1261,'21',13,1,1);
INSERT INTO "room" VALUES(1262,'22',13,1,1);
INSERT INTO "room" VALUES(1263,'23',13,1,1);
INSERT INTO "room" VALUES(1264,'24',13,1,1);
INSERT INTO "room" VALUES(1265,'25',13,1,1);
INSERT INTO "room" VALUES(1266,'31',13,1,1);
INSERT INTO "room" VALUES(1267,'32',13,1,1);
INSERT INTO "room" VALUES(1268,'33',13,1,1);
INSERT INTO "room" VALUES(1269,'34',13,1,1);
INSERT INTO "room" VALUES(1270,'35',13,1,1);
INSERT INTO "room" VALUES(1271,'41',13,1,1);
INSERT INTO "room" VALUES(1272,'42',13,1,1);
INSERT INTO "room" VALUES(1273,'11',14,1,1);
INSERT INTO "room" VALUES(1274,'12',14,1,1);
INSERT INTO "room" VALUES(1275,'21',14,1,1);
INSERT INTO "room" VALUES(1276,'22',14,1,1);
INSERT INTO "room" VALUES(1277,'23',14,1,1);
INSERT INTO "room" VALUES(1278,'24',14,1,1);
INSERT INTO "room" VALUES(1279,'25',14,1,1);
INSERT INTO "room" VALUES(1280,'31',14,1,1);
INSERT INTO "room" VALUES(1281,'32',14,1,1);
INSERT INTO "room" VALUES(1282,'33',14,1,1);
INSERT INTO "room" VALUES(1283,'34',14,1,1);
INSERT INTO "room" VALUES(1284,'35',14,1,1);
INSERT INTO "room" VALUES(1285,'41',14,1,1);
INSERT INTO "room" VALUES(1286,'42',14,1,1);
INSERT INTO "room" VALUES(1287,'11',15,1,1);
INSERT INTO "room" VALUES(1288,'12',15,1,1);
INSERT INTO "room" VALUES(1289,'21',15,1,1);
INSERT INTO "room" VALUES(1290,'22',15,1,1);
INSERT INTO "room" VALUES(1291,'23',15,1,1);
INSERT INTO "room" VALUES(1292,'24',15,1,1);
INSERT INTO "room" VALUES(1293,'25',15,1,1);
INSERT INTO "room" VALUES(1294,'31',15,1,1);
INSERT INTO "room" VALUES(1295,'32',15,1,1);
INSERT INTO "room" VALUES(1296,'41',15,1,1);
INSERT INTO "room" VALUES(1297,'42',15,1,1);
INSERT INTO "room" VALUES(1298,'1',16,1,1);
INSERT INTO "room" VALUES(1299,'11',16,1,1);
INSERT INTO "room" VALUES(1300,'12',16,1,1);
INSERT INTO "room" VALUES(1301,'13',16,1,1);
INSERT INTO "room" VALUES(1302,'11',2,1,1);
INSERT INTO "room" VALUES(1303,'12',2,1,1);
INSERT INTO "room" VALUES(1304,'21',2,1,1);
INSERT INTO "room" VALUES(1305,'22',2,1,1);
INSERT INTO "room" VALUES(1306,'31',2,1,1);
INSERT INTO "room" VALUES(1307,'32',2,1,1);
INSERT INTO "room" VALUES(1308,'33',2,1,1);
INSERT INTO "room" VALUES(1309,'34',2,1,1);
INSERT INTO "room" VALUES(1310,'35',2,1,1);
INSERT INTO "room" VALUES(1311,'36',2,1,1);
INSERT INTO "room" VALUES(1312,'41',2,1,1);
INSERT INTO "room" VALUES(1313,'42',2,1,1);
INSERT INTO "room" VALUES(1314,'51',2,1,1);
INSERT INTO "room" VALUES(1315,'52',2,1,1);
INSERT INTO "room" VALUES(1316,'11',3,1,1);
INSERT INTO "room" VALUES(1317,'12',3,1,1);
INSERT INTO "room" VALUES(1318,'13',3,1,1);
INSERT INTO "room" VALUES(1319,'21',3,1,1);
INSERT INTO "room" VALUES(1320,'22',3,1,1);
INSERT INTO "room" VALUES(1321,'31',3,1,1);
INSERT INTO "room" VALUES(1322,'32',3,1,1);
INSERT INTO "room" VALUES(1323,'33',3,1,1);
INSERT INTO "room" VALUES(1324,'34',3,1,1);
INSERT INTO "room" VALUES(1325,'35',3,1,1);
INSERT INTO "room" VALUES(1326,'36',3,1,1);
INSERT INTO "room" VALUES(1327,'41',3,1,1);
INSERT INTO "room" VALUES(1328,'42',3,1,1);
INSERT INTO "room" VALUES(1329,'43',3,1,1);
INSERT INTO "room" VALUES(1330,'51',3,1,1);
INSERT INTO "room" VALUES(1331,'52',3,1,1);
INSERT INTO "room" VALUES(1332,'11',4,1,1);
INSERT INTO "room" VALUES(1333,'12',4,1,1);
INSERT INTO "room" VALUES(1334,'13',4,1,1);
INSERT INTO "room" VALUES(1335,'21',4,1,1);
INSERT INTO "room" VALUES(1336,'22',4,1,1);
INSERT INTO "room" VALUES(1337,'31',4,1,1);
INSERT INTO "room" VALUES(1338,'32',4,1,1);
INSERT INTO "room" VALUES(1339,'33',4,1,1);
INSERT INTO "room" VALUES(1340,'34',4,1,1);
INSERT INTO "room" VALUES(1341,'35',4,1,1);
INSERT INTO "room" VALUES(1342,'36',4,1,1);
INSERT INTO "room" VALUES(1343,'41',4,1,1);
INSERT INTO "room" VALUES(1344,'42',4,1,1);
INSERT INTO "room" VALUES(1345,'43',4,1,1);
INSERT INTO "room" VALUES(1346,'51',4,1,1);
INSERT INTO "room" VALUES(1347,'52',4,1,1);
INSERT INTO "room" VALUES(1348,'11',5,1,1);
INSERT INTO "room" VALUES(1349,'12',5,1,1);
INSERT INTO "room" VALUES(1350,'21',5,1,1);
INSERT INTO "room" VALUES(1351,'22',5,1,1);
INSERT INTO "room" VALUES(1352,'31',5,1,1);
INSERT INTO "room" VALUES(1353,'32',5,1,1);
INSERT INTO "room" VALUES(1354,'33',5,1,1);
INSERT INTO "room" VALUES(1355,'34',5,1,1);
INSERT INTO "room" VALUES(1356,'35',5,1,1);
INSERT INTO "room" VALUES(1357,'36',5,1,1);
INSERT INTO "room" VALUES(1358,'41',5,1,1);
INSERT INTO "room" VALUES(1359,'42',5,1,1);
INSERT INTO "room" VALUES(1360,'51',5,1,1);
INSERT INTO "room" VALUES(1361,'52',5,1,1);
INSERT INTO "room" VALUES(1362,'11',6,1,1);
INSERT INTO "room" VALUES(1363,'12',6,1,1);
INSERT INTO "room" VALUES(1364,'21',6,1,1);
INSERT INTO "room" VALUES(1365,'22',6,1,1);
INSERT INTO "room" VALUES(1366,'31',6,1,1);
INSERT INTO "room" VALUES(1367,'32',6,1,1);
INSERT INTO "room" VALUES(1368,'33',6,1,1);
INSERT INTO "room" VALUES(1369,'34',6,1,1);
INSERT INTO "room" VALUES(1370,'35',6,1,1);
INSERT INTO "room" VALUES(1371,'36',6,1,1);
INSERT INTO "room" VALUES(1372,'41',6,1,1);
INSERT INTO "room" VALUES(1373,'42',6,1,1);
INSERT INTO "room" VALUES(1374,'51',6,1,1);
INSERT INTO "room" VALUES(1375,'52',6,1,1);
INSERT INTO "room" VALUES(1376,'11',7,1,1);
INSERT INTO "room" VALUES(1377,'12',7,1,1);
INSERT INTO "room" VALUES(1378,'13',7,1,1);
INSERT INTO "room" VALUES(1379,'21',7,1,1);
INSERT INTO "room" VALUES(1380,'22',7,1,1);
INSERT INTO "room" VALUES(1381,'31',7,1,1);
INSERT INTO "room" VALUES(1382,'32',7,1,1);
INSERT INTO "room" VALUES(1383,'33',7,1,1);
INSERT INTO "room" VALUES(1384,'34',7,1,1);
INSERT INTO "room" VALUES(1385,'35',7,1,1);
INSERT INTO "room" VALUES(1386,'36',7,1,1);
INSERT INTO "room" VALUES(1387,'41',7,1,1);
INSERT INTO "room" VALUES(1388,'42',7,1,1);
INSERT INTO "room" VALUES(1389,'43',7,1,1);
INSERT INTO "room" VALUES(1390,'51',7,1,1);
INSERT INTO "room" VALUES(1391,'52',7,1,1);
INSERT INTO "room" VALUES(1392,'11',8,1,1);
INSERT INTO "room" VALUES(1393,'12',8,1,1);
INSERT INTO "room" VALUES(1394,'13',8,1,1);
INSERT INTO "room" VALUES(1395,'21',8,1,1);
INSERT INTO "room" VALUES(1396,'22',8,1,1);
INSERT INTO "room" VALUES(1397,'31',8,1,1);
INSERT INTO "room" VALUES(1398,'32',8,1,1);
INSERT INTO "room" VALUES(1399,'33',8,1,1);
INSERT INTO "room" VALUES(1400,'34',8,1,1);
INSERT INTO "room" VALUES(1401,'35',8,1,1);
INSERT INTO "room" VALUES(1402,'36',8,1,1);
INSERT INTO "room" VALUES(1403,'41',8,1,1);
INSERT INTO "room" VALUES(1404,'42',8,1,1);
INSERT INTO "room" VALUES(1405,'43',8,1,1);
INSERT INTO "room" VALUES(1406,'51',8,1,1);
INSERT INTO "room" VALUES(1407,'52',8,1,1);
INSERT INTO "room" VALUES(1408,'11',9,1,1);
INSERT INTO "room" VALUES(1409,'12',9,1,1);
INSERT INTO "room" VALUES(1410,'21',9,1,1);
INSERT INTO "room" VALUES(1411,'22',9,1,1);
INSERT INTO "room" VALUES(1412,'31',9,1,1);
INSERT INTO "room" VALUES(1413,'32',9,1,1);
INSERT INTO "room" VALUES(1414,'33',9,1,1);
INSERT INTO "room" VALUES(1415,'34',9,1,1);
INSERT INTO "room" VALUES(1416,'35',9,1,1);
INSERT INTO "room" VALUES(1417,'36',9,1,1);
INSERT INTO "room" VALUES(1418,'41',9,1,1);
INSERT INTO "room" VALUES(1419,'42',9,1,1);
INSERT INTO "room" VALUES(1420,'51',9,1,1);
INSERT INTO "room" VALUES(1421,'52',9,1,1);
CREATE TABLE phoneport (
	name VARCHAR(4) NOT NULL, 
	id INTEGER NOT NULL, 
	PRIMARY KEY (id), 
	FOREIGN KEY(id) REFERENCES destinationport (id)
);
CREATE TABLE patchport (
	id INTEGER NOT NULL,
	destination_port_id INTEGER NOT NULL,
	room_id INTEGER NOT NULL,
	PRIMARY KEY (id),
	FOREIGN KEY(id) REFERENCES port (id),
	FOREIGN KEY(destination_port_id) REFERENCES destinationport (id),
	FOREIGN KEY(room_id) REFERENCES room (id)
);
INSERT INTO "port" VALUES(1422,'0/1',"patch_port");
INSERT INTO "patchport" VALUES(1422,1,1);
INSERT INTO "port" VALUES(1423,'11/11',"patch_port");
INSERT INTO "patchport" VALUES(1423,2,1229);
INSERT INTO "port" VALUES(1424,'11/12',"patch_port");
INSERT INTO "patchport" VALUES(1424,3,1230);
INSERT INTO "port" VALUES(1425,'11/13',"patch_port");
INSERT INTO "patchport" VALUES(1425,4,1231);
INSERT INTO "port" VALUES(1426,'11/21',"patch_port");
INSERT INTO "patchport" VALUES(1426,5,1232);
INSERT INTO "port" VALUES(1427,'11/22',"patch_port");
INSERT INTO "patchport" VALUES(1427,6,1233);
INSERT INTO "port" VALUES(1428,'11/31',"patch_port");
INSERT INTO "patchport" VALUES(1428,7,1234);
INSERT INTO "port" VALUES(1429,'11/32',"patch_port");
INSERT INTO "patchport" VALUES(1429,8,1235);
INSERT INTO "port" VALUES(1430,'11/33',"patch_port");
INSERT INTO "patchport" VALUES(1430,9,1236);
INSERT INTO "port" VALUES(1431,'11/34',"patch_port");
INSERT INTO "patchport" VALUES(1431,10,1237);
INSERT INTO "port" VALUES(1432,'11/35',"patch_port");
INSERT INTO "patchport" VALUES(1432,11,1238);
INSERT INTO "port" VALUES(1433,'11/36',"patch_port");
INSERT INTO "patchport" VALUES(1433,12,1239);
INSERT INTO "port" VALUES(1434,'11/41',"patch_port");
INSERT INTO "patchport" VALUES(1434,13,1240);
INSERT INTO "port" VALUES(1435,'11/42',"patch_port");
INSERT INTO "patchport" VALUES(1435,14,1241);
INSERT INTO "port" VALUES(1436,'11/43',"patch_port");
INSERT INTO "patchport" VALUES(1436,15,1242);
INSERT INTO "port" VALUES(1437,'11/51',"patch_port");
INSERT INTO "patchport" VALUES(1437,16,1243);
INSERT INTO "port" VALUES(1438,'11/52',"patch_port");
INSERT INTO "patchport" VALUES(1438,17,1244);
INSERT INTO "port" VALUES(1439,'12/11',"patch_port");
INSERT INTO "patchport" VALUES(1439,18,1245);
INSERT INTO "port" VALUES(1440,'12/12',"patch_port");
INSERT INTO "patchport" VALUES(1440,19,1246);
INSERT INTO "port" VALUES(1441,'12/21',"patch_port");
INSERT INTO "patchport" VALUES(1441,20,1247);
INSERT INTO "port" VALUES(1442,'12/22',"patch_port");
INSERT INTO "patchport" VALUES(1442,21,1248);
INSERT INTO "port" VALUES(1443,'12/23',"patch_port");
INSERT INTO "patchport" VALUES(1443,22,1249);
INSERT INTO "port" VALUES(1444,'12/24',"patch_port");
INSERT INTO "patchport" VALUES(1444,23,1250);
INSERT INTO "port" VALUES(1445,'12/25',"patch_port");
INSERT INTO "patchport" VALUES(1445,24,1251);
INSERT INTO "port" VALUES(1446,'12/31',"patch_port");
INSERT INTO "patchport" VALUES(1446,25,1252);
INSERT INTO "port" VALUES(1447,'12/32',"patch_port");
INSERT INTO "patchport" VALUES(1447,26,1253);
INSERT INTO "port" VALUES(1448,'12/33',"patch_port");
INSERT INTO "patchport" VALUES(1448,27,1254);
INSERT INTO "port" VALUES(1449,'12/34',"patch_port");
INSERT INTO "patchport" VALUES(1449,28,1255);
INSERT INTO "port" VALUES(1450,'12/35',"patch_port");
INSERT INTO "patchport" VALUES(1450,29,1256);
INSERT INTO "port" VALUES(1451,'12/41',"patch_port");
INSERT INTO "patchport" VALUES(1451,30,1257);
INSERT INTO "port" VALUES(1452,'12/42',"patch_port");
INSERT INTO "patchport" VALUES(1452,31,1258);
INSERT INTO "port" VALUES(1453,'13/11',"patch_port");
INSERT INTO "patchport" VALUES(1453,32,1259);
INSERT INTO "port" VALUES(1454,'13/12',"patch_port");
INSERT INTO "patchport" VALUES(1454,33,1260);
INSERT INTO "port" VALUES(1455,'13/21',"patch_port");
INSERT INTO "patchport" VALUES(1455,34,1261);
INSERT INTO "port" VALUES(1456,'13/22',"patch_port");
INSERT INTO "patchport" VALUES(1456,35,1262);
INSERT INTO "port" VALUES(1457,'13/23',"patch_port");
INSERT INTO "patchport" VALUES(1457,36,1263);
INSERT INTO "port" VALUES(1458,'13/24',"patch_port");
INSERT INTO "patchport" VALUES(1458,37,1264);
INSERT INTO "port" VALUES(1459,'13/25',"patch_port");
INSERT INTO "patchport" VALUES(1459,38,1265);
INSERT INTO "port" VALUES(1460,'13/31',"patch_port");
INSERT INTO "patchport" VALUES(1460,39,1266);
INSERT INTO "port" VALUES(1461,'13/32',"patch_port");
INSERT INTO "patchport" VALUES(1461,40,1267);
INSERT INTO "port" VALUES(1462,'13/33',"patch_port");
INSERT INTO "patchport" VALUES(1462,41,1268);
INSERT INTO "port" VALUES(1463,'13/34',"patch_port");
INSERT INTO "patchport" VALUES(1463,42,1269);
INSERT INTO "port" VALUES(1464,'13/35',"patch_port");
INSERT INTO "patchport" VALUES(1464,43,1270);
INSERT INTO "port" VALUES(1465,'13/41',"patch_port");
INSERT INTO "patchport" VALUES(1465,44,1271);
INSERT INTO "port" VALUES(1466,'13/42',"patch_port");
INSERT INTO "patchport" VALUES(1466,45,1272);
INSERT INTO "port" VALUES(1467,'14/11',"patch_port");
INSERT INTO "patchport" VALUES(1467,46,1273);
INSERT INTO "port" VALUES(1468,'14/12',"patch_port");
INSERT INTO "patchport" VALUES(1468,47,1274);
INSERT INTO "port" VALUES(1469,'14/21',"patch_port");
INSERT INTO "patchport" VALUES(1469,48,1275);
INSERT INTO "port" VALUES(1470,'14/22',"patch_port");
INSERT INTO "patchport" VALUES(1470,49,1276);
INSERT INTO "port" VALUES(1471,'14/23',"patch_port");
INSERT INTO "patchport" VALUES(1471,50,1277);
INSERT INTO "port" VALUES(1472,'14/24',"patch_port");
INSERT INTO "patchport" VALUES(1472,51,1278);
INSERT INTO "port" VALUES(1473,'14/25',"patch_port");
INSERT INTO "patchport" VALUES(1473,52,1279);
INSERT INTO "port" VALUES(1474,'14/31',"patch_port");
INSERT INTO "patchport" VALUES(1474,53,1280);
INSERT INTO "port" VALUES(1475,'14/32',"patch_port");
INSERT INTO "patchport" VALUES(1475,54,1281);
INSERT INTO "port" VALUES(1476,'14/33',"patch_port");
INSERT INTO "patchport" VALUES(1476,55,1282);
INSERT INTO "port" VALUES(1477,'14/34',"patch_port");
INSERT INTO "patchport" VALUES(1477,56,1283);
INSERT INTO "port" VALUES(1478,'14/35',"patch_port");
INSERT INTO "patchport" VALUES(1478,57,1284);
INSERT INTO "port" VALUES(1479,'14/41',"patch_port");
INSERT INTO "patchport" VALUES(1479,58,1285);
INSERT INTO "port" VALUES(1480,'14/42',"patch_port");
INSERT INTO "patchport" VALUES(1480,59,1286);
INSERT INTO "port" VALUES(1481,'15/11',"patch_port");
INSERT INTO "patchport" VALUES(1481,60,1287);
INSERT INTO "port" VALUES(1482,'15/12',"patch_port");
INSERT INTO "patchport" VALUES(1482,61,1288);
INSERT INTO "port" VALUES(1483,'15/21',"patch_port");
INSERT INTO "patchport" VALUES(1483,62,1289);
INSERT INTO "port" VALUES(1484,'15/22',"patch_port");
INSERT INTO "patchport" VALUES(1484,63,1290);
INSERT INTO "port" VALUES(1485,'15/23',"patch_port");
INSERT INTO "patchport" VALUES(1485,64,1291);
INSERT INTO "port" VALUES(1486,'15/24',"patch_port");
INSERT INTO "patchport" VALUES(1486,65,1292);
INSERT INTO "port" VALUES(1487,'15/25',"patch_port");
INSERT INTO "patchport" VALUES(1487,66,1293);
INSERT INTO "port" VALUES(1488,'15/31',"patch_port");
INSERT INTO "patchport" VALUES(1488,67,1294);
INSERT INTO "port" VALUES(1489,'15/32',"patch_port");
INSERT INTO "patchport" VALUES(1489,68,1295);
INSERT INTO "port" VALUES(1490,'15/41',"patch_port");
INSERT INTO "patchport" VALUES(1490,69,1296);
INSERT INTO "port" VALUES(1491,'15/42',"patch_port");
INSERT INTO "patchport" VALUES(1491,70,1297);
INSERT INTO "port" VALUES(1492,'16/1',"patch_port");
INSERT INTO "patchport" VALUES(1492,71,1298);
INSERT INTO "port" VALUES(1493,'16/11',"patch_port");
INSERT INTO "patchport" VALUES(1493,72,1299);
INSERT INTO "port" VALUES(1494,'16/12',"patch_port");
INSERT INTO "patchport" VALUES(1494,73,1300);
INSERT INTO "port" VALUES(1495,'16/13',"patch_port");
INSERT INTO "patchport" VALUES(1495,74,1301);
INSERT INTO "port" VALUES(1496,'0/A001',"patch_port");
INSERT INTO "patchport" VALUES(1496,75,2);
INSERT INTO "port" VALUES(1497,'0/A008',"patch_port");
INSERT INTO "patchport" VALUES(1497,76,3);
INSERT INTO "port" VALUES(1498,'0/A008',"patch_port");
INSERT INTO "patchport" VALUES(1498,77,4);
INSERT INTO "port" VALUES(1499,'0/A009',"patch_port");
INSERT INTO "patchport" VALUES(1499,78,5);
INSERT INTO "port" VALUES(1500,'0/A009',"patch_port");
INSERT INTO "patchport" VALUES(1500,79,6);
INSERT INTO "port" VALUES(1501,'0/B008',"patch_port");
INSERT INTO "patchport" VALUES(1501,80,7);
INSERT INTO "port" VALUES(1502,'0/B009',"patch_port");
INSERT INTO "patchport" VALUES(1502,81,8);
INSERT INTO "port" VALUES(1503,'1/A101',"patch_port");
INSERT INTO "patchport" VALUES(1503,82,9);
INSERT INTO "port" VALUES(1504,'1/A102',"patch_port");
INSERT INTO "patchport" VALUES(1504,83,10);
INSERT INTO "port" VALUES(1505,'1/A103',"patch_port");
INSERT INTO "patchport" VALUES(1505,84,11);
INSERT INTO "port" VALUES(1506,'1/A104',"patch_port");
INSERT INTO "patchport" VALUES(1506,85,12);
INSERT INTO "port" VALUES(1507,'1/A105',"patch_port");
INSERT INTO "patchport" VALUES(1507,86,13);
INSERT INTO "port" VALUES(1508,'1/A106',"patch_port");
INSERT INTO "patchport" VALUES(1508,87,14);
INSERT INTO "port" VALUES(1509,'1/A107',"patch_port");
INSERT INTO "patchport" VALUES(1509,88,15);
INSERT INTO "port" VALUES(1510,'1/A107',"patch_port");
INSERT INTO "patchport" VALUES(1510,89,16);
INSERT INTO "port" VALUES(1511,'1/A108',"patch_port");
INSERT INTO "patchport" VALUES(1511,90,17);
INSERT INTO "port" VALUES(1512,'1/A109',"patch_port");
INSERT INTO "patchport" VALUES(1512,91,18);
INSERT INTO "port" VALUES(1513,'1/A110',"patch_port");
INSERT INTO "patchport" VALUES(1513,92,19);
INSERT INTO "port" VALUES(1514,'1/A111',"patch_port");
INSERT INTO "patchport" VALUES(1514,93,20);
INSERT INTO "port" VALUES(1515,'1/A112',"patch_port");
INSERT INTO "patchport" VALUES(1515,94,21);
INSERT INTO "port" VALUES(1516,'1/A113',"patch_port");
INSERT INTO "patchport" VALUES(1516,95,22);
INSERT INTO "port" VALUES(1517,'1/A114',"patch_port");
INSERT INTO "patchport" VALUES(1517,96,23);
INSERT INTO "port" VALUES(1518,'1/B101',"patch_port");
INSERT INTO "patchport" VALUES(1518,97,24);
INSERT INTO "port" VALUES(1519,'1/B102',"patch_port");
INSERT INTO "patchport" VALUES(1519,98,25);
INSERT INTO "port" VALUES(1520,'1/B103',"patch_port");
INSERT INTO "patchport" VALUES(1520,99,26);
INSERT INTO "port" VALUES(1521,'1/B104',"patch_port");
INSERT INTO "patchport" VALUES(1521,100,27);
INSERT INTO "port" VALUES(1522,'1/B104',"patch_port");
INSERT INTO "patchport" VALUES(1522,101,28);
INSERT INTO "port" VALUES(1523,'1/B105',"patch_port");
INSERT INTO "patchport" VALUES(1523,102,29);
INSERT INTO "port" VALUES(1524,'1/B106',"patch_port");
INSERT INTO "patchport" VALUES(1524,103,30);
INSERT INTO "port" VALUES(1525,'1/B107',"patch_port");
INSERT INTO "patchport" VALUES(1525,104,31);
INSERT INTO "port" VALUES(1526,'1/B108',"patch_port");
INSERT INTO "patchport" VALUES(1526,105,32);
INSERT INTO "port" VALUES(1527,'1/B109',"patch_port");
INSERT INTO "patchport" VALUES(1527,106,33);
INSERT INTO "port" VALUES(1528,'1/B110',"patch_port");
INSERT INTO "patchport" VALUES(1528,107,34);
INSERT INTO "port" VALUES(1529,'1/B111',"patch_port");
INSERT INTO "patchport" VALUES(1529,108,35);
INSERT INTO "port" VALUES(1530,'1/C101',"patch_port");
INSERT INTO "patchport" VALUES(1530,109,36);
INSERT INTO "port" VALUES(1531,'1/C102',"patch_port");
INSERT INTO "patchport" VALUES(1531,110,37);
INSERT INTO "port" VALUES(1532,'1/C103',"patch_port");
INSERT INTO "patchport" VALUES(1532,111,38);
INSERT INTO "port" VALUES(1533,'1/C104',"patch_port");
INSERT INTO "patchport" VALUES(1533,112,39);
INSERT INTO "port" VALUES(1534,'1/D101',"patch_port");
INSERT INTO "patchport" VALUES(1534,113,40);
INSERT INTO "port" VALUES(1535,'1/D102',"patch_port");
INSERT INTO "patchport" VALUES(1535,114,41);
INSERT INTO "port" VALUES(1536,'1/D103',"patch_port");
INSERT INTO "patchport" VALUES(1536,115,42);
INSERT INTO "port" VALUES(1537,'1/D104',"patch_port");
INSERT INTO "patchport" VALUES(1537,116,43);
INSERT INTO "port" VALUES(1538,'2/A201',"patch_port");
INSERT INTO "patchport" VALUES(1538,117,44);
INSERT INTO "port" VALUES(1539,'2/A202',"patch_port");
INSERT INTO "patchport" VALUES(1539,118,45);
INSERT INTO "port" VALUES(1540,'2/A203',"patch_port");
INSERT INTO "patchport" VALUES(1540,119,46);
INSERT INTO "port" VALUES(1541,'2/A204',"patch_port");
INSERT INTO "patchport" VALUES(1541,120,47);
INSERT INTO "port" VALUES(1542,'2/A205',"patch_port");
INSERT INTO "patchport" VALUES(1542,121,48);
INSERT INTO "port" VALUES(1543,'2/A206',"patch_port");
INSERT INTO "patchport" VALUES(1543,122,49);
INSERT INTO "port" VALUES(1544,'2/A207',"patch_port");
INSERT INTO "patchport" VALUES(1544,123,50);
INSERT INTO "port" VALUES(1545,'2/A207',"patch_port");
INSERT INTO "patchport" VALUES(1545,124,51);
INSERT INTO "port" VALUES(1546,'2/A208',"patch_port");
INSERT INTO "patchport" VALUES(1546,125,52);
INSERT INTO "port" VALUES(1547,'2/A209',"patch_port");
INSERT INTO "patchport" VALUES(1547,126,53);
INSERT INTO "port" VALUES(1548,'2/A210',"patch_port");
INSERT INTO "patchport" VALUES(1548,127,54);
INSERT INTO "port" VALUES(1549,'2/A211',"patch_port");
INSERT INTO "patchport" VALUES(1549,128,55);
INSERT INTO "port" VALUES(1550,'2/A212',"patch_port");
INSERT INTO "patchport" VALUES(1550,129,56);
INSERT INTO "port" VALUES(1551,'2/A213',"patch_port");
INSERT INTO "patchport" VALUES(1551,130,57);
INSERT INTO "port" VALUES(1552,'2/A214',"patch_port");
INSERT INTO "patchport" VALUES(1552,131,58);
INSERT INTO "port" VALUES(1553,'2/B201',"patch_port");
INSERT INTO "patchport" VALUES(1553,132,59);
INSERT INTO "port" VALUES(1554,'2/B202',"patch_port");
INSERT INTO "patchport" VALUES(1554,133,60);
INSERT INTO "port" VALUES(1555,'2/B203',"patch_port");
INSERT INTO "patchport" VALUES(1555,134,61);
INSERT INTO "port" VALUES(1556,'2/B204',"patch_port");
INSERT INTO "patchport" VALUES(1556,135,62);
INSERT INTO "port" VALUES(1557,'2/B204',"patch_port");
INSERT INTO "patchport" VALUES(1557,136,63);
INSERT INTO "port" VALUES(1558,'2/B205',"patch_port");
INSERT INTO "patchport" VALUES(1558,137,64);
INSERT INTO "port" VALUES(1559,'2/B206',"patch_port");
INSERT INTO "patchport" VALUES(1559,138,65);
INSERT INTO "port" VALUES(1560,'2/B207',"patch_port");
INSERT INTO "patchport" VALUES(1560,139,66);
INSERT INTO "port" VALUES(1561,'2/B208',"patch_port");
INSERT INTO "patchport" VALUES(1561,140,67);
INSERT INTO "port" VALUES(1562,'2/B209',"patch_port");
INSERT INTO "patchport" VALUES(1562,141,68);
INSERT INTO "port" VALUES(1563,'2/B210',"patch_port");
INSERT INTO "patchport" VALUES(1563,142,69);
INSERT INTO "port" VALUES(1564,'2/B211',"patch_port");
INSERT INTO "patchport" VALUES(1564,143,70);
INSERT INTO "port" VALUES(1565,'2/C201',"patch_port");
INSERT INTO "patchport" VALUES(1565,144,71);
INSERT INTO "port" VALUES(1566,'2/C202',"patch_port");
INSERT INTO "patchport" VALUES(1566,145,72);
INSERT INTO "port" VALUES(1567,'2/C203',"patch_port");
INSERT INTO "patchport" VALUES(1567,146,73);
INSERT INTO "port" VALUES(1568,'2/C204',"patch_port");
INSERT INTO "patchport" VALUES(1568,147,74);
INSERT INTO "port" VALUES(1569,'2/D201',"patch_port");
INSERT INTO "patchport" VALUES(1569,148,75);
INSERT INTO "port" VALUES(1570,'2/D202',"patch_port");
INSERT INTO "patchport" VALUES(1570,149,76);
INSERT INTO "port" VALUES(1571,'2/D203',"patch_port");
INSERT INTO "patchport" VALUES(1571,150,77);
INSERT INTO "port" VALUES(1572,'2/D204',"patch_port");
INSERT INTO "patchport" VALUES(1572,151,78);
INSERT INTO "port" VALUES(1573,'3/A301',"patch_port");
INSERT INTO "patchport" VALUES(1573,152,79);
INSERT INTO "port" VALUES(1574,'3/A302',"patch_port");
INSERT INTO "patchport" VALUES(1574,153,80);
INSERT INTO "port" VALUES(1575,'3/A303',"patch_port");
INSERT INTO "patchport" VALUES(1575,154,81);
INSERT INTO "port" VALUES(1576,'3/A304',"patch_port");
INSERT INTO "patchport" VALUES(1576,155,82);
INSERT INTO "port" VALUES(1577,'3/A305',"patch_port");
INSERT INTO "patchport" VALUES(1577,156,83);
INSERT INTO "port" VALUES(1578,'3/A306',"patch_port");
INSERT INTO "patchport" VALUES(1578,157,84);
INSERT INTO "port" VALUES(1579,'3/A307',"patch_port");
INSERT INTO "patchport" VALUES(1579,158,85);
INSERT INTO "port" VALUES(1580,'3/A308',"patch_port");
INSERT INTO "patchport" VALUES(1580,159,86);
INSERT INTO "port" VALUES(1581,'3/A309',"patch_port");
INSERT INTO "patchport" VALUES(1581,160,87);
INSERT INTO "port" VALUES(1582,'3/A310',"patch_port");
INSERT INTO "patchport" VALUES(1582,161,88);
INSERT INTO "port" VALUES(1583,'3/B301',"patch_port");
INSERT INTO "patchport" VALUES(1583,162,89);
INSERT INTO "port" VALUES(1584,'3/B302',"patch_port");
INSERT INTO "patchport" VALUES(1584,163,90);
INSERT INTO "port" VALUES(1585,'3/B303',"patch_port");
INSERT INTO "patchport" VALUES(1585,164,91);
INSERT INTO "port" VALUES(1586,'3/B304',"patch_port");
INSERT INTO "patchport" VALUES(1586,165,92);
INSERT INTO "port" VALUES(1587,'3/B305',"patch_port");
INSERT INTO "patchport" VALUES(1587,166,93);
INSERT INTO "port" VALUES(1588,'3/B306',"patch_port");
INSERT INTO "patchport" VALUES(1588,167,94);
INSERT INTO "port" VALUES(1589,'3/B307',"patch_port");
INSERT INTO "patchport" VALUES(1589,168,95);
INSERT INTO "port" VALUES(1590,'0/A002',"patch_port");
INSERT INTO "patchport" VALUES(1590,169,96);
INSERT INTO "port" VALUES(1591,'0/A002',"patch_port");
INSERT INTO "patchport" VALUES(1591,170,97);
INSERT INTO "port" VALUES(1592,'0/A003',"patch_port");
INSERT INTO "patchport" VALUES(1592,171,98);
INSERT INTO "port" VALUES(1593,'0/A003',"patch_port");
INSERT INTO "patchport" VALUES(1593,172,99);
INSERT INTO "port" VALUES(1594,'0/B001',"patch_port");
INSERT INTO "patchport" VALUES(1594,173,100);
INSERT INTO "port" VALUES(1595,'0/B002',"patch_port");
INSERT INTO "patchport" VALUES(1595,174,101);
INSERT INTO "port" VALUES(1596,'0/B002',"patch_port");
INSERT INTO "patchport" VALUES(1596,175,102);
INSERT INTO "port" VALUES(1597,'0/B003',"patch_port");
INSERT INTO "patchport" VALUES(1597,176,103);
INSERT INTO "port" VALUES(1598,'0/B003',"patch_port");
INSERT INTO "patchport" VALUES(1598,177,104);
INSERT INTO "port" VALUES(1599,'0/c001',"patch_port");
INSERT INTO "patchport" VALUES(1599,178,105);
INSERT INTO "port" VALUES(1600,'1/A101',"patch_port");
INSERT INTO "patchport" VALUES(1600,179,106);
INSERT INTO "port" VALUES(1601,'1/A101',"patch_port");
INSERT INTO "patchport" VALUES(1601,180,107);
INSERT INTO "port" VALUES(1602,'1/A102',"patch_port");
INSERT INTO "patchport" VALUES(1602,181,108);
INSERT INTO "port" VALUES(1603,'1/A103',"patch_port");
INSERT INTO "patchport" VALUES(1603,182,109);
INSERT INTO "port" VALUES(1604,'1/A104',"patch_port");
INSERT INTO "patchport" VALUES(1604,183,110);
INSERT INTO "port" VALUES(1605,'1/A105',"patch_port");
INSERT INTO "patchport" VALUES(1605,184,111);
INSERT INTO "port" VALUES(1606,'1/A105',"patch_port");
INSERT INTO "patchport" VALUES(1606,185,112);
INSERT INTO "port" VALUES(1607,'1/A106',"patch_port");
INSERT INTO "patchport" VALUES(1607,186,113);
INSERT INTO "port" VALUES(1608,'1/A106',"patch_port");
INSERT INTO "patchport" VALUES(1608,187,114);
INSERT INTO "port" VALUES(1609,'1/A107',"patch_port");
INSERT INTO "patchport" VALUES(1609,188,115);
INSERT INTO "port" VALUES(1610,'1/A108',"patch_port");
INSERT INTO "patchport" VALUES(1610,189,116);
INSERT INTO "port" VALUES(1611,'1/A109',"patch_port");
INSERT INTO "patchport" VALUES(1611,190,117);
INSERT INTO "port" VALUES(1612,'1/A110',"patch_port");
INSERT INTO "patchport" VALUES(1612,191,118);
INSERT INTO "port" VALUES(1613,'1/A111',"patch_port");
INSERT INTO "patchport" VALUES(1613,192,119);
INSERT INTO "port" VALUES(1614,'1/B101',"patch_port");
INSERT INTO "patchport" VALUES(1614,193,120);
INSERT INTO "port" VALUES(1615,'1/B101',"patch_port");
INSERT INTO "patchport" VALUES(1615,194,121);
INSERT INTO "port" VALUES(1616,'1/B102',"patch_port");
INSERT INTO "patchport" VALUES(1616,195,122);
INSERT INTO "port" VALUES(1617,'1/B103',"patch_port");
INSERT INTO "patchport" VALUES(1617,196,123);
INSERT INTO "port" VALUES(1618,'1/B104',"patch_port");
INSERT INTO "patchport" VALUES(1618,197,124);
INSERT INTO "port" VALUES(1619,'1/B105',"patch_port");
INSERT INTO "patchport" VALUES(1619,198,125);
INSERT INTO "port" VALUES(1620,'1/B105',"patch_port");
INSERT INTO "patchport" VALUES(1620,199,126);
INSERT INTO "port" VALUES(1621,'1/B106',"patch_port");
INSERT INTO "patchport" VALUES(1621,200,127);
INSERT INTO "port" VALUES(1622,'1/B106',"patch_port");
INSERT INTO "patchport" VALUES(1622,201,128);
INSERT INTO "port" VALUES(1623,'1/B107',"patch_port");
INSERT INTO "patchport" VALUES(1623,202,129);
INSERT INTO "port" VALUES(1624,'1/B108',"patch_port");
INSERT INTO "patchport" VALUES(1624,203,130);
INSERT INTO "port" VALUES(1625,'1/B109',"patch_port");
INSERT INTO "patchport" VALUES(1625,204,131);
INSERT INTO "port" VALUES(1626,'1/B110',"patch_port");
INSERT INTO "patchport" VALUES(1626,205,132);
INSERT INTO "port" VALUES(1627,'1/B111',"patch_port");
INSERT INTO "patchport" VALUES(1627,206,133);
INSERT INTO "port" VALUES(1628,'2/A201',"patch_port");
INSERT INTO "patchport" VALUES(1628,207,134);
INSERT INTO "port" VALUES(1629,'2/A201',"patch_port");
INSERT INTO "patchport" VALUES(1629,208,135);
INSERT INTO "port" VALUES(1630,'2/A202',"patch_port");
INSERT INTO "patchport" VALUES(1630,209,136);
INSERT INTO "port" VALUES(1631,'2/A203',"patch_port");
INSERT INTO "patchport" VALUES(1631,210,137);
INSERT INTO "port" VALUES(1632,'2/A204',"patch_port");
INSERT INTO "patchport" VALUES(1632,211,138);
INSERT INTO "port" VALUES(1633,'2/A205',"patch_port");
INSERT INTO "patchport" VALUES(1633,212,139);
INSERT INTO "port" VALUES(1634,'2/A205',"patch_port");
INSERT INTO "patchport" VALUES(1634,213,140);
INSERT INTO "port" VALUES(1635,'2/A206',"patch_port");
INSERT INTO "patchport" VALUES(1635,214,141);
INSERT INTO "port" VALUES(1636,'2/A206',"patch_port");
INSERT INTO "patchport" VALUES(1636,215,142);
INSERT INTO "port" VALUES(1637,'2/A207',"patch_port");
INSERT INTO "patchport" VALUES(1637,216,143);
INSERT INTO "port" VALUES(1638,'2/A208',"patch_port");
INSERT INTO "patchport" VALUES(1638,217,144);
INSERT INTO "port" VALUES(1639,'2/A209',"patch_port");
INSERT INTO "patchport" VALUES(1639,218,145);
INSERT INTO "port" VALUES(1640,'2/A210',"patch_port");
INSERT INTO "patchport" VALUES(1640,219,146);
INSERT INTO "port" VALUES(1641,'2/A211',"patch_port");
INSERT INTO "patchport" VALUES(1641,220,147);
INSERT INTO "port" VALUES(1642,'2/B201',"patch_port");
INSERT INTO "patchport" VALUES(1642,221,148);
INSERT INTO "port" VALUES(1643,'2/B201',"patch_port");
INSERT INTO "patchport" VALUES(1643,222,149);
INSERT INTO "port" VALUES(1644,'2/B202',"patch_port");
INSERT INTO "patchport" VALUES(1644,223,150);
INSERT INTO "port" VALUES(1645,'2/B203',"patch_port");
INSERT INTO "patchport" VALUES(1645,224,151);
INSERT INTO "port" VALUES(1646,'2/B204',"patch_port");
INSERT INTO "patchport" VALUES(1646,225,152);
INSERT INTO "port" VALUES(1647,'2/B205',"patch_port");
INSERT INTO "patchport" VALUES(1647,226,153);
INSERT INTO "port" VALUES(1648,'2/B205',"patch_port");
INSERT INTO "patchport" VALUES(1648,227,154);
INSERT INTO "port" VALUES(1649,'2/B206',"patch_port");
INSERT INTO "patchport" VALUES(1649,228,155);
INSERT INTO "port" VALUES(1650,'2/B206',"patch_port");
INSERT INTO "patchport" VALUES(1650,229,156);
INSERT INTO "port" VALUES(1651,'2/B207',"patch_port");
INSERT INTO "patchport" VALUES(1651,230,157);
INSERT INTO "port" VALUES(1652,'2/B208',"patch_port");
INSERT INTO "patchport" VALUES(1652,231,158);
INSERT INTO "port" VALUES(1653,'2/B209',"patch_port");
INSERT INTO "patchport" VALUES(1653,232,159);
INSERT INTO "port" VALUES(1654,'2/B210',"patch_port");
INSERT INTO "patchport" VALUES(1654,233,160);
INSERT INTO "port" VALUES(1655,'2/B211',"patch_port");
INSERT INTO "patchport" VALUES(1655,234,161);
INSERT INTO "port" VALUES(1656,'3/A301',"patch_port");
INSERT INTO "patchport" VALUES(1656,235,162);
INSERT INTO "port" VALUES(1657,'3/A302',"patch_port");
INSERT INTO "patchport" VALUES(1657,236,163);
INSERT INTO "port" VALUES(1658,'3/A303',"patch_port");
INSERT INTO "patchport" VALUES(1658,237,164);
INSERT INTO "port" VALUES(1659,'3/A304',"patch_port");
INSERT INTO "patchport" VALUES(1659,238,165);
INSERT INTO "port" VALUES(1660,'3/A305',"patch_port");
INSERT INTO "patchport" VALUES(1660,239,166);
INSERT INTO "port" VALUES(1661,'3/A306',"patch_port");
INSERT INTO "patchport" VALUES(1661,240,167);
INSERT INTO "port" VALUES(1662,'3/A307',"patch_port");
INSERT INTO "patchport" VALUES(1662,241,168);
INSERT INTO "port" VALUES(1663,'3/A308',"patch_port");
INSERT INTO "patchport" VALUES(1663,242,169);
INSERT INTO "port" VALUES(1664,'3/B301',"patch_port");
INSERT INTO "patchport" VALUES(1664,243,170);
INSERT INTO "port" VALUES(1665,'3/B302',"patch_port");
INSERT INTO "patchport" VALUES(1665,244,171);
INSERT INTO "port" VALUES(1666,'3/B302',"patch_port");
INSERT INTO "patchport" VALUES(1666,245,172);
INSERT INTO "port" VALUES(1667,'3/B303',"patch_port");
INSERT INTO "patchport" VALUES(1667,246,173);
INSERT INTO "port" VALUES(1668,'3/B303',"patch_port");
INSERT INTO "patchport" VALUES(1668,247,174);
INSERT INTO "port" VALUES(1669,'3/B304',"patch_port");
INSERT INTO "patchport" VALUES(1669,248,175);
INSERT INTO "port" VALUES(1670,'3/B304',"patch_port");
INSERT INTO "patchport" VALUES(1670,249,176);
INSERT INTO "port" VALUES(1671,'1/01 1',"patch_port");
INSERT INTO "patchport" VALUES(1671,250,177);
INSERT INTO "port" VALUES(1672,'1/02 1',"patch_port");
INSERT INTO "patchport" VALUES(1672,251,178);
INSERT INTO "port" VALUES(1673,'1/03 1',"patch_port");
INSERT INTO "patchport" VALUES(1673,252,179);
INSERT INTO "port" VALUES(1674,'1/04 1',"patch_port");
INSERT INTO "patchport" VALUES(1674,253,180);
INSERT INTO "port" VALUES(1675,'1/05 1',"patch_port");
INSERT INTO "patchport" VALUES(1675,254,181);
INSERT INTO "port" VALUES(1676,'1/12 1',"patch_port");
INSERT INTO "patchport" VALUES(1676,255,182);
INSERT INTO "port" VALUES(1677,'1/13 1',"patch_port");
INSERT INTO "patchport" VALUES(1677,256,183);
INSERT INTO "port" VALUES(1678,'1/14 1',"patch_port");
INSERT INTO "patchport" VALUES(1678,257,184);
INSERT INTO "port" VALUES(1679,'1/15 1',"patch_port");
INSERT INTO "patchport" VALUES(1679,258,185);
INSERT INTO "port" VALUES(1680,'1/16 1',"patch_port");
INSERT INTO "patchport" VALUES(1680,259,186);
INSERT INTO "port" VALUES(1681,'1/17 1',"patch_port");
INSERT INTO "patchport" VALUES(1681,260,187);
INSERT INTO "port" VALUES(1682,'1/18 1',"patch_port");
INSERT INTO "patchport" VALUES(1682,261,188);
INSERT INTO "port" VALUES(1683,'2/01 1',"patch_port");
INSERT INTO "patchport" VALUES(1683,262,189);
INSERT INTO "port" VALUES(1684,'2/02 1',"patch_port");
INSERT INTO "patchport" VALUES(1684,263,190);
INSERT INTO "port" VALUES(1685,'2/03 1',"patch_port");
INSERT INTO "patchport" VALUES(1685,264,191);
INSERT INTO "port" VALUES(1686,'2/04 1',"patch_port");
INSERT INTO "patchport" VALUES(1686,265,192);
INSERT INTO "port" VALUES(1687,'2/05 1',"patch_port");
INSERT INTO "patchport" VALUES(1687,266,193);
INSERT INTO "port" VALUES(1688,'2/06 1',"patch_port");
INSERT INTO "patchport" VALUES(1688,267,194);
INSERT INTO "port" VALUES(1689,'2/07 1',"patch_port");
INSERT INTO "patchport" VALUES(1689,268,195);
INSERT INTO "port" VALUES(1690,'2/08 1',"patch_port");
INSERT INTO "patchport" VALUES(1690,269,196);
INSERT INTO "port" VALUES(1691,'2/09 1',"patch_port");
INSERT INTO "patchport" VALUES(1691,270,197);
INSERT INTO "port" VALUES(1692,'2/10 1',"patch_port");
INSERT INTO "patchport" VALUES(1692,271,198);
INSERT INTO "port" VALUES(1693,'2/11 1',"patch_port");
INSERT INTO "patchport" VALUES(1693,272,199);
INSERT INTO "port" VALUES(1694,'2/12 1',"patch_port");
INSERT INTO "patchport" VALUES(1694,273,200);
INSERT INTO "port" VALUES(1695,'2/13 1',"patch_port");
INSERT INTO "patchport" VALUES(1695,274,201);
INSERT INTO "port" VALUES(1696,'2/14 1',"patch_port");
INSERT INTO "patchport" VALUES(1696,275,202);
INSERT INTO "port" VALUES(1697,'2/15 1',"patch_port");
INSERT INTO "patchport" VALUES(1697,276,203);
INSERT INTO "port" VALUES(1698,'2/16 1',"patch_port");
INSERT INTO "patchport" VALUES(1698,277,204);
INSERT INTO "port" VALUES(1699,'2/17 1',"patch_port");
INSERT INTO "patchport" VALUES(1699,278,205);
INSERT INTO "port" VALUES(1700,'2/18 1',"patch_port");
INSERT INTO "patchport" VALUES(1700,279,206);
INSERT INTO "port" VALUES(1701,'3/01 1',"patch_port");
INSERT INTO "patchport" VALUES(1701,280,207);
INSERT INTO "port" VALUES(1702,'3/02 1',"patch_port");
INSERT INTO "patchport" VALUES(1702,281,208);
INSERT INTO "port" VALUES(1703,'3/02 2',"patch_port");
INSERT INTO "patchport" VALUES(1703,282,209);
INSERT INTO "port" VALUES(1704,'3/02 3',"patch_port");
INSERT INTO "patchport" VALUES(1704,283,210);
INSERT INTO "port" VALUES(1705,'3/02 4',"patch_port");
INSERT INTO "patchport" VALUES(1705,284,211);
INSERT INTO "port" VALUES(1706,'3/03 1',"patch_port");
INSERT INTO "patchport" VALUES(1706,285,212);
INSERT INTO "port" VALUES(1707,'3/03 2',"patch_port");
INSERT INTO "patchport" VALUES(1707,286,213);
INSERT INTO "port" VALUES(1708,'3/03 3',"patch_port");
INSERT INTO "patchport" VALUES(1708,287,214);
INSERT INTO "port" VALUES(1709,'3/03 4',"patch_port");
INSERT INTO "patchport" VALUES(1709,288,215);
INSERT INTO "port" VALUES(1710,'3/03 5',"patch_port");
INSERT INTO "patchport" VALUES(1710,289,216);
INSERT INTO "port" VALUES(1711,'3/03 6',"patch_port");
INSERT INTO "patchport" VALUES(1711,290,217);
INSERT INTO "port" VALUES(1712,'3/03 7',"patch_port");
INSERT INTO "patchport" VALUES(1712,291,218);
INSERT INTO "port" VALUES(1713,'3/03 8',"patch_port");
INSERT INTO "patchport" VALUES(1713,292,219);
INSERT INTO "port" VALUES(1714,'1/01 1',"patch_port");
INSERT INTO "patchport" VALUES(1714,293,220);
INSERT INTO "port" VALUES(1715,'1/02 1',"patch_port");
INSERT INTO "patchport" VALUES(1715,294,221);
INSERT INTO "port" VALUES(1716,'1/03 1',"patch_port");
INSERT INTO "patchport" VALUES(1716,295,222);
INSERT INTO "port" VALUES(1717,'1/04 1',"patch_port");
INSERT INTO "patchport" VALUES(1717,296,223);
INSERT INTO "port" VALUES(1718,'1/05 1',"patch_port");
INSERT INTO "patchport" VALUES(1718,297,224);
INSERT INTO "port" VALUES(1719,'1/06 1',"patch_port");
INSERT INTO "patchport" VALUES(1719,298,225);
INSERT INTO "port" VALUES(1720,'1/07 1',"patch_port");
INSERT INTO "patchport" VALUES(1720,299,226);
INSERT INTO "port" VALUES(1721,'1/13 1',"patch_port");
INSERT INTO "patchport" VALUES(1721,300,227);
INSERT INTO "port" VALUES(1722,'2/01 1',"patch_port");
INSERT INTO "patchport" VALUES(1722,301,228);
INSERT INTO "port" VALUES(1723,'2/02 1',"patch_port");
INSERT INTO "patchport" VALUES(1723,302,229);
INSERT INTO "port" VALUES(1724,'2/03 1',"patch_port");
INSERT INTO "patchport" VALUES(1724,303,230);
INSERT INTO "port" VALUES(1725,'2/04 1',"patch_port");
INSERT INTO "patchport" VALUES(1725,304,231);
INSERT INTO "port" VALUES(1726,'2/05 1',"patch_port");
INSERT INTO "patchport" VALUES(1726,305,232);
INSERT INTO "port" VALUES(1727,'2/06 1',"patch_port");
INSERT INTO "patchport" VALUES(1727,306,233);
INSERT INTO "port" VALUES(1728,'2/07 1',"patch_port");
INSERT INTO "patchport" VALUES(1728,307,234);
INSERT INTO "port" VALUES(1729,'2/08 1',"patch_port");
INSERT INTO "patchport" VALUES(1729,308,235);
INSERT INTO "port" VALUES(1730,'2/09 1',"patch_port");
INSERT INTO "patchport" VALUES(1730,309,236);
INSERT INTO "port" VALUES(1731,'2/10 1',"patch_port");
INSERT INTO "patchport" VALUES(1731,310,237);
INSERT INTO "port" VALUES(1732,'2/11 1',"patch_port");
INSERT INTO "patchport" VALUES(1732,311,238);
INSERT INTO "port" VALUES(1733,'2/12 1',"patch_port");
INSERT INTO "patchport" VALUES(1733,312,239);
INSERT INTO "port" VALUES(1734,'2/13 1',"patch_port");
INSERT INTO "patchport" VALUES(1734,313,240);
INSERT INTO "port" VALUES(1735,'2/14 1',"patch_port");
INSERT INTO "patchport" VALUES(1735,314,241);
INSERT INTO "port" VALUES(1736,'2/15 1',"patch_port");
INSERT INTO "patchport" VALUES(1736,315,242);
INSERT INTO "port" VALUES(1737,'2/16 1',"patch_port");
INSERT INTO "patchport" VALUES(1737,316,243);
INSERT INTO "port" VALUES(1738,'2/17 1',"patch_port");
INSERT INTO "patchport" VALUES(1738,317,244);
INSERT INTO "port" VALUES(1739,'2/18 1',"patch_port");
INSERT INTO "patchport" VALUES(1739,318,245);
INSERT INTO "port" VALUES(1740,'3/01 1',"patch_port");
INSERT INTO "patchport" VALUES(1740,319,246);
INSERT INTO "port" VALUES(1741,'3/02 1',"patch_port");
INSERT INTO "patchport" VALUES(1741,320,247);
INSERT INTO "port" VALUES(1742,'3/02 2',"patch_port");
INSERT INTO "patchport" VALUES(1742,321,248);
INSERT INTO "port" VALUES(1743,'3/03 1',"patch_port");
INSERT INTO "patchport" VALUES(1743,322,249);
INSERT INTO "port" VALUES(1744,'3/03 2',"patch_port");
INSERT INTO "patchport" VALUES(1744,323,250);
INSERT INTO "port" VALUES(1745,'3/04 1',"patch_port");
INSERT INTO "patchport" VALUES(1745,324,251);
INSERT INTO "port" VALUES(1746,'3/04 2',"patch_port");
INSERT INTO "patchport" VALUES(1746,325,252);
INSERT INTO "port" VALUES(1747,'3/05 1',"patch_port");
INSERT INTO "patchport" VALUES(1747,326,253);
INSERT INTO "port" VALUES(1748,'3/05 2',"patch_port");
INSERT INTO "patchport" VALUES(1748,327,254);
INSERT INTO "port" VALUES(1749,'3/06 1',"patch_port");
INSERT INTO "patchport" VALUES(1749,328,255);
INSERT INTO "port" VALUES(1750,'3/06 2',"patch_port");
INSERT INTO "patchport" VALUES(1750,329,256);
INSERT INTO "port" VALUES(1751,'3/07 1',"patch_port");
INSERT INTO "patchport" VALUES(1751,330,257);
INSERT INTO "port" VALUES(1752,'3/07 2',"patch_port");
INSERT INTO "patchport" VALUES(1752,331,258);
INSERT INTO "port" VALUES(1753,'0/A001',"patch_port");
INSERT INTO "patchport" VALUES(1753,332,259);
INSERT INTO "port" VALUES(1754,'0/A002',"patch_port");
INSERT INTO "patchport" VALUES(1754,333,260);
INSERT INTO "port" VALUES(1755,'0/A002',"patch_port");
INSERT INTO "patchport" VALUES(1755,334,261);
INSERT INTO "port" VALUES(1756,'0/B001',"patch_port");
INSERT INTO "patchport" VALUES(1756,335,262);
INSERT INTO "port" VALUES(1757,'0/B001',"patch_port");
INSERT INTO "patchport" VALUES(1757,336,263);
INSERT INTO "port" VALUES(1758,'0/B002',"patch_port");
INSERT INTO "patchport" VALUES(1758,337,264);
INSERT INTO "port" VALUES(1759,'0/B002',"patch_port");
INSERT INTO "patchport" VALUES(1759,338,265);
INSERT INTO "port" VALUES(1760,'1/A101',"patch_port");
INSERT INTO "patchport" VALUES(1760,339,266);
INSERT INTO "port" VALUES(1761,'1/A102',"patch_port");
INSERT INTO "patchport" VALUES(1761,340,267);
INSERT INTO "port" VALUES(1762,'1/A102',"patch_port");
INSERT INTO "patchport" VALUES(1762,341,268);
INSERT INTO "port" VALUES(1763,'1/A103',"patch_port");
INSERT INTO "patchport" VALUES(1763,342,269);
INSERT INTO "port" VALUES(1764,'1/A104',"patch_port");
INSERT INTO "patchport" VALUES(1764,343,270);
INSERT INTO "port" VALUES(1765,'1/A104',"patch_port");
INSERT INTO "patchport" VALUES(1765,344,271);
INSERT INTO "port" VALUES(1766,'1/A105',"patch_port");
INSERT INTO "patchport" VALUES(1766,345,272);
INSERT INTO "port" VALUES(1767,'1/A106',"patch_port");
INSERT INTO "patchport" VALUES(1767,346,273);
INSERT INTO "port" VALUES(1768,'1/A107',"patch_port");
INSERT INTO "patchport" VALUES(1768,347,274);
INSERT INTO "port" VALUES(1769,'1/A108',"patch_port");
INSERT INTO "patchport" VALUES(1769,348,275);
INSERT INTO "port" VALUES(1770,'1/A109',"patch_port");
INSERT INTO "patchport" VALUES(1770,349,276);
INSERT INTO "port" VALUES(1771,'1/B101',"patch_port");
INSERT INTO "patchport" VALUES(1771,350,277);
INSERT INTO "port" VALUES(1772,'1/B102',"patch_port");
INSERT INTO "patchport" VALUES(1772,351,278);
INSERT INTO "port" VALUES(1773,'1/B102',"patch_port");
INSERT INTO "patchport" VALUES(1773,352,279);
INSERT INTO "port" VALUES(1774,'1/B103',"patch_port");
INSERT INTO "patchport" VALUES(1774,353,280);
INSERT INTO "port" VALUES(1775,'1/B104',"patch_port");
INSERT INTO "patchport" VALUES(1775,354,281);
INSERT INTO "port" VALUES(1776,'1/B104',"patch_port");
INSERT INTO "patchport" VALUES(1776,355,282);
INSERT INTO "port" VALUES(1777,'1/B105',"patch_port");
INSERT INTO "patchport" VALUES(1777,356,283);
INSERT INTO "port" VALUES(1778,'1/B106',"patch_port");
INSERT INTO "patchport" VALUES(1778,357,284);
INSERT INTO "port" VALUES(1779,'1/B107',"patch_port");
INSERT INTO "patchport" VALUES(1779,358,285);
INSERT INTO "port" VALUES(1780,'1/B108',"patch_port");
INSERT INTO "patchport" VALUES(1780,359,286);
INSERT INTO "port" VALUES(1781,'1/B109',"patch_port");
INSERT INTO "patchport" VALUES(1781,360,287);
INSERT INTO "port" VALUES(1782,'2/A201',"patch_port");
INSERT INTO "patchport" VALUES(1782,361,288);
INSERT INTO "port" VALUES(1783,'2/A202',"patch_port");
INSERT INTO "patchport" VALUES(1783,362,289);
INSERT INTO "port" VALUES(1784,'2/A202',"patch_port");
INSERT INTO "patchport" VALUES(1784,363,290);
INSERT INTO "port" VALUES(1785,'2/A203',"patch_port");
INSERT INTO "patchport" VALUES(1785,364,291);
INSERT INTO "port" VALUES(1786,'2/A204',"patch_port");
INSERT INTO "patchport" VALUES(1786,365,292);
INSERT INTO "port" VALUES(1787,'2/A204',"patch_port");
INSERT INTO "patchport" VALUES(1787,366,293);
INSERT INTO "port" VALUES(1788,'2/A205',"patch_port");
INSERT INTO "patchport" VALUES(1788,367,294);
INSERT INTO "port" VALUES(1789,'2/A206',"patch_port");
INSERT INTO "patchport" VALUES(1789,368,295);
INSERT INTO "port" VALUES(1790,'2/A207',"patch_port");
INSERT INTO "patchport" VALUES(1790,369,296);
INSERT INTO "port" VALUES(1791,'2/A208',"patch_port");
INSERT INTO "patchport" VALUES(1791,370,297);
INSERT INTO "port" VALUES(1792,'2/A209',"patch_port");
INSERT INTO "patchport" VALUES(1792,371,298);
INSERT INTO "port" VALUES(1793,'2/B201',"patch_port");
INSERT INTO "patchport" VALUES(1793,372,299);
INSERT INTO "port" VALUES(1794,'2/B202',"patch_port");
INSERT INTO "patchport" VALUES(1794,373,300);
INSERT INTO "port" VALUES(1795,'2/B202',"patch_port");
INSERT INTO "patchport" VALUES(1795,374,301);
INSERT INTO "port" VALUES(1796,'2/B203',"patch_port");
INSERT INTO "patchport" VALUES(1796,375,302);
INSERT INTO "port" VALUES(1797,'2/B204',"patch_port");
INSERT INTO "patchport" VALUES(1797,376,303);
INSERT INTO "port" VALUES(1798,'2/B204',"patch_port");
INSERT INTO "patchport" VALUES(1798,377,304);
INSERT INTO "port" VALUES(1799,'2/B205',"patch_port");
INSERT INTO "patchport" VALUES(1799,378,305);
INSERT INTO "port" VALUES(1800,'2/B206',"patch_port");
INSERT INTO "patchport" VALUES(1800,379,306);
INSERT INTO "port" VALUES(1801,'2/B207',"patch_port");
INSERT INTO "patchport" VALUES(1801,380,307);
INSERT INTO "port" VALUES(1802,'2/B208',"patch_port");
INSERT INTO "patchport" VALUES(1802,381,308);
INSERT INTO "port" VALUES(1803,'2/B209',"patch_port");
INSERT INTO "patchport" VALUES(1803,382,309);
INSERT INTO "port" VALUES(1804,'3/A301',"patch_port");
INSERT INTO "patchport" VALUES(1804,383,310);
INSERT INTO "port" VALUES(1805,'3/A302',"patch_port");
INSERT INTO "patchport" VALUES(1805,384,311);
INSERT INTO "port" VALUES(1806,'3/A303',"patch_port");
INSERT INTO "patchport" VALUES(1806,385,312);
INSERT INTO "port" VALUES(1807,'3/A304',"patch_port");
INSERT INTO "patchport" VALUES(1807,386,313);
INSERT INTO "port" VALUES(1808,'3/A305',"patch_port");
INSERT INTO "patchport" VALUES(1808,387,314);
INSERT INTO "port" VALUES(1809,'3/A306',"patch_port");
INSERT INTO "patchport" VALUES(1809,388,315);
INSERT INTO "port" VALUES(1810,'3/A307',"patch_port");
INSERT INTO "patchport" VALUES(1810,389,316);
INSERT INTO "port" VALUES(1811,'3/B301',"patch_port");
INSERT INTO "patchport" VALUES(1811,390,317);
INSERT INTO "port" VALUES(1812,'3/B302',"patch_port");
INSERT INTO "patchport" VALUES(1812,391,318);
INSERT INTO "port" VALUES(1813,'3/B303',"patch_port");
INSERT INTO "patchport" VALUES(1813,392,319);
INSERT INTO "port" VALUES(1814,'3/B304',"patch_port");
INSERT INTO "patchport" VALUES(1814,393,320);
INSERT INTO "port" VALUES(1815,'3/B305',"patch_port");
INSERT INTO "patchport" VALUES(1815,394,321);
INSERT INTO "port" VALUES(1816,'3/B306',"patch_port");
INSERT INTO "patchport" VALUES(1816,395,322);
INSERT INTO "port" VALUES(1817,'3/B307',"patch_port");
INSERT INTO "patchport" VALUES(1817,396,323);
INSERT INTO "port" VALUES(1818,'10/11',"patch_port");
INSERT INTO "patchport" VALUES(1818,397,324);
INSERT INTO "port" VALUES(1819,'1/11',"patch_port");
INSERT INTO "patchport" VALUES(1819,398,325);
INSERT INTO "port" VALUES(1820,'1/12',"patch_port");
INSERT INTO "patchport" VALUES(1820,399,326);
INSERT INTO "port" VALUES(1821,'1/21',"patch_port");
INSERT INTO "patchport" VALUES(1821,400,327);
INSERT INTO "port" VALUES(1822,'1/41',"patch_port");
INSERT INTO "patchport" VALUES(1822,401,328);
INSERT INTO "port" VALUES(1823,'1/61',"patch_port");
INSERT INTO "patchport" VALUES(1823,402,329);
INSERT INTO "port" VALUES(1824,'10/12',"patch_port");
INSERT INTO "patchport" VALUES(1824,493,330);
INSERT INTO "port" VALUES(1825,'10/21',"patch_port");
INSERT INTO "patchport" VALUES(1825,494,331);
INSERT INTO "port" VALUES(1826,'10/31',"patch_port");
INSERT INTO "patchport" VALUES(1826,495,332);
INSERT INTO "port" VALUES(1827,'10/32',"patch_port");
INSERT INTO "patchport" VALUES(1827,496,333);
INSERT INTO "port" VALUES(1828,'10/41',"patch_port");
INSERT INTO "patchport" VALUES(1828,497,334);
INSERT INTO "port" VALUES(1829,'10/42',"patch_port");
INSERT INTO "patchport" VALUES(1829,498,335);
INSERT INTO "port" VALUES(1830,'10/51',"patch_port");
INSERT INTO "patchport" VALUES(1830,499,336);
INSERT INTO "port" VALUES(1831,'10/52',"patch_port");
INSERT INTO "patchport" VALUES(1831,500,337);
INSERT INTO "port" VALUES(1832,'10/61',"patch_port");
INSERT INTO "patchport" VALUES(1832,501,338);
INSERT INTO "port" VALUES(1833,'10/62',"patch_port");
INSERT INTO "patchport" VALUES(1833,502,339);
INSERT INTO "port" VALUES(1834,'10/71',"patch_port");
INSERT INTO "patchport" VALUES(1834,503,340);
INSERT INTO "port" VALUES(1835,'10/81',"patch_port");
INSERT INTO "patchport" VALUES(1835,504,341);
INSERT INTO "port" VALUES(1836,'10/82',"patch_port");
INSERT INTO "patchport" VALUES(1836,505,342);
INSERT INTO "port" VALUES(1837,'11/11',"patch_port");
INSERT INTO "patchport" VALUES(1837,506,343);
INSERT INTO "port" VALUES(1838,'11/12',"patch_port");
INSERT INTO "patchport" VALUES(1838,507,344);
INSERT INTO "port" VALUES(1839,'11/21',"patch_port");
INSERT INTO "patchport" VALUES(1839,508,345);
INSERT INTO "port" VALUES(1840,'11/31',"patch_port");
INSERT INTO "patchport" VALUES(1840,509,346);
INSERT INTO "port" VALUES(1841,'11/32',"patch_port");
INSERT INTO "patchport" VALUES(1841,510,347);
INSERT INTO "port" VALUES(1842,'11/41',"patch_port");
INSERT INTO "patchport" VALUES(1842,511,348);
INSERT INTO "port" VALUES(1843,'11/42',"patch_port");
INSERT INTO "patchport" VALUES(1843,512,349);
INSERT INTO "port" VALUES(1844,'11/51',"patch_port");
INSERT INTO "patchport" VALUES(1844,513,350);
INSERT INTO "port" VALUES(1845,'11/52',"patch_port");
INSERT INTO "patchport" VALUES(1845,514,351);
INSERT INTO "port" VALUES(1846,'11/61',"patch_port");
INSERT INTO "patchport" VALUES(1846,515,352);
INSERT INTO "port" VALUES(1847,'11/62',"patch_port");
INSERT INTO "patchport" VALUES(1847,516,353);
INSERT INTO "port" VALUES(1848,'11/71',"patch_port");
INSERT INTO "patchport" VALUES(1848,517,354);
INSERT INTO "port" VALUES(1849,'11/81',"patch_port");
INSERT INTO "patchport" VALUES(1849,518,355);
INSERT INTO "port" VALUES(1850,'11/82',"patch_port");
INSERT INTO "patchport" VALUES(1850,519,356);
INSERT INTO "port" VALUES(1851,'12/11',"patch_port");
INSERT INTO "patchport" VALUES(1851,520,357);
INSERT INTO "port" VALUES(1852,'12/12',"patch_port");
INSERT INTO "patchport" VALUES(1852,521,358);
INSERT INTO "port" VALUES(1853,'12/21',"patch_port");
INSERT INTO "patchport" VALUES(1853,522,359);
INSERT INTO "port" VALUES(1854,'12/31',"patch_port");
INSERT INTO "patchport" VALUES(1854,523,360);
INSERT INTO "port" VALUES(1855,'12/32',"patch_port");
INSERT INTO "patchport" VALUES(1855,524,361);
INSERT INTO "port" VALUES(1856,'12/41',"patch_port");
INSERT INTO "patchport" VALUES(1856,525,362);
INSERT INTO "port" VALUES(1857,'12/42',"patch_port");
INSERT INTO "patchport" VALUES(1857,526,363);
INSERT INTO "port" VALUES(1858,'12/51',"patch_port");
INSERT INTO "patchport" VALUES(1858,527,364);
INSERT INTO "port" VALUES(1859,'12/52',"patch_port");
INSERT INTO "patchport" VALUES(1859,528,365);
INSERT INTO "port" VALUES(1860,'12/61',"patch_port");
INSERT INTO "patchport" VALUES(1860,529,366);
INSERT INTO "port" VALUES(1861,'12/62',"patch_port");
INSERT INTO "patchport" VALUES(1861,530,367);
INSERT INTO "port" VALUES(1862,'12/71',"patch_port");
INSERT INTO "patchport" VALUES(1862,531,368);
INSERT INTO "port" VALUES(1863,'12/81',"patch_port");
INSERT INTO "patchport" VALUES(1863,532,369);
INSERT INTO "port" VALUES(1864,'12/82',"patch_port");
INSERT INTO "patchport" VALUES(1864,533,370);
INSERT INTO "port" VALUES(1865,'13/11',"patch_port");
INSERT INTO "patchport" VALUES(1865,534,371);
INSERT INTO "port" VALUES(1866,'13/12',"patch_port");
INSERT INTO "patchport" VALUES(1866,535,372);
INSERT INTO "port" VALUES(1867,'13/21',"patch_port");
INSERT INTO "patchport" VALUES(1867,536,373);
INSERT INTO "port" VALUES(1868,'13/31',"patch_port");
INSERT INTO "patchport" VALUES(1868,537,374);
INSERT INTO "port" VALUES(1869,'13/32',"patch_port");
INSERT INTO "patchport" VALUES(1869,538,375);
INSERT INTO "port" VALUES(1870,'13/41',"patch_port");
INSERT INTO "patchport" VALUES(1870,539,376);
INSERT INTO "port" VALUES(1871,'13/42',"patch_port");
INSERT INTO "patchport" VALUES(1871,540,377);
INSERT INTO "port" VALUES(1872,'13/51',"patch_port");
INSERT INTO "patchport" VALUES(1872,541,378);
INSERT INTO "port" VALUES(1873,'13/52',"patch_port");
INSERT INTO "patchport" VALUES(1873,542,379);
INSERT INTO "port" VALUES(1874,'13/61',"patch_port");
INSERT INTO "patchport" VALUES(1874,543,380);
INSERT INTO "port" VALUES(1875,'13/62',"patch_port");
INSERT INTO "patchport" VALUES(1875,544,381);
INSERT INTO "port" VALUES(1876,'13/71',"patch_port");
INSERT INTO "patchport" VALUES(1876,545,382);
INSERT INTO "port" VALUES(1877,'13/81',"patch_port");
INSERT INTO "patchport" VALUES(1877,546,383);
INSERT INTO "port" VALUES(1878,'13/82',"patch_port");
INSERT INTO "patchport" VALUES(1878,547,384);
INSERT INTO "port" VALUES(1879,'14/11',"patch_port");
INSERT INTO "patchport" VALUES(1879,548,385);
INSERT INTO "port" VALUES(1880,'14/12',"patch_port");
INSERT INTO "patchport" VALUES(1880,549,386);
INSERT INTO "port" VALUES(1881,'14/21',"patch_port");
INSERT INTO "patchport" VALUES(1881,550,387);
INSERT INTO "port" VALUES(1882,'14/31',"patch_port");
INSERT INTO "patchport" VALUES(1882,551,388);
INSERT INTO "port" VALUES(1883,'14/32',"patch_port");
INSERT INTO "patchport" VALUES(1883,552,389);
INSERT INTO "port" VALUES(1884,'14/41',"patch_port");
INSERT INTO "patchport" VALUES(1884,553,390);
INSERT INTO "port" VALUES(1885,'14/42',"patch_port");
INSERT INTO "patchport" VALUES(1885,554,391);
INSERT INTO "port" VALUES(1886,'14/51',"patch_port");
INSERT INTO "patchport" VALUES(1886,555,392);
INSERT INTO "port" VALUES(1887,'14/61',"patch_port");
INSERT INTO "patchport" VALUES(1887,556,393);
INSERT INTO "port" VALUES(1888,'14/62',"patch_port");
INSERT INTO "patchport" VALUES(1888,557,394);
INSERT INTO "port" VALUES(1889,'14/71',"patch_port");
INSERT INTO "patchport" VALUES(1889,558,395);
INSERT INTO "port" VALUES(1890,'14/72',"patch_port");
INSERT INTO "patchport" VALUES(1890,559,396);
INSERT INTO "port" VALUES(1891,'14/81',"patch_port");
INSERT INTO "patchport" VALUES(1891,560,397);
INSERT INTO "port" VALUES(1892,'14/91',"patch_port");
INSERT INTO "patchport" VALUES(1892,561,398);
INSERT INTO "port" VALUES(1893,'14/92',"patch_port");
INSERT INTO "patchport" VALUES(1893,562,399);
INSERT INTO "port" VALUES(1894,'15/11',"patch_port");
INSERT INTO "patchport" VALUES(1894,563,400);
INSERT INTO "port" VALUES(1895,'15/12',"patch_port");
INSERT INTO "patchport" VALUES(1895,564,401);
INSERT INTO "port" VALUES(1896,'15/21',"patch_port");
INSERT INTO "patchport" VALUES(1896,565,402);
INSERT INTO "port" VALUES(1897,'15/31',"patch_port");
INSERT INTO "patchport" VALUES(1897,566,403);
INSERT INTO "port" VALUES(1898,'15/32',"patch_port");
INSERT INTO "patchport" VALUES(1898,567,404);
INSERT INTO "port" VALUES(1899,'15/41',"patch_port");
INSERT INTO "patchport" VALUES(1899,568,405);
INSERT INTO "port" VALUES(1900,'15/42',"patch_port");
INSERT INTO "patchport" VALUES(1900,569,406);
INSERT INTO "port" VALUES(1901,'15/51',"patch_port");
INSERT INTO "patchport" VALUES(1901,570,407);
INSERT INTO "port" VALUES(1902,'15/61',"patch_port");
INSERT INTO "patchport" VALUES(1902,571,408);
INSERT INTO "port" VALUES(1903,'15/62',"patch_port");
INSERT INTO "patchport" VALUES(1903,572,409);
INSERT INTO "port" VALUES(1904,'15/71',"patch_port");
INSERT INTO "patchport" VALUES(1904,573,410);
INSERT INTO "port" VALUES(1905,'15/72',"patch_port");
INSERT INTO "patchport" VALUES(1905,574,411);
INSERT INTO "port" VALUES(1906,'15/81',"patch_port");
INSERT INTO "patchport" VALUES(1906,575,412);
INSERT INTO "port" VALUES(1907,'15/91',"patch_port");
INSERT INTO "patchport" VALUES(1907,576,413);
INSERT INTO "port" VALUES(1908,'15/92',"patch_port");
INSERT INTO "patchport" VALUES(1908,577,414);
INSERT INTO "port" VALUES(1909,'2/11',"patch_port");
INSERT INTO "patchport" VALUES(1909,403,415);
INSERT INTO "port" VALUES(1910,'2/12',"patch_port");
INSERT INTO "patchport" VALUES(1910,404,416);
INSERT INTO "port" VALUES(1911,'2/21',"patch_port");
INSERT INTO "patchport" VALUES(1911,405,417);
INSERT INTO "port" VALUES(1912,'2/31',"patch_port");
INSERT INTO "patchport" VALUES(1912,406,418);
INSERT INTO "port" VALUES(1913,'2/32',"patch_port");
INSERT INTO "patchport" VALUES(1913,407,419);
INSERT INTO "port" VALUES(1914,'2/41',"patch_port");
INSERT INTO "patchport" VALUES(1914,408,420);
INSERT INTO "port" VALUES(1915,'2/42',"patch_port");
INSERT INTO "patchport" VALUES(1915,409,421);
INSERT INTO "port" VALUES(1916,'2/51',"patch_port");
INSERT INTO "patchport" VALUES(1916,410,422);
INSERT INTO "port" VALUES(1917,'2/61',"patch_port");
INSERT INTO "patchport" VALUES(1917,411,423);
INSERT INTO "port" VALUES(1918,'2/62',"patch_port");
INSERT INTO "patchport" VALUES(1918,412,424);
INSERT INTO "port" VALUES(1919,'2/71',"patch_port");
INSERT INTO "patchport" VALUES(1919,413,425);
INSERT INTO "port" VALUES(1920,'2/72',"patch_port");
INSERT INTO "patchport" VALUES(1920,414,426);
INSERT INTO "port" VALUES(1921,'2/81',"patch_port");
INSERT INTO "patchport" VALUES(1921,415,427);
INSERT INTO "port" VALUES(1922,'2/91',"patch_port");
INSERT INTO "patchport" VALUES(1922,416,428);
INSERT INTO "port" VALUES(1923,'2/92',"patch_port");
INSERT INTO "patchport" VALUES(1923,417,429);
INSERT INTO "port" VALUES(1924,'3/11',"patch_port");
INSERT INTO "patchport" VALUES(1924,418,430);
INSERT INTO "port" VALUES(1925,'3/12',"patch_port");
INSERT INTO "patchport" VALUES(1925,419,431);
INSERT INTO "port" VALUES(1926,'3/21',"patch_port");
INSERT INTO "patchport" VALUES(1926,420,432);
INSERT INTO "port" VALUES(1927,'3/31',"patch_port");
INSERT INTO "patchport" VALUES(1927,421,433);
INSERT INTO "port" VALUES(1928,'3/32',"patch_port");
INSERT INTO "patchport" VALUES(1928,422,434);
INSERT INTO "port" VALUES(1929,'3/41',"patch_port");
INSERT INTO "patchport" VALUES(1929,423,435);
INSERT INTO "port" VALUES(1930,'3/42',"patch_port");
INSERT INTO "patchport" VALUES(1930,424,436);
INSERT INTO "port" VALUES(1931,'3/51',"patch_port");
INSERT INTO "patchport" VALUES(1931,425,437);
INSERT INTO "port" VALUES(1932,'3/61',"patch_port");
INSERT INTO "patchport" VALUES(1932,426,438);
INSERT INTO "port" VALUES(1933,'3/62',"patch_port");
INSERT INTO "patchport" VALUES(1933,427,439);
INSERT INTO "port" VALUES(1934,'3/71',"patch_port");
INSERT INTO "patchport" VALUES(1934,428,440);
INSERT INTO "port" VALUES(1935,'3/72',"patch_port");
INSERT INTO "patchport" VALUES(1935,429,441);
INSERT INTO "port" VALUES(1936,'3/81',"patch_port");
INSERT INTO "patchport" VALUES(1936,430,442);
INSERT INTO "port" VALUES(1937,'3/91',"patch_port");
INSERT INTO "patchport" VALUES(1937,431,443);
INSERT INTO "port" VALUES(1938,'3/92',"patch_port");
INSERT INTO "patchport" VALUES(1938,432,444);
INSERT INTO "port" VALUES(1939,'4/11',"patch_port");
INSERT INTO "patchport" VALUES(1939,433,445);
INSERT INTO "port" VALUES(1940,'4/12',"patch_port");
INSERT INTO "patchport" VALUES(1940,434,446);
INSERT INTO "port" VALUES(1941,'4/21',"patch_port");
INSERT INTO "patchport" VALUES(1941,435,447);
INSERT INTO "port" VALUES(1942,'4/31',"patch_port");
INSERT INTO "patchport" VALUES(1942,436,448);
INSERT INTO "port" VALUES(1943,'4/32',"patch_port");
INSERT INTO "patchport" VALUES(1943,437,449);
INSERT INTO "port" VALUES(1944,'4/41',"patch_port");
INSERT INTO "patchport" VALUES(1944,438,450);
INSERT INTO "port" VALUES(1945,'4/42',"patch_port");
INSERT INTO "patchport" VALUES(1945,439,451);
INSERT INTO "port" VALUES(1946,'4/51',"patch_port");
INSERT INTO "patchport" VALUES(1946,440,452);
INSERT INTO "port" VALUES(1947,'4/61',"patch_port");
INSERT INTO "patchport" VALUES(1947,441,453);
INSERT INTO "port" VALUES(1948,'4/62',"patch_port");
INSERT INTO "patchport" VALUES(1948,442,454);
INSERT INTO "port" VALUES(1949,'4/71',"patch_port");
INSERT INTO "patchport" VALUES(1949,443,455);
INSERT INTO "port" VALUES(1950,'4/72',"patch_port");
INSERT INTO "patchport" VALUES(1950,444,456);
INSERT INTO "port" VALUES(1951,'4/81',"patch_port");
INSERT INTO "patchport" VALUES(1951,445,457);
INSERT INTO "port" VALUES(1952,'4/91',"patch_port");
INSERT INTO "patchport" VALUES(1952,446,458);
INSERT INTO "port" VALUES(1953,'4/92',"patch_port");
INSERT INTO "patchport" VALUES(1953,447,459);
INSERT INTO "port" VALUES(1954,'5/11',"patch_port");
INSERT INTO "patchport" VALUES(1954,448,460);
INSERT INTO "port" VALUES(1955,'5/12',"patch_port");
INSERT INTO "patchport" VALUES(1955,449,461);
INSERT INTO "port" VALUES(1956,'5/21',"patch_port");
INSERT INTO "patchport" VALUES(1956,450,462);
INSERT INTO "port" VALUES(1957,'5/31',"patch_port");
INSERT INTO "patchport" VALUES(1957,451,463);
INSERT INTO "port" VALUES(1958,'5/32',"patch_port");
INSERT INTO "patchport" VALUES(1958,452,464);
INSERT INTO "port" VALUES(1959,'5/41',"patch_port");
INSERT INTO "patchport" VALUES(1959,453,465);
INSERT INTO "port" VALUES(1960,'5/42',"patch_port");
INSERT INTO "patchport" VALUES(1960,454,466);
INSERT INTO "port" VALUES(1961,'5/51',"patch_port");
INSERT INTO "patchport" VALUES(1961,455,467);
INSERT INTO "port" VALUES(1962,'5/61',"patch_port");
INSERT INTO "patchport" VALUES(1962,456,468);
INSERT INTO "port" VALUES(1963,'5/62',"patch_port");
INSERT INTO "patchport" VALUES(1963,457,469);
INSERT INTO "port" VALUES(1964,'5/71',"patch_port");
INSERT INTO "patchport" VALUES(1964,458,470);
INSERT INTO "port" VALUES(1965,'5/72',"patch_port");
INSERT INTO "patchport" VALUES(1965,459,471);
INSERT INTO "port" VALUES(1966,'5/81',"patch_port");
INSERT INTO "patchport" VALUES(1966,460,472);
INSERT INTO "port" VALUES(1967,'5/91',"patch_port");
INSERT INTO "patchport" VALUES(1967,461,473);
INSERT INTO "port" VALUES(1968,'5/92',"patch_port");
INSERT INTO "patchport" VALUES(1968,462,474);
INSERT INTO "port" VALUES(1969,'6/11',"patch_port");
INSERT INTO "patchport" VALUES(1969,463,475);
INSERT INTO "port" VALUES(1970,'6/12',"patch_port");
INSERT INTO "patchport" VALUES(1970,464,476);
INSERT INTO "port" VALUES(1971,'6/21',"patch_port");
INSERT INTO "patchport" VALUES(1971,465,477);
INSERT INTO "port" VALUES(1972,'6/31',"patch_port");
INSERT INTO "patchport" VALUES(1972,466,478);
INSERT INTO "port" VALUES(1973,'6/32',"patch_port");
INSERT INTO "patchport" VALUES(1973,467,479);
INSERT INTO "port" VALUES(1974,'6/41',"patch_port");
INSERT INTO "patchport" VALUES(1974,468,480);
INSERT INTO "port" VALUES(1975,'6/42',"patch_port");
INSERT INTO "patchport" VALUES(1975,469,481);
INSERT INTO "port" VALUES(1976,'6/51',"patch_port");
INSERT INTO "patchport" VALUES(1976,470,482);
INSERT INTO "port" VALUES(1977,'6/61',"patch_port");
INSERT INTO "patchport" VALUES(1977,471,483);
INSERT INTO "port" VALUES(1978,'6/62',"patch_port");
INSERT INTO "patchport" VALUES(1978,472,484);
INSERT INTO "port" VALUES(1979,'6/71',"patch_port");
INSERT INTO "patchport" VALUES(1979,473,485);
INSERT INTO "port" VALUES(1980,'6/72',"patch_port");
INSERT INTO "patchport" VALUES(1980,474,486);
INSERT INTO "port" VALUES(1981,'6/81',"patch_port");
INSERT INTO "patchport" VALUES(1981,475,487);
INSERT INTO "port" VALUES(1982,'6/91',"patch_port");
INSERT INTO "patchport" VALUES(1982,476,488);
INSERT INTO "port" VALUES(1983,'6/92',"patch_port");
INSERT INTO "patchport" VALUES(1983,477,489);
INSERT INTO "port" VALUES(1984,'7/11',"patch_port");
INSERT INTO "patchport" VALUES(1984,478,490);
INSERT INTO "port" VALUES(1985,'7/12',"patch_port");
INSERT INTO "patchport" VALUES(1985,479,491);
INSERT INTO "port" VALUES(1986,'7/21',"patch_port");
INSERT INTO "patchport" VALUES(1986,480,492);
INSERT INTO "port" VALUES(1987,'7/31',"patch_port");
INSERT INTO "patchport" VALUES(1987,481,493);
INSERT INTO "port" VALUES(1988,'7/32',"patch_port");
INSERT INTO "patchport" VALUES(1988,482,494);
INSERT INTO "port" VALUES(1989,'7/41',"patch_port");
INSERT INTO "patchport" VALUES(1989,483,495);
INSERT INTO "port" VALUES(1990,'7/42',"patch_port");
INSERT INTO "patchport" VALUES(1990,484,496);
INSERT INTO "port" VALUES(1991,'7/51',"patch_port");
INSERT INTO "patchport" VALUES(1991,485,497);
INSERT INTO "port" VALUES(1992,'7/61',"patch_port");
INSERT INTO "patchport" VALUES(1992,486,498);
INSERT INTO "port" VALUES(1993,'7/62',"patch_port");
INSERT INTO "patchport" VALUES(1993,487,499);
INSERT INTO "port" VALUES(1994,'7/71',"patch_port");
INSERT INTO "patchport" VALUES(1994,488,500);
INSERT INTO "port" VALUES(1995,'7/72',"patch_port");
INSERT INTO "patchport" VALUES(1995,489,501);
INSERT INTO "port" VALUES(1996,'7/81',"patch_port");
INSERT INTO "patchport" VALUES(1996,490,502);
INSERT INTO "port" VALUES(1997,'7/91',"patch_port");
INSERT INTO "patchport" VALUES(1997,491,503);
INSERT INTO "port" VALUES(1998,'7/92',"patch_port");
INSERT INTO "patchport" VALUES(1998,492,504);
INSERT INTO "port" VALUES(1999,'8/11',"patch_port");
INSERT INTO "patchport" VALUES(1999,578,505);
INSERT INTO "port" VALUES(2000,'8/12',"patch_port");
INSERT INTO "patchport" VALUES(2000,579,506);
INSERT INTO "port" VALUES(2001,'8/21',"patch_port");
INSERT INTO "patchport" VALUES(2001,580,507);
INSERT INTO "port" VALUES(2002,'8/31',"patch_port");
INSERT INTO "patchport" VALUES(2002,581,508);
INSERT INTO "port" VALUES(2003,'8/32',"patch_port");
INSERT INTO "patchport" VALUES(2003,582,509);
INSERT INTO "port" VALUES(2004,'8/41',"patch_port");
INSERT INTO "patchport" VALUES(2004,583,510);
INSERT INTO "port" VALUES(2005,'8/42',"patch_port");
INSERT INTO "patchport" VALUES(2005,584,511);
INSERT INTO "port" VALUES(2006,'8/51',"patch_port");
INSERT INTO "patchport" VALUES(2006,585,512);
INSERT INTO "port" VALUES(2007,'8/61',"patch_port");
INSERT INTO "patchport" VALUES(2007,586,513);
INSERT INTO "port" VALUES(2008,'8/62',"patch_port");
INSERT INTO "patchport" VALUES(2008,587,514);
INSERT INTO "port" VALUES(2009,'8/71',"patch_port");
INSERT INTO "patchport" VALUES(2009,588,515);
INSERT INTO "port" VALUES(2010,'8/72',"patch_port");
INSERT INTO "patchport" VALUES(2010,589,516);
INSERT INTO "port" VALUES(2011,'8/81',"patch_port");
INSERT INTO "patchport" VALUES(2011,590,517);
INSERT INTO "port" VALUES(2012,'8/91',"patch_port");
INSERT INTO "patchport" VALUES(2012,591,518);
INSERT INTO "port" VALUES(2013,'8/92',"patch_port");
INSERT INTO "patchport" VALUES(2013,592,519);
INSERT INTO "port" VALUES(2014,'9/11',"patch_port");
INSERT INTO "patchport" VALUES(2014,593,520);
INSERT INTO "port" VALUES(2015,'9/12',"patch_port");
INSERT INTO "patchport" VALUES(2015,594,521);
INSERT INTO "port" VALUES(2016,'9/21',"patch_port");
INSERT INTO "patchport" VALUES(2016,595,522);
INSERT INTO "port" VALUES(2017,'9/31',"patch_port");
INSERT INTO "patchport" VALUES(2017,596,523);
INSERT INTO "port" VALUES(2018,'9/32',"patch_port");
INSERT INTO "patchport" VALUES(2018,597,524);
INSERT INTO "port" VALUES(2019,'9/41',"patch_port");
INSERT INTO "patchport" VALUES(2019,598,525);
INSERT INTO "port" VALUES(2020,'9/42',"patch_port");
INSERT INTO "patchport" VALUES(2020,599,526);
INSERT INTO "port" VALUES(2021,'9/51',"patch_port");
INSERT INTO "patchport" VALUES(2021,600,527);
INSERT INTO "port" VALUES(2022,'9/61',"patch_port");
INSERT INTO "patchport" VALUES(2022,601,528);
INSERT INTO "port" VALUES(2023,'9/62',"patch_port");
INSERT INTO "patchport" VALUES(2023,602,529);
INSERT INTO "port" VALUES(2024,'9/71',"patch_port");
INSERT INTO "patchport" VALUES(2024,603,530);
INSERT INTO "port" VALUES(2025,'9/72',"patch_port");
INSERT INTO "patchport" VALUES(2025,604,531);
INSERT INTO "port" VALUES(2026,'9/81',"patch_port");
INSERT INTO "patchport" VALUES(2026,605,532);
INSERT INTO "port" VALUES(2027,'9/91',"patch_port");
INSERT INTO "patchport" VALUES(2027,606,533);
INSERT INTO "port" VALUES(2028,'9/92',"patch_port");
INSERT INTO "patchport" VALUES(2028,607,534);
INSERT INTO "port" VALUES(2029,'10/11',"patch_port");
INSERT INTO "patchport" VALUES(2029,608,1215);
INSERT INTO "port" VALUES(2030,'10/12',"patch_port");
INSERT INTO "patchport" VALUES(2030,609,1216);
INSERT INTO "port" VALUES(2031,'10/21',"patch_port");
INSERT INTO "patchport" VALUES(2031,610,1217);
INSERT INTO "port" VALUES(2032,'10/22',"patch_port");
INSERT INTO "patchport" VALUES(2032,611,1218);
INSERT INTO "port" VALUES(2033,'10/31',"patch_port");
INSERT INTO "patchport" VALUES(2033,612,1219);
INSERT INTO "port" VALUES(2034,'10/32',"patch_port");
INSERT INTO "patchport" VALUES(2034,613,1220);
INSERT INTO "port" VALUES(2035,'10/33',"patch_port");
INSERT INTO "patchport" VALUES(2035,614,1221);
INSERT INTO "port" VALUES(2036,'10/34',"patch_port");
INSERT INTO "patchport" VALUES(2036,615,1222);
INSERT INTO "port" VALUES(2037,'10/35',"patch_port");
INSERT INTO "patchport" VALUES(2037,616,1223);
INSERT INTO "port" VALUES(2038,'10/36',"patch_port");
INSERT INTO "patchport" VALUES(2038,617,1224);
INSERT INTO "port" VALUES(2039,'10/41',"patch_port");
INSERT INTO "patchport" VALUES(2039,618,1225);
INSERT INTO "port" VALUES(2040,'10/42',"patch_port");
INSERT INTO "patchport" VALUES(2040,619,1226);
INSERT INTO "port" VALUES(2041,'10/51',"patch_port");
INSERT INTO "patchport" VALUES(2041,620,1227);
INSERT INTO "port" VALUES(2042,'10/52',"patch_port");
INSERT INTO "patchport" VALUES(2042,621,1228);
INSERT INTO "port" VALUES(2043,'6/11',"patch_port");
INSERT INTO "patchport" VALUES(2043,622,1362);
INSERT INTO "port" VALUES(2044,'6/12',"patch_port");
INSERT INTO "patchport" VALUES(2044,623,1363);
INSERT INTO "port" VALUES(2045,'6/21',"patch_port");
INSERT INTO "patchport" VALUES(2045,624,1364);
INSERT INTO "port" VALUES(2046,'6/22',"patch_port");
INSERT INTO "patchport" VALUES(2046,625,1365);
INSERT INTO "port" VALUES(2047,'6/31',"patch_port");
INSERT INTO "patchport" VALUES(2047,626,1366);
INSERT INTO "port" VALUES(2048,'6/32',"patch_port");
INSERT INTO "patchport" VALUES(2048,627,1367);
INSERT INTO "port" VALUES(2049,'6/33',"patch_port");
INSERT INTO "patchport" VALUES(2049,628,1368);
INSERT INTO "port" VALUES(2050,'6/34',"patch_port");
INSERT INTO "patchport" VALUES(2050,629,1369);
INSERT INTO "port" VALUES(2051,'6/35',"patch_port");
INSERT INTO "patchport" VALUES(2051,630,1370);
INSERT INTO "port" VALUES(2052,'6/36',"patch_port");
INSERT INTO "patchport" VALUES(2052,631,1371);
INSERT INTO "port" VALUES(2053,'6/41',"patch_port");
INSERT INTO "patchport" VALUES(2053,632,1372);
INSERT INTO "port" VALUES(2054,'6/42',"patch_port");
INSERT INTO "patchport" VALUES(2054,633,1373);
INSERT INTO "port" VALUES(2055,'6/51',"patch_port");
INSERT INTO "patchport" VALUES(2055,634,1374);
INSERT INTO "port" VALUES(2056,'6/52',"patch_port");
INSERT INTO "patchport" VALUES(2056,635,1375);
INSERT INTO "port" VALUES(2057,'7/11',"patch_port");
INSERT INTO "patchport" VALUES(2057,636,1376);
INSERT INTO "port" VALUES(2058,'7/12',"patch_port");
INSERT INTO "patchport" VALUES(2058,637,1377);
INSERT INTO "port" VALUES(2059,'7/13',"patch_port");
INSERT INTO "patchport" VALUES(2059,638,1378);
INSERT INTO "port" VALUES(2060,'7/21',"patch_port");
INSERT INTO "patchport" VALUES(2060,639,1379);
INSERT INTO "port" VALUES(2061,'7/22',"patch_port");
INSERT INTO "patchport" VALUES(2061,640,1380);
INSERT INTO "port" VALUES(2062,'7/31',"patch_port");
INSERT INTO "patchport" VALUES(2062,641,1381);
INSERT INTO "port" VALUES(2063,'7/32',"patch_port");
INSERT INTO "patchport" VALUES(2063,642,1382);
INSERT INTO "port" VALUES(2064,'7/33',"patch_port");
INSERT INTO "patchport" VALUES(2064,643,1383);
INSERT INTO "port" VALUES(2065,'7/34',"patch_port");
INSERT INTO "patchport" VALUES(2065,644,1384);
INSERT INTO "port" VALUES(2066,'7/35',"patch_port");
INSERT INTO "patchport" VALUES(2066,645,1385);
INSERT INTO "port" VALUES(2067,'7/36',"patch_port");
INSERT INTO "patchport" VALUES(2067,646,1386);
INSERT INTO "port" VALUES(2068,'7/41',"patch_port");
INSERT INTO "patchport" VALUES(2068,647,1387);
INSERT INTO "port" VALUES(2069,'7/42',"patch_port");
INSERT INTO "patchport" VALUES(2069,648,1388);
INSERT INTO "port" VALUES(2070,'7/43',"patch_port");
INSERT INTO "patchport" VALUES(2070,649,1389);
INSERT INTO "port" VALUES(2071,'7/51',"patch_port");
INSERT INTO "patchport" VALUES(2071,650,1390);
INSERT INTO "port" VALUES(2072,'7/52',"patch_port");
INSERT INTO "patchport" VALUES(2072,651,1391);
INSERT INTO "port" VALUES(2073,'8/11',"patch_port");
INSERT INTO "patchport" VALUES(2073,652,1392);
INSERT INTO "port" VALUES(2074,'8/12',"patch_port");
INSERT INTO "patchport" VALUES(2074,653,1393);
INSERT INTO "port" VALUES(2075,'8/13',"patch_port");
INSERT INTO "patchport" VALUES(2075,654,1394);
INSERT INTO "port" VALUES(2076,'8/21',"patch_port");
INSERT INTO "patchport" VALUES(2076,655,1395);
INSERT INTO "port" VALUES(2077,'8/22',"patch_port");
INSERT INTO "patchport" VALUES(2077,656,1396);
INSERT INTO "port" VALUES(2078,'8/31',"patch_port");
INSERT INTO "patchport" VALUES(2078,657,1397);
INSERT INTO "port" VALUES(2079,'8/32',"patch_port");
INSERT INTO "patchport" VALUES(2079,658,1398);
INSERT INTO "port" VALUES(2080,'8/33',"patch_port");
INSERT INTO "patchport" VALUES(2080,659,1399);
INSERT INTO "port" VALUES(2081,'8/34',"patch_port");
INSERT INTO "patchport" VALUES(2081,660,1400);
INSERT INTO "port" VALUES(2082,'8/35',"patch_port");
INSERT INTO "patchport" VALUES(2082,661,1401);
INSERT INTO "port" VALUES(2083,'8/36',"patch_port");
INSERT INTO "patchport" VALUES(2083,662,1402);
INSERT INTO "port" VALUES(2084,'8/41',"patch_port");
INSERT INTO "patchport" VALUES(2084,663,1403);
INSERT INTO "port" VALUES(2085,'8/42',"patch_port");
INSERT INTO "patchport" VALUES(2085,664,1404);
INSERT INTO "port" VALUES(2086,'8/43',"patch_port");
INSERT INTO "patchport" VALUES(2086,665,1405);
INSERT INTO "port" VALUES(2087,'8/51',"patch_port");
INSERT INTO "patchport" VALUES(2087,666,1406);
INSERT INTO "port" VALUES(2088,'8/52',"patch_port");
INSERT INTO "patchport" VALUES(2088,667,1407);
INSERT INTO "port" VALUES(2089,'9/11',"patch_port");
INSERT INTO "patchport" VALUES(2089,668,1408);
INSERT INTO "port" VALUES(2090,'9/12',"patch_port");
INSERT INTO "patchport" VALUES(2090,669,1409);
INSERT INTO "port" VALUES(2091,'9/21',"patch_port");
INSERT INTO "patchport" VALUES(2091,670,1410);
INSERT INTO "port" VALUES(2092,'9/22',"patch_port");
INSERT INTO "patchport" VALUES(2092,671,1411);
INSERT INTO "port" VALUES(2093,'9/31',"patch_port");
INSERT INTO "patchport" VALUES(2093,672,1412);
INSERT INTO "port" VALUES(2094,'9/32',"patch_port");
INSERT INTO "patchport" VALUES(2094,673,1413);
INSERT INTO "port" VALUES(2095,'9/33',"patch_port");
INSERT INTO "patchport" VALUES(2095,674,1414);
INSERT INTO "port" VALUES(2096,'9/34',"patch_port");
INSERT INTO "patchport" VALUES(2096,675,1415);
INSERT INTO "port" VALUES(2097,'9/35',"patch_port");
INSERT INTO "patchport" VALUES(2097,676,1416);
INSERT INTO "port" VALUES(2098,'9/36',"patch_port");
INSERT INTO "patchport" VALUES(2098,677,1417);
INSERT INTO "port" VALUES(2099,'9/41',"patch_port");
INSERT INTO "patchport" VALUES(2099,678,1418);
INSERT INTO "port" VALUES(2100,'9/42',"patch_port");
INSERT INTO "patchport" VALUES(2100,679,1419);
INSERT INTO "port" VALUES(2101,'9/51',"patch_port");
INSERT INTO "patchport" VALUES(2101,680,1420);
INSERT INTO "port" VALUES(2102,'9/52',"patch_port");
INSERT INTO "patchport" VALUES(2102,681,1421);
INSERT INTO "port" VALUES(2103,'11/01 1',"patch_port");
INSERT INTO "patchport" VALUES(2103,682,535);
INSERT INTO "port" VALUES(2104,'1/01 1',"patch_port");
INSERT INTO "patchport" VALUES(2104,683,536);
INSERT INTO "port" VALUES(2105,'1/01 2',"patch_port");
INSERT INTO "patchport" VALUES(2105,684,537);
INSERT INTO "port" VALUES(2106,'1/02 1',"patch_port");
INSERT INTO "patchport" VALUES(2106,685,538);
INSERT INTO "port" VALUES(2107,'1/02 2',"patch_port");
INSERT INTO "patchport" VALUES(2107,686,539);
INSERT INTO "port" VALUES(2108,'1/03 1',"patch_port");
INSERT INTO "patchport" VALUES(2108,687,540);
INSERT INTO "port" VALUES(2109,'1/04 1',"patch_port");
INSERT INTO "patchport" VALUES(2109,688,541);
INSERT INTO "port" VALUES(2110,'1/04 2',"patch_port");
INSERT INTO "patchport" VALUES(2110,689,542);
INSERT INTO "port" VALUES(2111,'1/05 1',"patch_port");
INSERT INTO "patchport" VALUES(2111,690,543);
INSERT INTO "port" VALUES(2112,'1/05 2',"patch_port");
INSERT INTO "patchport" VALUES(2112,691,544);
INSERT INTO "port" VALUES(2113,'1/06 1',"patch_port");
INSERT INTO "patchport" VALUES(2113,692,545);
INSERT INTO "port" VALUES(2114,'1/06 2',"patch_port");
INSERT INTO "patchport" VALUES(2114,693,546);
INSERT INTO "port" VALUES(2115,'1/08 1',"patch_port");
INSERT INTO "patchport" VALUES(2115,694,547);
INSERT INTO "port" VALUES(2116,'1/08 2',"patch_port");
INSERT INTO "patchport" VALUES(2116,695,548);
INSERT INTO "port" VALUES(2117,'1/08 3',"patch_port");
INSERT INTO "patchport" VALUES(2117,696,549);
INSERT INTO "port" VALUES(2118,'10/01 1',"patch_port");
INSERT INTO "patchport" VALUES(2118,697,550);
INSERT INTO "port" VALUES(2119,'10/02 1',"patch_port");
INSERT INTO "patchport" VALUES(2119,698,551);
INSERT INTO "port" VALUES(2120,'10/03 1',"patch_port");
INSERT INTO "patchport" VALUES(2120,699,552);
INSERT INTO "port" VALUES(2121,'10/03 2',"patch_port");
INSERT INTO "patchport" VALUES(2121,700,553);
INSERT INTO "port" VALUES(2122,'10/04 1',"patch_port");
INSERT INTO "patchport" VALUES(2122,701,554);
INSERT INTO "port" VALUES(2123,'10/05 1',"patch_port");
INSERT INTO "patchport" VALUES(2123,702,555);
INSERT INTO "port" VALUES(2124,'10/05 2',"patch_port");
INSERT INTO "patchport" VALUES(2124,703,556);
INSERT INTO "port" VALUES(2125,'10/06 1',"patch_port");
INSERT INTO "patchport" VALUES(2125,704,557);
INSERT INTO "port" VALUES(2126,'10/07 1',"patch_port");
INSERT INTO "patchport" VALUES(2126,705,558);
INSERT INTO "port" VALUES(2127,'10/07 2',"patch_port");
INSERT INTO "patchport" VALUES(2127,706,559);
INSERT INTO "port" VALUES(2128,'10/08 1',"patch_port");
INSERT INTO "patchport" VALUES(2128,707,560);
INSERT INTO "port" VALUES(2129,'10/09 1',"patch_port");
INSERT INTO "patchport" VALUES(2129,708,561);
INSERT INTO "port" VALUES(2130,'10/09 2',"patch_port");
INSERT INTO "patchport" VALUES(2130,709,562);
INSERT INTO "port" VALUES(2131,'10/10 1',"patch_port");
INSERT INTO "patchport" VALUES(2131,710,563);
INSERT INTO "port" VALUES(2132,'10/11 1',"patch_port");
INSERT INTO "patchport" VALUES(2132,711,564);
INSERT INTO "port" VALUES(2133,'11/02 1',"patch_port");
INSERT INTO "patchport" VALUES(2133,832,565);
INSERT INTO "port" VALUES(2134,'11/03 1',"patch_port");
INSERT INTO "patchport" VALUES(2134,833,566);
INSERT INTO "port" VALUES(2135,'11/03 2',"patch_port");
INSERT INTO "patchport" VALUES(2135,834,567);
INSERT INTO "port" VALUES(2136,'11/04 1',"patch_port");
INSERT INTO "patchport" VALUES(2136,835,568);
INSERT INTO "port" VALUES(2137,'11/05 1',"patch_port");
INSERT INTO "patchport" VALUES(2137,836,569);
INSERT INTO "port" VALUES(2138,'11/05 2',"patch_port");
INSERT INTO "patchport" VALUES(2138,837,570);
INSERT INTO "port" VALUES(2139,'11/06 1',"patch_port");
INSERT INTO "patchport" VALUES(2139,838,571);
INSERT INTO "port" VALUES(2140,'11/07 1',"patch_port");
INSERT INTO "patchport" VALUES(2140,839,572);
INSERT INTO "port" VALUES(2141,'11/07 2',"patch_port");
INSERT INTO "patchport" VALUES(2141,840,573);
INSERT INTO "port" VALUES(2142,'11/08 1',"patch_port");
INSERT INTO "patchport" VALUES(2142,841,574);
INSERT INTO "port" VALUES(2143,'11/09 1',"patch_port");
INSERT INTO "patchport" VALUES(2143,842,575);
INSERT INTO "port" VALUES(2144,'11/09 2',"patch_port");
INSERT INTO "patchport" VALUES(2144,843,576);
INSERT INTO "port" VALUES(2145,'11/10 1',"patch_port");
INSERT INTO "patchport" VALUES(2145,844,577);
INSERT INTO "port" VALUES(2146,'11/11 1',"patch_port");
INSERT INTO "patchport" VALUES(2146,845,578);
INSERT INTO "port" VALUES(2147,'12/01 1',"patch_port");
INSERT INTO "patchport" VALUES(2147,846,579);
INSERT INTO "port" VALUES(2148,'12/02 1',"patch_port");
INSERT INTO "patchport" VALUES(2148,847,580);
INSERT INTO "port" VALUES(2149,'12/03 1',"patch_port");
INSERT INTO "patchport" VALUES(2149,848,581);
INSERT INTO "port" VALUES(2150,'12/03 2',"patch_port");
INSERT INTO "patchport" VALUES(2150,849,582);
INSERT INTO "port" VALUES(2151,'12/04 1',"patch_port");
INSERT INTO "patchport" VALUES(2151,850,583);
INSERT INTO "port" VALUES(2152,'12/05 1',"patch_port");
INSERT INTO "patchport" VALUES(2152,851,584);
INSERT INTO "port" VALUES(2153,'12/05 2',"patch_port");
INSERT INTO "patchport" VALUES(2153,852,585);
INSERT INTO "port" VALUES(2154,'12/06 1',"patch_port");
INSERT INTO "patchport" VALUES(2154,853,586);
INSERT INTO "port" VALUES(2155,'12/07 1',"patch_port");
INSERT INTO "patchport" VALUES(2155,854,587);
INSERT INTO "port" VALUES(2156,'12/07 2',"patch_port");
INSERT INTO "patchport" VALUES(2156,855,588);
INSERT INTO "port" VALUES(2157,'12/08 1',"patch_port");
INSERT INTO "patchport" VALUES(2157,856,589);
INSERT INTO "port" VALUES(2158,'12/09 1',"patch_port");
INSERT INTO "patchport" VALUES(2158,857,590);
INSERT INTO "port" VALUES(2159,'12/09 2',"patch_port");
INSERT INTO "patchport" VALUES(2159,858,591);
INSERT INTO "port" VALUES(2160,'12/10 1',"patch_port");
INSERT INTO "patchport" VALUES(2160,859,592);
INSERT INTO "port" VALUES(2161,'12/11 1',"patch_port");
INSERT INTO "patchport" VALUES(2161,860,593);
INSERT INTO "port" VALUES(2162,'13/01 1',"patch_port");
INSERT INTO "patchport" VALUES(2162,861,594);
INSERT INTO "port" VALUES(2163,'13/02 1',"patch_port");
INSERT INTO "patchport" VALUES(2163,862,595);
INSERT INTO "port" VALUES(2164,'13/03 1',"patch_port");
INSERT INTO "patchport" VALUES(2164,863,596);
INSERT INTO "port" VALUES(2165,'13/03 2',"patch_port");
INSERT INTO "patchport" VALUES(2165,864,597);
INSERT INTO "port" VALUES(2166,'13/04 1',"patch_port");
INSERT INTO "patchport" VALUES(2166,865,598);
INSERT INTO "port" VALUES(2167,'13/05 1',"patch_port");
INSERT INTO "patchport" VALUES(2167,866,599);
INSERT INTO "port" VALUES(2168,'13/05 2',"patch_port");
INSERT INTO "patchport" VALUES(2168,867,600);
INSERT INTO "port" VALUES(2169,'13/06 1',"patch_port");
INSERT INTO "patchport" VALUES(2169,868,601);
INSERT INTO "port" VALUES(2170,'13/07 1',"patch_port");
INSERT INTO "patchport" VALUES(2170,869,602);
INSERT INTO "port" VALUES(2171,'13/07 2',"patch_port");
INSERT INTO "patchport" VALUES(2171,870,603);
INSERT INTO "port" VALUES(2172,'13/08 1',"patch_port");
INSERT INTO "patchport" VALUES(2172,871,604);
INSERT INTO "port" VALUES(2173,'13/09 1',"patch_port");
INSERT INTO "patchport" VALUES(2173,872,605);
INSERT INTO "port" VALUES(2174,'13/09 2',"patch_port");
INSERT INTO "patchport" VALUES(2174,873,606);
INSERT INTO "port" VALUES(2175,'13/10 1',"patch_port");
INSERT INTO "patchport" VALUES(2175,874,607);
INSERT INTO "port" VALUES(2176,'13/11 1',"patch_port");
INSERT INTO "patchport" VALUES(2176,875,608);
INSERT INTO "port" VALUES(2177,'14/01 1',"patch_port");
INSERT INTO "patchport" VALUES(2177,876,609);
INSERT INTO "port" VALUES(2178,'14/02 1',"patch_port");
INSERT INTO "patchport" VALUES(2178,877,610);
INSERT INTO "port" VALUES(2179,'14/03 1',"patch_port");
INSERT INTO "patchport" VALUES(2179,878,611);
INSERT INTO "port" VALUES(2180,'14/03 2',"patch_port");
INSERT INTO "patchport" VALUES(2180,879,612);
INSERT INTO "port" VALUES(2181,'14/04 1',"patch_port");
INSERT INTO "patchport" VALUES(2181,880,613);
INSERT INTO "port" VALUES(2182,'14/05 1',"patch_port");
INSERT INTO "patchport" VALUES(2182,881,614);
INSERT INTO "port" VALUES(2183,'14/05 2',"patch_port");
INSERT INTO "patchport" VALUES(2183,882,615);
INSERT INTO "port" VALUES(2184,'14/06 1',"patch_port");
INSERT INTO "patchport" VALUES(2184,883,616);
INSERT INTO "port" VALUES(2185,'14/07 1',"patch_port");
INSERT INTO "patchport" VALUES(2185,884,617);
INSERT INTO "port" VALUES(2186,'14/07 2',"patch_port");
INSERT INTO "patchport" VALUES(2186,885,618);
INSERT INTO "port" VALUES(2187,'14/08 1',"patch_port");
INSERT INTO "patchport" VALUES(2187,886,619);
INSERT INTO "port" VALUES(2188,'14/09 1',"patch_port");
INSERT INTO "patchport" VALUES(2188,887,620);
INSERT INTO "port" VALUES(2189,'14/09 2',"patch_port");
INSERT INTO "patchport" VALUES(2189,888,621);
INSERT INTO "port" VALUES(2190,'14/10 1',"patch_port");
INSERT INTO "patchport" VALUES(2190,889,622);
INSERT INTO "port" VALUES(2191,'14/11 1',"patch_port");
INSERT INTO "patchport" VALUES(2191,890,623);
INSERT INTO "port" VALUES(2192,'15/01 1',"patch_port");
INSERT INTO "patchport" VALUES(2192,891,624);
INSERT INTO "port" VALUES(2193,'15/02 1',"patch_port");
INSERT INTO "patchport" VALUES(2193,892,625);
INSERT INTO "port" VALUES(2194,'15/03 1',"patch_port");
INSERT INTO "patchport" VALUES(2194,893,626);
INSERT INTO "port" VALUES(2195,'15/03 2',"patch_port");
INSERT INTO "patchport" VALUES(2195,894,627);
INSERT INTO "port" VALUES(2196,'15/04 1',"patch_port");
INSERT INTO "patchport" VALUES(2196,895,628);
INSERT INTO "port" VALUES(2197,'15/05 1',"patch_port");
INSERT INTO "patchport" VALUES(2197,896,629);
INSERT INTO "port" VALUES(2198,'15/05 2',"patch_port");
INSERT INTO "patchport" VALUES(2198,897,630);
INSERT INTO "port" VALUES(2199,'15/06 1',"patch_port");
INSERT INTO "patchport" VALUES(2199,898,631);
INSERT INTO "port" VALUES(2200,'15/07 1',"patch_port");
INSERT INTO "patchport" VALUES(2200,899,632);
INSERT INTO "port" VALUES(2201,'15/07 2',"patch_port");
INSERT INTO "patchport" VALUES(2201,900,633);
INSERT INTO "port" VALUES(2202,'15/08 1',"patch_port");
INSERT INTO "patchport" VALUES(2202,901,634);
INSERT INTO "port" VALUES(2203,'15/09 1',"patch_port");
INSERT INTO "patchport" VALUES(2203,902,635);
INSERT INTO "port" VALUES(2204,'15/09 2',"patch_port");
INSERT INTO "patchport" VALUES(2204,903,636);
INSERT INTO "port" VALUES(2205,'15/10 1',"patch_port");
INSERT INTO "patchport" VALUES(2205,904,637);
INSERT INTO "port" VALUES(2206,'15/11 1',"patch_port");
INSERT INTO "patchport" VALUES(2206,905,638);
INSERT INTO "port" VALUES(2207,'2/01 1',"patch_port");
INSERT INTO "patchport" VALUES(2207,712,639);
INSERT INTO "port" VALUES(2208,'2/02 1',"patch_port");
INSERT INTO "patchport" VALUES(2208,713,640);
INSERT INTO "port" VALUES(2209,'2/03 1',"patch_port");
INSERT INTO "patchport" VALUES(2209,714,641);
INSERT INTO "port" VALUES(2210,'2/03 2',"patch_port");
INSERT INTO "patchport" VALUES(2210,715,642);
INSERT INTO "port" VALUES(2211,'2/04 1',"patch_port");
INSERT INTO "patchport" VALUES(2211,716,643);
INSERT INTO "port" VALUES(2212,'2/05 1',"patch_port");
INSERT INTO "patchport" VALUES(2212,717,644);
INSERT INTO "port" VALUES(2213,'2/05 2',"patch_port");
INSERT INTO "patchport" VALUES(2213,718,645);
INSERT INTO "port" VALUES(2214,'2/06 1',"patch_port");
INSERT INTO "patchport" VALUES(2214,719,646);
INSERT INTO "port" VALUES(2215,'2/07 1',"patch_port");
INSERT INTO "patchport" VALUES(2215,720,647);
INSERT INTO "port" VALUES(2216,'2/07 2',"patch_port");
INSERT INTO "patchport" VALUES(2216,721,648);
INSERT INTO "port" VALUES(2217,'2/08 1',"patch_port");
INSERT INTO "patchport" VALUES(2217,722,649);
INSERT INTO "port" VALUES(2218,'2/09 1',"patch_port");
INSERT INTO "patchport" VALUES(2218,723,650);
INSERT INTO "port" VALUES(2219,'2/09 2',"patch_port");
INSERT INTO "patchport" VALUES(2219,724,651);
INSERT INTO "port" VALUES(2220,'2/10 1',"patch_port");
INSERT INTO "patchport" VALUES(2220,725,652);
INSERT INTO "port" VALUES(2221,'2/11 1',"patch_port");
INSERT INTO "patchport" VALUES(2221,726,653);
INSERT INTO "port" VALUES(2222,'3/01 1',"patch_port");
INSERT INTO "patchport" VALUES(2222,727,654);
INSERT INTO "port" VALUES(2223,'3/02 1',"patch_port");
INSERT INTO "patchport" VALUES(2223,728,655);
INSERT INTO "port" VALUES(2224,'3/03 1',"patch_port");
INSERT INTO "patchport" VALUES(2224,729,656);
INSERT INTO "port" VALUES(2225,'3/03 2',"patch_port");
INSERT INTO "patchport" VALUES(2225,730,657);
INSERT INTO "port" VALUES(2226,'3/04 1',"patch_port");
INSERT INTO "patchport" VALUES(2226,731,658);
INSERT INTO "port" VALUES(2227,'3/05 1',"patch_port");
INSERT INTO "patchport" VALUES(2227,732,659);
INSERT INTO "port" VALUES(2228,'3/05 2',"patch_port");
INSERT INTO "patchport" VALUES(2228,733,660);
INSERT INTO "port" VALUES(2229,'3/06 1',"patch_port");
INSERT INTO "patchport" VALUES(2229,734,661);
INSERT INTO "port" VALUES(2230,'3/07 1',"patch_port");
INSERT INTO "patchport" VALUES(2230,735,662);
INSERT INTO "port" VALUES(2231,'3/07 2',"patch_port");
INSERT INTO "patchport" VALUES(2231,736,663);
INSERT INTO "port" VALUES(2232,'3/08 1',"patch_port");
INSERT INTO "patchport" VALUES(2232,737,664);
INSERT INTO "port" VALUES(2233,'3/09 1',"patch_port");
INSERT INTO "patchport" VALUES(2233,738,665);
INSERT INTO "port" VALUES(2234,'3/09 2',"patch_port");
INSERT INTO "patchport" VALUES(2234,739,666);
INSERT INTO "port" VALUES(2235,'3/10 1',"patch_port");
INSERT INTO "patchport" VALUES(2235,740,667);
INSERT INTO "port" VALUES(2236,'3/11 1',"patch_port");
INSERT INTO "patchport" VALUES(2236,741,668);
INSERT INTO "port" VALUES(2237,'4/01 1',"patch_port");
INSERT INTO "patchport" VALUES(2237,742,669);
INSERT INTO "port" VALUES(2238,'4/02 1',"patch_port");
INSERT INTO "patchport" VALUES(2238,743,670);
INSERT INTO "port" VALUES(2239,'4/03 1',"patch_port");
INSERT INTO "patchport" VALUES(2239,744,671);
INSERT INTO "port" VALUES(2240,'4/03 2',"patch_port");
INSERT INTO "patchport" VALUES(2240,745,672);
INSERT INTO "port" VALUES(2241,'4/04 1',"patch_port");
INSERT INTO "patchport" VALUES(2241,746,673);
INSERT INTO "port" VALUES(2242,'4/05 1',"patch_port");
INSERT INTO "patchport" VALUES(2242,747,674);
INSERT INTO "port" VALUES(2243,'4/05 2',"patch_port");
INSERT INTO "patchport" VALUES(2243,748,675);
INSERT INTO "port" VALUES(2244,'4/06 1',"patch_port");
INSERT INTO "patchport" VALUES(2244,749,676);
INSERT INTO "port" VALUES(2245,'4/07 1',"patch_port");
INSERT INTO "patchport" VALUES(2245,750,677);
INSERT INTO "port" VALUES(2246,'4/07 2',"patch_port");
INSERT INTO "patchport" VALUES(2246,751,678);
INSERT INTO "port" VALUES(2247,'4/08 1',"patch_port");
INSERT INTO "patchport" VALUES(2247,752,679);
INSERT INTO "port" VALUES(2248,'4/09 1',"patch_port");
INSERT INTO "patchport" VALUES(2248,753,680);
INSERT INTO "port" VALUES(2249,'4/09 2',"patch_port");
INSERT INTO "patchport" VALUES(2249,754,681);
INSERT INTO "port" VALUES(2250,'4/10 1',"patch_port");
INSERT INTO "patchport" VALUES(2250,755,682);
INSERT INTO "port" VALUES(2251,'4/11 1',"patch_port");
INSERT INTO "patchport" VALUES(2251,756,683);
INSERT INTO "port" VALUES(2252,'5/01 1',"patch_port");
INSERT INTO "patchport" VALUES(2252,757,684);
INSERT INTO "port" VALUES(2253,'5/02 1',"patch_port");
INSERT INTO "patchport" VALUES(2253,758,685);
INSERT INTO "port" VALUES(2254,'5/03 1',"patch_port");
INSERT INTO "patchport" VALUES(2254,759,686);
INSERT INTO "port" VALUES(2255,'5/03 2',"patch_port");
INSERT INTO "patchport" VALUES(2255,760,687);
INSERT INTO "port" VALUES(2256,'5/04 1',"patch_port");
INSERT INTO "patchport" VALUES(2256,761,688);
INSERT INTO "port" VALUES(2257,'5/05 1',"patch_port");
INSERT INTO "patchport" VALUES(2257,762,689);
INSERT INTO "port" VALUES(2258,'5/05 2',"patch_port");
INSERT INTO "patchport" VALUES(2258,763,690);
INSERT INTO "port" VALUES(2259,'5/06 1',"patch_port");
INSERT INTO "patchport" VALUES(2259,764,691);
INSERT INTO "port" VALUES(2260,'5/07 1',"patch_port");
INSERT INTO "patchport" VALUES(2260,765,692);
INSERT INTO "port" VALUES(2261,'5/07 2',"patch_port");
INSERT INTO "patchport" VALUES(2261,766,693);
INSERT INTO "port" VALUES(2262,'5/08 1',"patch_port");
INSERT INTO "patchport" VALUES(2262,767,694);
INSERT INTO "port" VALUES(2263,'5/09 1',"patch_port");
INSERT INTO "patchport" VALUES(2263,768,695);
INSERT INTO "port" VALUES(2264,'5/09 2',"patch_port");
INSERT INTO "patchport" VALUES(2264,769,696);
INSERT INTO "port" VALUES(2265,'5/10 1',"patch_port");
INSERT INTO "patchport" VALUES(2265,770,697);
INSERT INTO "port" VALUES(2266,'5/11 1',"patch_port");
INSERT INTO "patchport" VALUES(2266,771,698);
INSERT INTO "port" VALUES(2267,'6/01 1',"patch_port");
INSERT INTO "patchport" VALUES(2267,772,699);
INSERT INTO "port" VALUES(2268,'6/02 1',"patch_port");
INSERT INTO "patchport" VALUES(2268,773,700);
INSERT INTO "port" VALUES(2269,'6/03 1',"patch_port");
INSERT INTO "patchport" VALUES(2269,774,701);
INSERT INTO "port" VALUES(2270,'6/03 2',"patch_port");
INSERT INTO "patchport" VALUES(2270,775,702);
INSERT INTO "port" VALUES(2271,'6/04 1',"patch_port");
INSERT INTO "patchport" VALUES(2271,776,703);
INSERT INTO "port" VALUES(2272,'6/05 1',"patch_port");
INSERT INTO "patchport" VALUES(2272,777,704);
INSERT INTO "port" VALUES(2273,'6/05 2',"patch_port");
INSERT INTO "patchport" VALUES(2273,778,705);
INSERT INTO "port" VALUES(2274,'6/06 1',"patch_port");
INSERT INTO "patchport" VALUES(2274,779,706);
INSERT INTO "port" VALUES(2275,'6/07 1',"patch_port");
INSERT INTO "patchport" VALUES(2275,780,707);
INSERT INTO "port" VALUES(2276,'6/07 2',"patch_port");
INSERT INTO "patchport" VALUES(2276,781,708);
INSERT INTO "port" VALUES(2277,'6/08 1',"patch_port");
INSERT INTO "patchport" VALUES(2277,782,709);
INSERT INTO "port" VALUES(2278,'6/09 1',"patch_port");
INSERT INTO "patchport" VALUES(2278,783,710);
INSERT INTO "port" VALUES(2279,'6/09 2',"patch_port");
INSERT INTO "patchport" VALUES(2279,784,711);
INSERT INTO "port" VALUES(2280,'6/10 1',"patch_port");
INSERT INTO "patchport" VALUES(2280,785,712);
INSERT INTO "port" VALUES(2281,'6/11 1',"patch_port");
INSERT INTO "patchport" VALUES(2281,786,713);
INSERT INTO "port" VALUES(2282,'7/01 1',"patch_port");
INSERT INTO "patchport" VALUES(2282,787,714);
INSERT INTO "port" VALUES(2283,'7/02 1',"patch_port");
INSERT INTO "patchport" VALUES(2283,788,715);
INSERT INTO "port" VALUES(2284,'7/03 1',"patch_port");
INSERT INTO "patchport" VALUES(2284,789,716);
INSERT INTO "port" VALUES(2285,'7/03 2',"patch_port");
INSERT INTO "patchport" VALUES(2285,790,717);
INSERT INTO "port" VALUES(2286,'7/04 1',"patch_port");
INSERT INTO "patchport" VALUES(2286,791,718);
INSERT INTO "port" VALUES(2287,'7/05 1',"patch_port");
INSERT INTO "patchport" VALUES(2287,792,719);
INSERT INTO "port" VALUES(2288,'7/05 2',"patch_port");
INSERT INTO "patchport" VALUES(2288,793,720);
INSERT INTO "port" VALUES(2289,'7/06 1',"patch_port");
INSERT INTO "patchport" VALUES(2289,794,721);
INSERT INTO "port" VALUES(2290,'7/07 1',"patch_port");
INSERT INTO "patchport" VALUES(2290,795,722);
INSERT INTO "port" VALUES(2291,'7/07 2',"patch_port");
INSERT INTO "patchport" VALUES(2291,796,723);
INSERT INTO "port" VALUES(2292,'7/08 1',"patch_port");
INSERT INTO "patchport" VALUES(2292,797,724);
INSERT INTO "port" VALUES(2293,'7/09 1',"patch_port");
INSERT INTO "patchport" VALUES(2293,798,725);
INSERT INTO "port" VALUES(2294,'7/09 2',"patch_port");
INSERT INTO "patchport" VALUES(2294,799,726);
INSERT INTO "port" VALUES(2295,'7/10 1',"patch_port");
INSERT INTO "patchport" VALUES(2295,800,727);
INSERT INTO "port" VALUES(2296,'7/11 1',"patch_port");
INSERT INTO "patchport" VALUES(2296,801,728);
INSERT INTO "port" VALUES(2297,'8/01 1',"patch_port");
INSERT INTO "patchport" VALUES(2297,802,729);
INSERT INTO "port" VALUES(2298,'8/02 1',"patch_port");
INSERT INTO "patchport" VALUES(2298,803,730);
INSERT INTO "port" VALUES(2299,'8/03 1',"patch_port");
INSERT INTO "patchport" VALUES(2299,804,731);
INSERT INTO "port" VALUES(2300,'8/03 2',"patch_port");
INSERT INTO "patchport" VALUES(2300,805,732);
INSERT INTO "port" VALUES(2301,'8/04 1',"patch_port");
INSERT INTO "patchport" VALUES(2301,806,733);
INSERT INTO "port" VALUES(2302,'8/05 1',"patch_port");
INSERT INTO "patchport" VALUES(2302,807,734);
INSERT INTO "port" VALUES(2303,'8/05 2',"patch_port");
INSERT INTO "patchport" VALUES(2303,808,735);
INSERT INTO "port" VALUES(2304,'8/06 1',"patch_port");
INSERT INTO "patchport" VALUES(2304,809,736);
INSERT INTO "port" VALUES(2305,'8/07 1',"patch_port");
INSERT INTO "patchport" VALUES(2305,810,737);
INSERT INTO "port" VALUES(2306,'8/07 2',"patch_port");
INSERT INTO "patchport" VALUES(2306,811,738);
INSERT INTO "port" VALUES(2307,'8/08 1',"patch_port");
INSERT INTO "patchport" VALUES(2307,812,739);
INSERT INTO "port" VALUES(2308,'8/09 1',"patch_port");
INSERT INTO "patchport" VALUES(2308,813,740);
INSERT INTO "port" VALUES(2309,'8/09 2',"patch_port");
INSERT INTO "patchport" VALUES(2309,814,741);
INSERT INTO "port" VALUES(2310,'8/10 1',"patch_port");
INSERT INTO "patchport" VALUES(2310,815,742);
INSERT INTO "port" VALUES(2311,'8/11 1',"patch_port");
INSERT INTO "patchport" VALUES(2311,816,743);
INSERT INTO "port" VALUES(2312,'9/01 1',"patch_port");
INSERT INTO "patchport" VALUES(2312,817,744);
INSERT INTO "port" VALUES(2313,'9/02 1',"patch_port");
INSERT INTO "patchport" VALUES(2313,818,745);
INSERT INTO "port" VALUES(2314,'9/03 1',"patch_port");
INSERT INTO "patchport" VALUES(2314,819,746);
INSERT INTO "port" VALUES(2315,'9/03 2',"patch_port");
INSERT INTO "patchport" VALUES(2315,820,747);
INSERT INTO "port" VALUES(2316,'9/04 1',"patch_port");
INSERT INTO "patchport" VALUES(2316,821,748);
INSERT INTO "port" VALUES(2317,'9/05 1',"patch_port");
INSERT INTO "patchport" VALUES(2317,822,749);
INSERT INTO "port" VALUES(2318,'9/05 2',"patch_port");
INSERT INTO "patchport" VALUES(2318,823,750);
INSERT INTO "port" VALUES(2319,'9/06 1',"patch_port");
INSERT INTO "patchport" VALUES(2319,824,751);
INSERT INTO "port" VALUES(2320,'9/07 1',"patch_port");
INSERT INTO "patchport" VALUES(2320,825,752);
INSERT INTO "port" VALUES(2321,'9/07 2',"patch_port");
INSERT INTO "patchport" VALUES(2321,826,753);
INSERT INTO "port" VALUES(2322,'9/08 1',"patch_port");
INSERT INTO "patchport" VALUES(2322,827,754);
INSERT INTO "port" VALUES(2323,'9/09 1',"patch_port");
INSERT INTO "patchport" VALUES(2323,828,755);
INSERT INTO "port" VALUES(2324,'9/09 2',"patch_port");
INSERT INTO "patchport" VALUES(2324,829,756);
INSERT INTO "port" VALUES(2325,'9/10 1',"patch_port");
INSERT INTO "patchport" VALUES(2325,830,757);
INSERT INTO "port" VALUES(2326,'9/11 1',"patch_port");
INSERT INTO "patchport" VALUES(2326,831,758);
INSERT INTO "port" VALUES(2327,'0/21',"patch_port");
INSERT INTO "patchport" VALUES(2327,906,759);
INSERT INTO "port" VALUES(2328,'0/41',"patch_port");
INSERT INTO "patchport" VALUES(2328,1032,760);
INSERT INTO "port" VALUES(2329,'0/51',"patch_port");
INSERT INTO "patchport" VALUES(2329,1033,761);
INSERT INTO "port" VALUES(2330,'0/83',"patch_port");
INSERT INTO "patchport" VALUES(2330,1034,762);
INSERT INTO "port" VALUES(2331,'1/11',"patch_port");
INSERT INTO "patchport" VALUES(2331,1035,763);
INSERT INTO "port" VALUES(2332,'1/13',"patch_port");
INSERT INTO "patchport" VALUES(2332,1036,764);
INSERT INTO "port" VALUES(2333,'1/14',"patch_port");
INSERT INTO "patchport" VALUES(2333,1037,765);
INSERT INTO "port" VALUES(2334,'1/30',"patch_port");
INSERT INTO "patchport" VALUES(2334,1038,766);
INSERT INTO "port" VALUES(2335,'1/41',"patch_port");
INSERT INTO "patchport" VALUES(2335,1039,767);
INSERT INTO "port" VALUES(2336,'1/42',"patch_port");
INSERT INTO "patchport" VALUES(2336,1040,768);
INSERT INTO "port" VALUES(2337,'1/43',"patch_port");
INSERT INTO "patchport" VALUES(2337,1041,769);
INSERT INTO "port" VALUES(2338,'1/44',"patch_port");
INSERT INTO "patchport" VALUES(2338,1042,770);
INSERT INTO "port" VALUES(2339,'1/45',"patch_port");
INSERT INTO "patchport" VALUES(2339,1043,771);
INSERT INTO "port" VALUES(2340,'10/11',"patch_port");
INSERT INTO "patchport" VALUES(2340,907,772);
INSERT INTO "port" VALUES(2341,'10/21',"patch_port");
INSERT INTO "patchport" VALUES(2341,908,773);
INSERT INTO "port" VALUES(2342,'10/22',"patch_port");
INSERT INTO "patchport" VALUES(2342,909,774);
INSERT INTO "port" VALUES(2343,'10/23',"patch_port");
INSERT INTO "patchport" VALUES(2343,910,775);
INSERT INTO "port" VALUES(2344,'10/31',"patch_port");
INSERT INTO "patchport" VALUES(2344,911,776);
INSERT INTO "port" VALUES(2345,'10/41',"patch_port");
INSERT INTO "patchport" VALUES(2345,912,777);
INSERT INTO "port" VALUES(2346,'10/42',"patch_port");
INSERT INTO "patchport" VALUES(2346,913,778);
INSERT INTO "port" VALUES(2347,'10/43',"patch_port");
INSERT INTO "patchport" VALUES(2347,914,779);
INSERT INTO "port" VALUES(2348,'10/44',"patch_port");
INSERT INTO "patchport" VALUES(2348,915,780);
INSERT INTO "port" VALUES(2349,'10/45',"patch_port");
INSERT INTO "patchport" VALUES(2349,916,781);
INSERT INTO "port" VALUES(2350,'10/51',"patch_port");
INSERT INTO "patchport" VALUES(2350,917,782);
INSERT INTO "port" VALUES(2351,'10/61',"patch_port");
INSERT INTO "patchport" VALUES(2351,918,783);
INSERT INTO "port" VALUES(2352,'10/62',"patch_port");
INSERT INTO "patchport" VALUES(2352,919,784);
INSERT INTO "port" VALUES(2353,'10/63',"patch_port");
INSERT INTO "patchport" VALUES(2353,920,785);
INSERT INTO "port" VALUES(2354,'10/71',"patch_port");
INSERT INTO "patchport" VALUES(2354,921,786);
INSERT INTO "port" VALUES(2355,'11/11',"patch_port");
INSERT INTO "patchport" VALUES(2355,922,787);
INSERT INTO "port" VALUES(2356,'11/21',"patch_port");
INSERT INTO "patchport" VALUES(2356,923,788);
INSERT INTO "port" VALUES(2357,'11/22',"patch_port");
INSERT INTO "patchport" VALUES(2357,924,789);
INSERT INTO "port" VALUES(2358,'11/23',"patch_port");
INSERT INTO "patchport" VALUES(2358,925,790);
INSERT INTO "port" VALUES(2359,'11/31',"patch_port");
INSERT INTO "patchport" VALUES(2359,926,791);
INSERT INTO "port" VALUES(2360,'11/41',"patch_port");
INSERT INTO "patchport" VALUES(2360,927,792);
INSERT INTO "port" VALUES(2361,'11/42',"patch_port");
INSERT INTO "patchport" VALUES(2361,928,793);
INSERT INTO "port" VALUES(2362,'11/43',"patch_port");
INSERT INTO "patchport" VALUES(2362,929,794);
INSERT INTO "port" VALUES(2363,'11/44',"patch_port");
INSERT INTO "patchport" VALUES(2363,930,795);
INSERT INTO "port" VALUES(2364,'11/45',"patch_port");
INSERT INTO "patchport" VALUES(2364,931,796);
INSERT INTO "port" VALUES(2365,'11/51',"patch_port");
INSERT INTO "patchport" VALUES(2365,932,797);
INSERT INTO "port" VALUES(2366,'11/61',"patch_port");
INSERT INTO "patchport" VALUES(2366,933,798);
INSERT INTO "port" VALUES(2367,'11/62',"patch_port");
INSERT INTO "patchport" VALUES(2367,934,799);
INSERT INTO "port" VALUES(2368,'11/63',"patch_port");
INSERT INTO "patchport" VALUES(2368,935,800);
INSERT INTO "port" VALUES(2369,'11/71',"patch_port");
INSERT INTO "patchport" VALUES(2369,936,801);
INSERT INTO "port" VALUES(2370,'12/11',"patch_port");
INSERT INTO "patchport" VALUES(2370,937,802);
INSERT INTO "port" VALUES(2371,'12/21',"patch_port");
INSERT INTO "patchport" VALUES(2371,938,803);
INSERT INTO "port" VALUES(2372,'12/22',"patch_port");
INSERT INTO "patchport" VALUES(2372,939,804);
INSERT INTO "port" VALUES(2373,'12/23',"patch_port");
INSERT INTO "patchport" VALUES(2373,940,805);
INSERT INTO "port" VALUES(2374,'12/31',"patch_port");
INSERT INTO "patchport" VALUES(2374,941,806);
INSERT INTO "port" VALUES(2375,'12/41',"patch_port");
INSERT INTO "patchport" VALUES(2375,942,807);
INSERT INTO "port" VALUES(2376,'12/42',"patch_port");
INSERT INTO "patchport" VALUES(2376,943,808);
INSERT INTO "port" VALUES(2377,'12/43',"patch_port");
INSERT INTO "patchport" VALUES(2377,944,809);
INSERT INTO "port" VALUES(2378,'12/44',"patch_port");
INSERT INTO "patchport" VALUES(2378,945,810);
INSERT INTO "port" VALUES(2379,'12/45',"patch_port");
INSERT INTO "patchport" VALUES(2379,946,811);
INSERT INTO "port" VALUES(2380,'12/51',"patch_port");
INSERT INTO "patchport" VALUES(2380,947,812);
INSERT INTO "port" VALUES(2381,'12/61',"patch_port");
INSERT INTO "patchport" VALUES(2381,948,813);
INSERT INTO "port" VALUES(2382,'12/62',"patch_port");
INSERT INTO "patchport" VALUES(2382,949,814);
INSERT INTO "port" VALUES(2383,'12/63',"patch_port");
INSERT INTO "patchport" VALUES(2383,950,815);
INSERT INTO "port" VALUES(2384,'12/71',"patch_port");
INSERT INTO "patchport" VALUES(2384,951,816);
INSERT INTO "port" VALUES(2385,'13/11',"patch_port");
INSERT INTO "patchport" VALUES(2385,952,817);
INSERT INTO "port" VALUES(2386,'13/21',"patch_port");
INSERT INTO "patchport" VALUES(2386,953,818);
INSERT INTO "port" VALUES(2387,'13/22',"patch_port");
INSERT INTO "patchport" VALUES(2387,954,819);
INSERT INTO "port" VALUES(2388,'13/23',"patch_port");
INSERT INTO "patchport" VALUES(2388,955,820);
INSERT INTO "port" VALUES(2389,'13/31',"patch_port");
INSERT INTO "patchport" VALUES(2389,956,821);
INSERT INTO "port" VALUES(2390,'13/41',"patch_port");
INSERT INTO "patchport" VALUES(2390,957,822);
INSERT INTO "port" VALUES(2391,'13/42',"patch_port");
INSERT INTO "patchport" VALUES(2391,958,823);
INSERT INTO "port" VALUES(2392,'13/43',"patch_port");
INSERT INTO "patchport" VALUES(2392,959,824);
INSERT INTO "port" VALUES(2393,'13/44',"patch_port");
INSERT INTO "patchport" VALUES(2393,960,825);
INSERT INTO "port" VALUES(2394,'13/45',"patch_port");
INSERT INTO "patchport" VALUES(2394,961,826);
INSERT INTO "port" VALUES(2395,'13/51',"patch_port");
INSERT INTO "patchport" VALUES(2395,962,827);
INSERT INTO "port" VALUES(2396,'13/61',"patch_port");
INSERT INTO "patchport" VALUES(2396,963,828);
INSERT INTO "port" VALUES(2397,'13/62',"patch_port");
INSERT INTO "patchport" VALUES(2397,964,829);
INSERT INTO "port" VALUES(2398,'13/63',"patch_port");
INSERT INTO "patchport" VALUES(2398,965,830);
INSERT INTO "port" VALUES(2399,'13/71',"patch_port");
INSERT INTO "patchport" VALUES(2399,966,831);
INSERT INTO "port" VALUES(2400,'14/11',"patch_port");
INSERT INTO "patchport" VALUES(2400,967,832);
INSERT INTO "port" VALUES(2401,'14/21',"patch_port");
INSERT INTO "patchport" VALUES(2401,968,833);
INSERT INTO "port" VALUES(2402,'14/22',"patch_port");
INSERT INTO "patchport" VALUES(2402,969,834);
INSERT INTO "port" VALUES(2403,'14/23',"patch_port");
INSERT INTO "patchport" VALUES(2403,970,835);
INSERT INTO "port" VALUES(2404,'14/31',"patch_port");
INSERT INTO "patchport" VALUES(2404,971,836);
INSERT INTO "port" VALUES(2405,'14/41',"patch_port");
INSERT INTO "patchport" VALUES(2405,972,837);
INSERT INTO "port" VALUES(2406,'14/42',"patch_port");
INSERT INTO "patchport" VALUES(2406,973,838);
INSERT INTO "port" VALUES(2407,'14/43',"patch_port");
INSERT INTO "patchport" VALUES(2407,974,839);
INSERT INTO "port" VALUES(2408,'14/44',"patch_port");
INSERT INTO "patchport" VALUES(2408,975,840);
INSERT INTO "port" VALUES(2409,'14/45',"patch_port");
INSERT INTO "patchport" VALUES(2409,976,841);
INSERT INTO "port" VALUES(2410,'14/51',"patch_port");
INSERT INTO "patchport" VALUES(2410,977,842);
INSERT INTO "port" VALUES(2411,'14/61',"patch_port");
INSERT INTO "patchport" VALUES(2411,978,843);
INSERT INTO "port" VALUES(2412,'14/62',"patch_port");
INSERT INTO "patchport" VALUES(2412,979,844);
INSERT INTO "port" VALUES(2413,'14/63',"patch_port");
INSERT INTO "patchport" VALUES(2413,980,845);
INSERT INTO "port" VALUES(2414,'14/71',"patch_port");
INSERT INTO "patchport" VALUES(2414,981,846);
INSERT INTO "port" VALUES(2415,'15/11',"patch_port");
INSERT INTO "patchport" VALUES(2415,982,847);
INSERT INTO "port" VALUES(2416,'15/21',"patch_port");
INSERT INTO "patchport" VALUES(2416,983,848);
INSERT INTO "port" VALUES(2417,'15/22',"patch_port");
INSERT INTO "patchport" VALUES(2417,984,849);
INSERT INTO "port" VALUES(2418,'15/23',"patch_port");
INSERT INTO "patchport" VALUES(2418,985,850);
INSERT INTO "port" VALUES(2419,'15/31',"patch_port");
INSERT INTO "patchport" VALUES(2419,986,851);
INSERT INTO "port" VALUES(2420,'15/41',"patch_port");
INSERT INTO "patchport" VALUES(2420,987,852);
INSERT INTO "port" VALUES(2421,'15/42',"patch_port");
INSERT INTO "patchport" VALUES(2421,988,853);
INSERT INTO "port" VALUES(2422,'15/43',"patch_port");
INSERT INTO "patchport" VALUES(2422,989,854);
INSERT INTO "port" VALUES(2423,'15/44',"patch_port");
INSERT INTO "patchport" VALUES(2423,990,855);
INSERT INTO "port" VALUES(2424,'15/45',"patch_port");
INSERT INTO "patchport" VALUES(2424,991,856);
INSERT INTO "port" VALUES(2425,'15/51',"patch_port");
INSERT INTO "patchport" VALUES(2425,992,857);
INSERT INTO "port" VALUES(2426,'15/61',"patch_port");
INSERT INTO "patchport" VALUES(2426,993,858);
INSERT INTO "port" VALUES(2427,'15/62',"patch_port");
INSERT INTO "patchport" VALUES(2427,994,859);
INSERT INTO "port" VALUES(2428,'15/63',"patch_port");
INSERT INTO "patchport" VALUES(2428,995,860);
INSERT INTO "port" VALUES(2429,'15/71',"patch_port");
INSERT INTO "patchport" VALUES(2429,996,861);
INSERT INTO "port" VALUES(2430,'16/11',"patch_port");
INSERT INTO "patchport" VALUES(2430,997,862);
INSERT INTO "port" VALUES(2431,'16/12',"patch_port");
INSERT INTO "patchport" VALUES(2431,998,863);
INSERT INTO "port" VALUES(2432,'16/13',"patch_port");
INSERT INTO "patchport" VALUES(2432,999,864);
INSERT INTO "port" VALUES(2433,'16/14',"patch_port");
INSERT INTO "patchport" VALUES(2433,1000,865);
INSERT INTO "port" VALUES(2434,'16/15',"patch_port");
INSERT INTO "patchport" VALUES(2434,1001,866);
INSERT INTO "port" VALUES(2435,'2/11',"patch_port");
INSERT INTO "patchport" VALUES(2435,1044,867);
INSERT INTO "port" VALUES(2436,'2/21',"patch_port");
INSERT INTO "patchport" VALUES(2436,1045,868);
INSERT INTO "port" VALUES(2437,'2/22',"patch_port");
INSERT INTO "patchport" VALUES(2437,1046,869);
INSERT INTO "port" VALUES(2438,'2/23',"patch_port");
INSERT INTO "patchport" VALUES(2438,1047,870);
INSERT INTO "port" VALUES(2439,'2/31',"patch_port");
INSERT INTO "patchport" VALUES(2439,1048,871);
INSERT INTO "port" VALUES(2440,'2/41',"patch_port");
INSERT INTO "patchport" VALUES(2440,1049,872);
INSERT INTO "port" VALUES(2441,'2/42',"patch_port");
INSERT INTO "patchport" VALUES(2441,1050,873);
INSERT INTO "port" VALUES(2442,'2/43',"patch_port");
INSERT INTO "patchport" VALUES(2442,1051,874);
INSERT INTO "port" VALUES(2443,'2/44',"patch_port");
INSERT INTO "patchport" VALUES(2443,1052,875);
INSERT INTO "port" VALUES(2444,'2/45',"patch_port");
INSERT INTO "patchport" VALUES(2444,1053,876);
INSERT INTO "port" VALUES(2445,'2/51',"patch_port");
INSERT INTO "patchport" VALUES(2445,1054,877);
INSERT INTO "port" VALUES(2446,'2/61',"patch_port");
INSERT INTO "patchport" VALUES(2446,1055,878);
INSERT INTO "port" VALUES(2447,'2/62',"patch_port");
INSERT INTO "patchport" VALUES(2447,1056,879);
INSERT INTO "port" VALUES(2448,'2/63',"patch_port");
INSERT INTO "patchport" VALUES(2448,1057,880);
INSERT INTO "port" VALUES(2449,'2/71',"patch_port");
INSERT INTO "patchport" VALUES(2449,1058,881);
INSERT INTO "port" VALUES(2450,'3/11',"patch_port");
INSERT INTO "patchport" VALUES(2450,1059,882);
INSERT INTO "port" VALUES(2451,'3/21',"patch_port");
INSERT INTO "patchport" VALUES(2451,1060,883);
INSERT INTO "port" VALUES(2452,'3/22',"patch_port");
INSERT INTO "patchport" VALUES(2452,1061,884);
INSERT INTO "port" VALUES(2453,'3/23',"patch_port");
INSERT INTO "patchport" VALUES(2453,1062,885);
INSERT INTO "port" VALUES(2454,'3/31',"patch_port");
INSERT INTO "patchport" VALUES(2454,1063,886);
INSERT INTO "port" VALUES(2455,'3/41',"patch_port");
INSERT INTO "patchport" VALUES(2455,1064,887);
INSERT INTO "port" VALUES(2456,'3/42',"patch_port");
INSERT INTO "patchport" VALUES(2456,1065,888);
INSERT INTO "port" VALUES(2457,'3/43',"patch_port");
INSERT INTO "patchport" VALUES(2457,1066,889);
INSERT INTO "port" VALUES(2458,'3/44',"patch_port");
INSERT INTO "patchport" VALUES(2458,1067,890);
INSERT INTO "port" VALUES(2459,'3/45',"patch_port");
INSERT INTO "patchport" VALUES(2459,1068,891);
INSERT INTO "port" VALUES(2460,'3/51',"patch_port");
INSERT INTO "patchport" VALUES(2460,1069,892);
INSERT INTO "port" VALUES(2461,'3/61',"patch_port");
INSERT INTO "patchport" VALUES(2461,1070,893);
INSERT INTO "port" VALUES(2462,'3/62',"patch_port");
INSERT INTO "patchport" VALUES(2462,1071,894);
INSERT INTO "port" VALUES(2463,'3/63',"patch_port");
INSERT INTO "patchport" VALUES(2463,1072,895);
INSERT INTO "port" VALUES(2464,'3/71',"patch_port");
INSERT INTO "patchport" VALUES(2464,1073,896);
INSERT INTO "port" VALUES(2465,'4/11',"patch_port");
INSERT INTO "patchport" VALUES(2465,1074,897);
INSERT INTO "port" VALUES(2466,'4/21',"patch_port");
INSERT INTO "patchport" VALUES(2466,1075,898);
INSERT INTO "port" VALUES(2467,'4/22',"patch_port");
INSERT INTO "patchport" VALUES(2467,1076,899);
INSERT INTO "port" VALUES(2468,'4/23',"patch_port");
INSERT INTO "patchport" VALUES(2468,1077,900);
INSERT INTO "port" VALUES(2469,'4/31',"patch_port");
INSERT INTO "patchport" VALUES(2469,1078,901);
INSERT INTO "port" VALUES(2470,'4/41',"patch_port");
INSERT INTO "patchport" VALUES(2470,1079,902);
INSERT INTO "port" VALUES(2471,'4/42',"patch_port");
INSERT INTO "patchport" VALUES(2471,1080,903);
INSERT INTO "port" VALUES(2472,'4/43',"patch_port");
INSERT INTO "patchport" VALUES(2472,1081,904);
INSERT INTO "port" VALUES(2473,'4/44',"patch_port");
INSERT INTO "patchport" VALUES(2473,1082,905);
INSERT INTO "port" VALUES(2474,'4/45',"patch_port");
INSERT INTO "patchport" VALUES(2474,1083,906);
INSERT INTO "port" VALUES(2475,'4/51',"patch_port");
INSERT INTO "patchport" VALUES(2475,1084,907);
INSERT INTO "port" VALUES(2476,'4/61',"patch_port");
INSERT INTO "patchport" VALUES(2476,1085,908);
INSERT INTO "port" VALUES(2477,'4/62',"patch_port");
INSERT INTO "patchport" VALUES(2477,1086,909);
INSERT INTO "port" VALUES(2478,'4/63',"patch_port");
INSERT INTO "patchport" VALUES(2478,1087,910);
INSERT INTO "port" VALUES(2479,'4/71',"patch_port");
INSERT INTO "patchport" VALUES(2479,1088,911);
INSERT INTO "port" VALUES(2480,'5/11',"patch_port");
INSERT INTO "patchport" VALUES(2480,1089,912);
INSERT INTO "port" VALUES(2481,'5/21',"patch_port");
INSERT INTO "patchport" VALUES(2481,1090,913);
INSERT INTO "port" VALUES(2482,'5/22',"patch_port");
INSERT INTO "patchport" VALUES(2482,1091,914);
INSERT INTO "port" VALUES(2483,'5/23',"patch_port");
INSERT INTO "patchport" VALUES(2483,1092,915);
INSERT INTO "port" VALUES(2484,'5/31',"patch_port");
INSERT INTO "patchport" VALUES(2484,1093,916);
INSERT INTO "port" VALUES(2485,'5/41',"patch_port");
INSERT INTO "patchport" VALUES(2485,1094,917);
INSERT INTO "port" VALUES(2486,'5/42',"patch_port");
INSERT INTO "patchport" VALUES(2486,1095,918);
INSERT INTO "port" VALUES(2487,'5/43',"patch_port");
INSERT INTO "patchport" VALUES(2487,1096,919);
INSERT INTO "port" VALUES(2488,'5/44',"patch_port");
INSERT INTO "patchport" VALUES(2488,1097,920);
INSERT INTO "port" VALUES(2489,'5/45',"patch_port");
INSERT INTO "patchport" VALUES(2489,1098,921);
INSERT INTO "port" VALUES(2490,'5/51',"patch_port");
INSERT INTO "patchport" VALUES(2490,1099,922);
INSERT INTO "port" VALUES(2491,'5/61',"patch_port");
INSERT INTO "patchport" VALUES(2491,1100,923);
INSERT INTO "port" VALUES(2492,'5/62',"patch_port");
INSERT INTO "patchport" VALUES(2492,1101,924);
INSERT INTO "port" VALUES(2493,'5/63',"patch_port");
INSERT INTO "patchport" VALUES(2493,1102,925);
INSERT INTO "port" VALUES(2494,'5/71',"patch_port");
INSERT INTO "patchport" VALUES(2494,1103,926);
INSERT INTO "port" VALUES(2495,'6/11',"patch_port");
INSERT INTO "patchport" VALUES(2495,1104,927);
INSERT INTO "port" VALUES(2496,'6/21',"patch_port");
INSERT INTO "patchport" VALUES(2496,1105,928);
INSERT INTO "port" VALUES(2497,'6/22',"patch_port");
INSERT INTO "patchport" VALUES(2497,1106,929);
INSERT INTO "port" VALUES(2498,'6/23',"patch_port");
INSERT INTO "patchport" VALUES(2498,1107,930);
INSERT INTO "port" VALUES(2499,'6/31',"patch_port");
INSERT INTO "patchport" VALUES(2499,1108,931);
INSERT INTO "port" VALUES(2500,'6/41',"patch_port");
INSERT INTO "patchport" VALUES(2500,1109,932);
INSERT INTO "port" VALUES(2501,'6/42',"patch_port");
INSERT INTO "patchport" VALUES(2501,1110,933);
INSERT INTO "port" VALUES(2502,'6/43',"patch_port");
INSERT INTO "patchport" VALUES(2502,1111,934);
INSERT INTO "port" VALUES(2503,'6/44',"patch_port");
INSERT INTO "patchport" VALUES(2503,1112,935);
INSERT INTO "port" VALUES(2504,'6/45',"patch_port");
INSERT INTO "patchport" VALUES(2504,1113,936);
INSERT INTO "port" VALUES(2505,'6/51',"patch_port");
INSERT INTO "patchport" VALUES(2505,1114,937);
INSERT INTO "port" VALUES(2506,'6/61',"patch_port");
INSERT INTO "patchport" VALUES(2506,1115,938);
INSERT INTO "port" VALUES(2507,'6/62',"patch_port");
INSERT INTO "patchport" VALUES(2507,1116,939);
INSERT INTO "port" VALUES(2508,'6/63',"patch_port");
INSERT INTO "patchport" VALUES(2508,1117,940);
INSERT INTO "port" VALUES(2509,'6/71',"patch_port");
INSERT INTO "patchport" VALUES(2509,1118,941);
INSERT INTO "port" VALUES(2510,'7/11',"patch_port");
INSERT INTO "patchport" VALUES(2510,1119,942);
INSERT INTO "port" VALUES(2511,'7/21',"patch_port");
INSERT INTO "patchport" VALUES(2511,1120,943);
INSERT INTO "port" VALUES(2512,'7/22',"patch_port");
INSERT INTO "patchport" VALUES(2512,1121,944);
INSERT INTO "port" VALUES(2513,'7/23',"patch_port");
INSERT INTO "patchport" VALUES(2513,1122,945);
INSERT INTO "port" VALUES(2514,'7/31',"patch_port");
INSERT INTO "patchport" VALUES(2514,1123,946);
INSERT INTO "port" VALUES(2515,'7/41',"patch_port");
INSERT INTO "patchport" VALUES(2515,1124,947);
INSERT INTO "port" VALUES(2516,'7/42',"patch_port");
INSERT INTO "patchport" VALUES(2516,1125,948);
INSERT INTO "port" VALUES(2517,'7/43',"patch_port");
INSERT INTO "patchport" VALUES(2517,1126,949);
INSERT INTO "port" VALUES(2518,'7/44',"patch_port");
INSERT INTO "patchport" VALUES(2518,1127,950);
INSERT INTO "port" VALUES(2519,'7/45',"patch_port");
INSERT INTO "patchport" VALUES(2519,1128,951);
INSERT INTO "port" VALUES(2520,'7/51',"patch_port");
INSERT INTO "patchport" VALUES(2520,1129,952);
INSERT INTO "port" VALUES(2521,'7/61',"patch_port");
INSERT INTO "patchport" VALUES(2521,1130,953);
INSERT INTO "port" VALUES(2522,'7/62',"patch_port");
INSERT INTO "patchport" VALUES(2522,1131,954);
INSERT INTO "port" VALUES(2523,'7/63',"patch_port");
INSERT INTO "patchport" VALUES(2523,1132,955);
INSERT INTO "port" VALUES(2524,'7/71',"patch_port");
INSERT INTO "patchport" VALUES(2524,1133,956);
INSERT INTO "port" VALUES(2525,'8/11',"patch_port");
INSERT INTO "patchport" VALUES(2525,1002,957);
INSERT INTO "port" VALUES(2526,'8/21',"patch_port");
INSERT INTO "patchport" VALUES(2526,1003,958);
INSERT INTO "port" VALUES(2527,'8/22',"patch_port");
INSERT INTO "patchport" VALUES(2527,1004,959);
INSERT INTO "port" VALUES(2528,'8/23',"patch_port");
INSERT INTO "patchport" VALUES(2528,1005,960);
INSERT INTO "port" VALUES(2529,'8/31',"patch_port");
INSERT INTO "patchport" VALUES(2529,1006,961);
INSERT INTO "port" VALUES(2530,'8/41',"patch_port");
INSERT INTO "patchport" VALUES(2530,1007,962);
INSERT INTO "port" VALUES(2531,'8/42',"patch_port");
INSERT INTO "patchport" VALUES(2531,1008,963);
INSERT INTO "port" VALUES(2532,'8/43',"patch_port");
INSERT INTO "patchport" VALUES(2532,1009,964);
INSERT INTO "port" VALUES(2533,'8/44',"patch_port");
INSERT INTO "patchport" VALUES(2533,1010,965);
INSERT INTO "port" VALUES(2534,'8/45',"patch_port");
INSERT INTO "patchport" VALUES(2534,1011,966);
INSERT INTO "port" VALUES(2535,'8/51',"patch_port");
INSERT INTO "patchport" VALUES(2535,1012,967);
INSERT INTO "port" VALUES(2536,'8/61',"patch_port");
INSERT INTO "patchport" VALUES(2536,1013,968);
INSERT INTO "port" VALUES(2537,'8/62',"patch_port");
INSERT INTO "patchport" VALUES(2537,1014,969);
INSERT INTO "port" VALUES(2538,'8/63',"patch_port");
INSERT INTO "patchport" VALUES(2538,1015,970);
INSERT INTO "port" VALUES(2539,'8/71',"patch_port");
INSERT INTO "patchport" VALUES(2539,1016,971);
INSERT INTO "port" VALUES(2540,'9/11',"patch_port");
INSERT INTO "patchport" VALUES(2540,1017,972);
INSERT INTO "port" VALUES(2541,'9/21',"patch_port");
INSERT INTO "patchport" VALUES(2541,1018,973);
INSERT INTO "port" VALUES(2542,'9/22',"patch_port");
INSERT INTO "patchport" VALUES(2542,1019,974);
INSERT INTO "port" VALUES(2543,'9/23',"patch_port");
INSERT INTO "patchport" VALUES(2543,1020,975);
INSERT INTO "port" VALUES(2544,'9/31',"patch_port");
INSERT INTO "patchport" VALUES(2544,1021,976);
INSERT INTO "port" VALUES(2545,'9/41',"patch_port");
INSERT INTO "patchport" VALUES(2545,1022,977);
INSERT INTO "port" VALUES(2546,'9/42',"patch_port");
INSERT INTO "patchport" VALUES(2546,1023,978);
INSERT INTO "port" VALUES(2547,'9/43',"patch_port");
INSERT INTO "patchport" VALUES(2547,1024,979);
INSERT INTO "port" VALUES(2548,'9/44',"patch_port");
INSERT INTO "patchport" VALUES(2548,1025,980);
INSERT INTO "port" VALUES(2549,'9/45',"patch_port");
INSERT INTO "patchport" VALUES(2549,1026,981);
INSERT INTO "port" VALUES(2550,'9/51',"patch_port");
INSERT INTO "patchport" VALUES(2550,1027,982);
INSERT INTO "port" VALUES(2551,'9/61',"patch_port");
INSERT INTO "patchport" VALUES(2551,1028,983);
INSERT INTO "port" VALUES(2552,'9/62',"patch_port");
INSERT INTO "patchport" VALUES(2552,1029,984);
INSERT INTO "port" VALUES(2553,'9/63',"patch_port");
INSERT INTO "patchport" VALUES(2553,1030,985);
INSERT INTO "port" VALUES(2554,'9/71',"patch_port");
INSERT INTO "patchport" VALUES(2554,1031,986);
INSERT INTO "port" VALUES(2555,'08/11',"patch_port");
INSERT INTO "patchport" VALUES(2555,1134,987);
INSERT INTO "port" VALUES(2556,'01/11',"patch_port");
INSERT INTO "patchport" VALUES(2556,1135,988);
INSERT INTO "port" VALUES(2557,'01/12',"patch_port");
INSERT INTO "patchport" VALUES(2557,1136,989);
INSERT INTO "port" VALUES(2558,'01/21',"patch_port");
INSERT INTO "patchport" VALUES(2558,1137,990);
INSERT INTO "port" VALUES(2559,'01/22',"patch_port");
INSERT INTO "patchport" VALUES(2559,1138,991);
INSERT INTO "port" VALUES(2560,'01/31',"patch_port");
INSERT INTO "patchport" VALUES(2560,1139,992);
INSERT INTO "port" VALUES(2561,'01/41',"patch_port");
INSERT INTO "patchport" VALUES(2561,1140,993);
INSERT INTO "port" VALUES(2562,'01/41',"patch_port");
INSERT INTO "patchport" VALUES(2562,1141,994);
INSERT INTO "port" VALUES(2563,'01/41',"patch_port");
INSERT INTO "patchport" VALUES(2563,1142,995);
INSERT INTO "port" VALUES(2564,'01/51',"patch_port");
INSERT INTO "patchport" VALUES(2564,1143,996);
INSERT INTO "port" VALUES(2565,'01/61',"patch_port");
INSERT INTO "patchport" VALUES(2565,1144,997);
INSERT INTO "port" VALUES(2566,'01/71',"patch_port");
INSERT INTO "patchport" VALUES(2566,1145,998);
INSERT INTO "port" VALUES(2567,'01/72',"patch_port");
INSERT INTO "patchport" VALUES(2567,1146,999);
INSERT INTO "port" VALUES(2568,'01/80',"patch_port");
INSERT INTO "patchport" VALUES(2568,1147,1000);
INSERT INTO "port" VALUES(2569,'02/11',"patch_port");
INSERT INTO "patchport" VALUES(2569,1148,1001);
INSERT INTO "port" VALUES(2570,'02/12',"patch_port");
INSERT INTO "patchport" VALUES(2570,1149,1002);
INSERT INTO "port" VALUES(2571,'02/13',"patch_port");
INSERT INTO "patchport" VALUES(2571,1150,1003);
INSERT INTO "port" VALUES(2572,'02/14',"patch_port");
INSERT INTO "patchport" VALUES(2572,1151,1004);
INSERT INTO "port" VALUES(2573,'02/21',"patch_port");
INSERT INTO "patchport" VALUES(2573,1152,1005);
INSERT INTO "port" VALUES(2574,'02/22',"patch_port");
INSERT INTO "patchport" VALUES(2574,1153,1006);
INSERT INTO "port" VALUES(2575,'02/31',"patch_port");
INSERT INTO "patchport" VALUES(2575,1154,1007);
INSERT INTO "port" VALUES(2576,'02/32',"patch_port");
INSERT INTO "patchport" VALUES(2576,1155,1008);
INSERT INTO "port" VALUES(2577,'02/33',"patch_port");
INSERT INTO "patchport" VALUES(2577,1156,1009);
INSERT INTO "port" VALUES(2578,'02/41',"patch_port");
INSERT INTO "patchport" VALUES(2578,1157,1010);
INSERT INTO "port" VALUES(2579,'02/42',"patch_port");
INSERT INTO "patchport" VALUES(2579,1158,1011);
INSERT INTO "port" VALUES(2580,'02/43',"patch_port");
INSERT INTO "patchport" VALUES(2580,1159,1012);
INSERT INTO "port" VALUES(2581,'02/44',"patch_port");
INSERT INTO "patchport" VALUES(2581,1160,1013);
INSERT INTO "port" VALUES(2582,'03/11',"patch_port");
INSERT INTO "patchport" VALUES(2582,1161,1014);
INSERT INTO "port" VALUES(2583,'03/21',"patch_port");
INSERT INTO "patchport" VALUES(2583,1162,1015);
INSERT INTO "port" VALUES(2584,'03/22',"patch_port");
INSERT INTO "patchport" VALUES(2584,1163,1016);
INSERT INTO "port" VALUES(2585,'03/23',"patch_port");
INSERT INTO "patchport" VALUES(2585,1164,1017);
INSERT INTO "port" VALUES(2586,'03/31',"patch_port");
INSERT INTO "patchport" VALUES(2586,1165,1018);
INSERT INTO "port" VALUES(2587,'03/41',"patch_port");
INSERT INTO "patchport" VALUES(2587,1166,1019);
INSERT INTO "port" VALUES(2588,'03/42',"patch_port");
INSERT INTO "patchport" VALUES(2588,1167,1020);
INSERT INTO "port" VALUES(2589,'03/51',"patch_port");
INSERT INTO "patchport" VALUES(2589,1168,1021);
INSERT INTO "port" VALUES(2590,'03/52',"patch_port");
INSERT INTO "patchport" VALUES(2590,1169,1022);
INSERT INTO "port" VALUES(2591,'03/53',"patch_port");
INSERT INTO "patchport" VALUES(2591,1170,1023);
INSERT INTO "port" VALUES(2592,'03/61',"patch_port");
INSERT INTO "patchport" VALUES(2592,1171,1024);
INSERT INTO "port" VALUES(2593,'03/71',"patch_port");
INSERT INTO "patchport" VALUES(2593,1172,1025);
INSERT INTO "port" VALUES(2594,'03/72',"patch_port");
INSERT INTO "patchport" VALUES(2594,1173,1026);
INSERT INTO "port" VALUES(2595,'03/73',"patch_port");
INSERT INTO "patchport" VALUES(2595,1174,1027);
INSERT INTO "port" VALUES(2596,'03/81',"patch_port");
INSERT INTO "patchport" VALUES(2596,1175,1028);
INSERT INTO "port" VALUES(2597,'04/11',"patch_port");
INSERT INTO "patchport" VALUES(2597,1176,1029);
INSERT INTO "port" VALUES(2598,'04/12',"patch_port");
INSERT INTO "patchport" VALUES(2598,1177,1030);
INSERT INTO "port" VALUES(2599,'04/13',"patch_port");
INSERT INTO "patchport" VALUES(2599,1178,1031);
INSERT INTO "port" VALUES(2600,'04/14',"patch_port");
INSERT INTO "patchport" VALUES(2600,1179,1032);
INSERT INTO "port" VALUES(2601,'04/21',"patch_port");
INSERT INTO "patchport" VALUES(2601,1180,1033);
INSERT INTO "port" VALUES(2602,'04/22',"patch_port");
INSERT INTO "patchport" VALUES(2602,1181,1034);
INSERT INTO "port" VALUES(2603,'04/31',"patch_port");
INSERT INTO "patchport" VALUES(2603,1182,1035);
INSERT INTO "port" VALUES(2604,'04/32',"patch_port");
INSERT INTO "patchport" VALUES(2604,1183,1036);
INSERT INTO "port" VALUES(2605,'04/33',"patch_port");
INSERT INTO "patchport" VALUES(2605,1184,1037);
INSERT INTO "port" VALUES(2606,'04/41',"patch_port");
INSERT INTO "patchport" VALUES(2606,1185,1038);
INSERT INTO "port" VALUES(2607,'04/42',"patch_port");
INSERT INTO "patchport" VALUES(2607,1186,1039);
INSERT INTO "port" VALUES(2608,'04/43',"patch_port");
INSERT INTO "patchport" VALUES(2608,1187,1040);
INSERT INTO "port" VALUES(2609,'04/44',"patch_port");
INSERT INTO "patchport" VALUES(2609,1188,1041);
INSERT INTO "port" VALUES(2610,'05/11',"patch_port");
INSERT INTO "patchport" VALUES(2610,1189,1042);
INSERT INTO "port" VALUES(2611,'05/21',"patch_port");
INSERT INTO "patchport" VALUES(2611,1190,1043);
INSERT INTO "port" VALUES(2612,'05/22',"patch_port");
INSERT INTO "patchport" VALUES(2612,1191,1044);
INSERT INTO "port" VALUES(2613,'05/23',"patch_port");
INSERT INTO "patchport" VALUES(2613,1192,1045);
INSERT INTO "port" VALUES(2614,'05/31',"patch_port");
INSERT INTO "patchport" VALUES(2614,1193,1046);
INSERT INTO "port" VALUES(2615,'05/41',"patch_port");
INSERT INTO "patchport" VALUES(2615,1194,1047);
INSERT INTO "port" VALUES(2616,'05/42',"patch_port");
INSERT INTO "patchport" VALUES(2616,1195,1048);
INSERT INTO "port" VALUES(2617,'05/51',"patch_port");
INSERT INTO "patchport" VALUES(2617,1196,1049);
INSERT INTO "port" VALUES(2618,'05/52',"patch_port");
INSERT INTO "patchport" VALUES(2618,1197,1050);
INSERT INTO "port" VALUES(2619,'05/53',"patch_port");
INSERT INTO "patchport" VALUES(2619,1198,1051);
INSERT INTO "port" VALUES(2620,'05/61',"patch_port");
INSERT INTO "patchport" VALUES(2620,1199,1052);
INSERT INTO "port" VALUES(2621,'05/71',"patch_port");
INSERT INTO "patchport" VALUES(2621,1200,1053);
INSERT INTO "port" VALUES(2622,'05/72',"patch_port");
INSERT INTO "patchport" VALUES(2622,1201,1054);
INSERT INTO "port" VALUES(2623,'05/73',"patch_port");
INSERT INTO "patchport" VALUES(2623,1202,1055);
INSERT INTO "port" VALUES(2624,'05/81',"patch_port");
INSERT INTO "patchport" VALUES(2624,1203,1056);
INSERT INTO "port" VALUES(2625,'06/11',"patch_port");
INSERT INTO "patchport" VALUES(2625,1204,1057);
INSERT INTO "port" VALUES(2626,'06/12',"patch_port");
INSERT INTO "patchport" VALUES(2626,1205,1058);
INSERT INTO "port" VALUES(2627,'06/13',"patch_port");
INSERT INTO "patchport" VALUES(2627,1206,1059);
INSERT INTO "port" VALUES(2628,'06/14',"patch_port");
INSERT INTO "patchport" VALUES(2628,1207,1060);
INSERT INTO "port" VALUES(2629,'06/21',"patch_port");
INSERT INTO "patchport" VALUES(2629,1208,1061);
INSERT INTO "port" VALUES(2630,'06/22',"patch_port");
INSERT INTO "patchport" VALUES(2630,1209,1062);
INSERT INTO "port" VALUES(2631,'06/31',"patch_port");
INSERT INTO "patchport" VALUES(2631,1210,1063);
INSERT INTO "port" VALUES(2632,'06/32',"patch_port");
INSERT INTO "patchport" VALUES(2632,1211,1064);
INSERT INTO "port" VALUES(2633,'06/33',"patch_port");
INSERT INTO "patchport" VALUES(2633,1212,1065);
INSERT INTO "port" VALUES(2634,'06/41',"patch_port");
INSERT INTO "patchport" VALUES(2634,1213,1066);
INSERT INTO "port" VALUES(2635,'06/42',"patch_port");
INSERT INTO "patchport" VALUES(2635,1214,1067);
INSERT INTO "port" VALUES(2636,'06/43',"patch_port");
INSERT INTO "patchport" VALUES(2636,1215,1068);
INSERT INTO "port" VALUES(2637,'06/44',"patch_port");
INSERT INTO "patchport" VALUES(2637,1216,1069);
INSERT INTO "port" VALUES(2638,'07/11',"patch_port");
INSERT INTO "patchport" VALUES(2638,1217,1070);
INSERT INTO "port" VALUES(2639,'07/21',"patch_port");
INSERT INTO "patchport" VALUES(2639,1218,1071);
INSERT INTO "port" VALUES(2640,'07/22',"patch_port");
INSERT INTO "patchport" VALUES(2640,1219,1072);
INSERT INTO "port" VALUES(2641,'07/23',"patch_port");
INSERT INTO "patchport" VALUES(2641,1220,1073);
INSERT INTO "port" VALUES(2642,'07/31',"patch_port");
INSERT INTO "patchport" VALUES(2642,1221,1074);
INSERT INTO "port" VALUES(2643,'07/41',"patch_port");
INSERT INTO "patchport" VALUES(2643,1222,1075);
INSERT INTO "port" VALUES(2644,'07/42',"patch_port");
INSERT INTO "patchport" VALUES(2644,1223,1076);
INSERT INTO "port" VALUES(2645,'07/51',"patch_port");
INSERT INTO "patchport" VALUES(2645,1224,1077);
INSERT INTO "port" VALUES(2646,'07/52',"patch_port");
INSERT INTO "patchport" VALUES(2646,1225,1078);
INSERT INTO "port" VALUES(2647,'07/53',"patch_port");
INSERT INTO "patchport" VALUES(2647,1226,1079);
INSERT INTO "port" VALUES(2648,'07/61',"patch_port");
INSERT INTO "patchport" VALUES(2648,1227,1080);
INSERT INTO "port" VALUES(2649,'07/71',"patch_port");
INSERT INTO "patchport" VALUES(2649,1228,1081);
INSERT INTO "port" VALUES(2650,'07/72',"patch_port");
INSERT INTO "patchport" VALUES(2650,1229,1082);
INSERT INTO "port" VALUES(2651,'07/73',"patch_port");
INSERT INTO "patchport" VALUES(2651,1230,1083);
INSERT INTO "port" VALUES(2652,'07/81',"patch_port");
INSERT INTO "patchport" VALUES(2652,1231,1084);
INSERT INTO "port" VALUES(2653,'08/12',"patch_port");
INSERT INTO "patchport" VALUES(2653,1232,1085);
INSERT INTO "port" VALUES(2654,'08/13',"patch_port");
INSERT INTO "patchport" VALUES(2654,1233,1086);
INSERT INTO "port" VALUES(2655,'08/14',"patch_port");
INSERT INTO "patchport" VALUES(2655,1234,1087);
INSERT INTO "port" VALUES(2656,'08/21',"patch_port");
INSERT INTO "patchport" VALUES(2656,1235,1088);
INSERT INTO "port" VALUES(2657,'08/22',"patch_port");
INSERT INTO "patchport" VALUES(2657,1236,1089);
INSERT INTO "port" VALUES(2658,'08/31',"patch_port");
INSERT INTO "patchport" VALUES(2658,1237,1090);
INSERT INTO "port" VALUES(2659,'08/32',"patch_port");
INSERT INTO "patchport" VALUES(2659,1238,1091);
INSERT INTO "port" VALUES(2660,'08/33',"patch_port");
INSERT INTO "patchport" VALUES(2660,1239,1092);
INSERT INTO "port" VALUES(2661,'08/41',"patch_port");
INSERT INTO "patchport" VALUES(2661,1240,1093);
INSERT INTO "port" VALUES(2662,'08/42',"patch_port");
INSERT INTO "patchport" VALUES(2662,1241,1094);
INSERT INTO "port" VALUES(2663,'08/43',"patch_port");
INSERT INTO "patchport" VALUES(2663,1242,1095);
INSERT INTO "port" VALUES(2664,'08/44',"patch_port");
INSERT INTO "patchport" VALUES(2664,1243,1096);
INSERT INTO "port" VALUES(2665,'09/11',"patch_port");
INSERT INTO "patchport" VALUES(2665,1244,1097);
INSERT INTO "port" VALUES(2666,'09/21',"patch_port");
INSERT INTO "patchport" VALUES(2666,1245,1098);
INSERT INTO "port" VALUES(2667,'09/22',"patch_port");
INSERT INTO "patchport" VALUES(2667,1246,1099);
INSERT INTO "port" VALUES(2668,'09/23',"patch_port");
INSERT INTO "patchport" VALUES(2668,1247,1100);
INSERT INTO "port" VALUES(2669,'09/31',"patch_port");
INSERT INTO "patchport" VALUES(2669,1248,1101);
INSERT INTO "port" VALUES(2670,'09/41',"patch_port");
INSERT INTO "patchport" VALUES(2670,1249,1102);
INSERT INTO "port" VALUES(2671,'09/42',"patch_port");
INSERT INTO "patchport" VALUES(2671,1250,1103);
INSERT INTO "port" VALUES(2672,'09/51',"patch_port");
INSERT INTO "patchport" VALUES(2672,1251,1104);
INSERT INTO "port" VALUES(2673,'09/52',"patch_port");
INSERT INTO "patchport" VALUES(2673,1252,1105);
INSERT INTO "port" VALUES(2674,'09/53',"patch_port");
INSERT INTO "patchport" VALUES(2674,1253,1106);
INSERT INTO "port" VALUES(2675,'09/61',"patch_port");
INSERT INTO "patchport" VALUES(2675,1254,1107);
INSERT INTO "port" VALUES(2676,'09/71',"patch_port");
INSERT INTO "patchport" VALUES(2676,1255,1108);
INSERT INTO "port" VALUES(2677,'09/72',"patch_port");
INSERT INTO "patchport" VALUES(2677,1256,1109);
INSERT INTO "port" VALUES(2678,'09/73',"patch_port");
INSERT INTO "patchport" VALUES(2678,1257,1110);
INSERT INTO "port" VALUES(2679,'09/81',"patch_port");
INSERT INTO "patchport" VALUES(2679,1258,1111);
INSERT INTO "port" VALUES(2680,'10/11',"patch_port");
INSERT INTO "patchport" VALUES(2680,1259,1112);
INSERT INTO "port" VALUES(2681,'10/12',"patch_port");
INSERT INTO "patchport" VALUES(2681,1260,1113);
INSERT INTO "port" VALUES(2682,'10/13',"patch_port");
INSERT INTO "patchport" VALUES(2682,1261,1114);
INSERT INTO "port" VALUES(2683,'10/14',"patch_port");
INSERT INTO "patchport" VALUES(2683,1262,1115);
INSERT INTO "port" VALUES(2684,'10/21',"patch_port");
INSERT INTO "patchport" VALUES(2684,1263,1116);
INSERT INTO "port" VALUES(2685,'10/22',"patch_port");
INSERT INTO "patchport" VALUES(2685,1264,1117);
INSERT INTO "port" VALUES(2686,'10/31',"patch_port");
INSERT INTO "patchport" VALUES(2686,1265,1118);
INSERT INTO "port" VALUES(2687,'10/32',"patch_port");
INSERT INTO "patchport" VALUES(2687,1266,1119);
INSERT INTO "port" VALUES(2688,'10/33',"patch_port");
INSERT INTO "patchport" VALUES(2688,1267,1120);
INSERT INTO "port" VALUES(2689,'10/41',"patch_port");
INSERT INTO "patchport" VALUES(2689,1268,1121);
INSERT INTO "port" VALUES(2690,'10/42',"patch_port");
INSERT INTO "patchport" VALUES(2690,1269,1122);
INSERT INTO "port" VALUES(2691,'10/43',"patch_port");
INSERT INTO "patchport" VALUES(2691,1270,1123);
INSERT INTO "port" VALUES(2692,'10/44',"patch_port");
INSERT INTO "patchport" VALUES(2692,1271,1124);
INSERT INTO "port" VALUES(2693,'11/11',"patch_port");
INSERT INTO "patchport" VALUES(2693,1272,1125);
INSERT INTO "port" VALUES(2694,'11/21',"patch_port");
INSERT INTO "patchport" VALUES(2694,1273,1126);
INSERT INTO "port" VALUES(2695,'11/22',"patch_port");
INSERT INTO "patchport" VALUES(2695,1274,1127);
INSERT INTO "port" VALUES(2696,'11/23',"patch_port");
INSERT INTO "patchport" VALUES(2696,1275,1128);
INSERT INTO "port" VALUES(2697,'11/31',"patch_port");
INSERT INTO "patchport" VALUES(2697,1276,1129);
INSERT INTO "port" VALUES(2698,'11/41',"patch_port");
INSERT INTO "patchport" VALUES(2698,1277,1130);
INSERT INTO "port" VALUES(2699,'11/42',"patch_port");
INSERT INTO "patchport" VALUES(2699,1278,1131);
INSERT INTO "port" VALUES(2700,'11/51',"patch_port");
INSERT INTO "patchport" VALUES(2700,1279,1132);
INSERT INTO "port" VALUES(2701,'11/52',"patch_port");
INSERT INTO "patchport" VALUES(2701,1280,1133);
INSERT INTO "port" VALUES(2702,'11/53',"patch_port");
INSERT INTO "patchport" VALUES(2702,1281,1134);
INSERT INTO "port" VALUES(2703,'11/61',"patch_port");
INSERT INTO "patchport" VALUES(2703,1282,1135);
INSERT INTO "port" VALUES(2704,'11/71',"patch_port");
INSERT INTO "patchport" VALUES(2704,1283,1136);
INSERT INTO "port" VALUES(2705,'11/72',"patch_port");
INSERT INTO "patchport" VALUES(2705,1284,1137);
INSERT INTO "port" VALUES(2706,'11/73',"patch_port");
INSERT INTO "patchport" VALUES(2706,1285,1138);
INSERT INTO "port" VALUES(2707,'11/81',"patch_port");
INSERT INTO "patchport" VALUES(2707,1286,1139);
INSERT INTO "port" VALUES(2708,'12/11',"patch_port");
INSERT INTO "patchport" VALUES(2708,1287,1140);
INSERT INTO "port" VALUES(2709,'12/12',"patch_port");
INSERT INTO "patchport" VALUES(2709,1288,1141);
INSERT INTO "port" VALUES(2710,'12/13',"patch_port");
INSERT INTO "patchport" VALUES(2710,1289,1142);
INSERT INTO "port" VALUES(2711,'12/14',"patch_port");
INSERT INTO "patchport" VALUES(2711,1290,1143);
INSERT INTO "port" VALUES(2712,'12/21',"patch_port");
INSERT INTO "patchport" VALUES(2712,1291,1144);
INSERT INTO "port" VALUES(2713,'12/22',"patch_port");
INSERT INTO "patchport" VALUES(2713,1292,1145);
INSERT INTO "port" VALUES(2714,'12/31',"patch_port");
INSERT INTO "patchport" VALUES(2714,1293,1146);
INSERT INTO "port" VALUES(2715,'12/32',"patch_port");
INSERT INTO "patchport" VALUES(2715,1294,1147);
INSERT INTO "port" VALUES(2716,'12/33',"patch_port");
INSERT INTO "patchport" VALUES(2716,1295,1148);
INSERT INTO "port" VALUES(2717,'12/41',"patch_port");
INSERT INTO "patchport" VALUES(2717,1296,1149);
INSERT INTO "port" VALUES(2718,'12/42',"patch_port");
INSERT INTO "patchport" VALUES(2718,1297,1150);
INSERT INTO "port" VALUES(2719,'12/43',"patch_port");
INSERT INTO "patchport" VALUES(2719,1298,1151);
INSERT INTO "port" VALUES(2720,'12/44',"patch_port");
INSERT INTO "patchport" VALUES(2720,1299,1152);
INSERT INTO "port" VALUES(2721,'13/11',"patch_port");
INSERT INTO "patchport" VALUES(2721,1300,1153);
INSERT INTO "port" VALUES(2722,'13/21',"patch_port");
INSERT INTO "patchport" VALUES(2722,1301,1154);
INSERT INTO "port" VALUES(2723,'13/22',"patch_port");
INSERT INTO "patchport" VALUES(2723,1302,1155);
INSERT INTO "port" VALUES(2724,'13/23',"patch_port");
INSERT INTO "patchport" VALUES(2724,1303,1156);
INSERT INTO "port" VALUES(2725,'13/31',"patch_port");
INSERT INTO "patchport" VALUES(2725,1304,1157);
INSERT INTO "port" VALUES(2726,'13/41',"patch_port");
INSERT INTO "patchport" VALUES(2726,1305,1158);
INSERT INTO "port" VALUES(2727,'13/42',"patch_port");
INSERT INTO "patchport" VALUES(2727,1306,1159);
INSERT INTO "port" VALUES(2728,'13/51',"patch_port");
INSERT INTO "patchport" VALUES(2728,1307,1160);
INSERT INTO "port" VALUES(2729,'13/52',"patch_port");
INSERT INTO "patchport" VALUES(2729,1308,1161);
INSERT INTO "port" VALUES(2730,'13/53',"patch_port");
INSERT INTO "patchport" VALUES(2730,1309,1162);
INSERT INTO "port" VALUES(2731,'13/61',"patch_port");
INSERT INTO "patchport" VALUES(2731,1310,1163);
INSERT INTO "port" VALUES(2732,'13/71',"patch_port");
INSERT INTO "patchport" VALUES(2732,1311,1164);
INSERT INTO "port" VALUES(2733,'13/72',"patch_port");
INSERT INTO "patchport" VALUES(2733,1312,1165);
INSERT INTO "port" VALUES(2734,'13/73',"patch_port");
INSERT INTO "patchport" VALUES(2734,1313,1166);
INSERT INTO "port" VALUES(2735,'13/81',"patch_port");
INSERT INTO "patchport" VALUES(2735,1314,1167);
INSERT INTO "port" VALUES(2736,'14/11',"patch_port");
INSERT INTO "patchport" VALUES(2736,1315,1168);
INSERT INTO "port" VALUES(2737,'14/12',"patch_port");
INSERT INTO "patchport" VALUES(2737,1316,1169);
INSERT INTO "port" VALUES(2738,'14/13',"patch_port");
INSERT INTO "patchport" VALUES(2738,1317,1170);
INSERT INTO "port" VALUES(2739,'14/14',"patch_port");
INSERT INTO "patchport" VALUES(2739,1318,1171);
INSERT INTO "port" VALUES(2740,'14/21',"patch_port");
INSERT INTO "patchport" VALUES(2740,1319,1172);
INSERT INTO "port" VALUES(2741,'14/22',"patch_port");
INSERT INTO "patchport" VALUES(2741,1320,1173);
INSERT INTO "port" VALUES(2742,'14/31',"patch_port");
INSERT INTO "patchport" VALUES(2742,1321,1174);
INSERT INTO "port" VALUES(2743,'14/32',"patch_port");
INSERT INTO "patchport" VALUES(2743,1322,1175);
INSERT INTO "port" VALUES(2744,'14/33',"patch_port");
INSERT INTO "patchport" VALUES(2744,1323,1176);
INSERT INTO "port" VALUES(2745,'14/41',"patch_port");
INSERT INTO "patchport" VALUES(2745,1324,1177);
INSERT INTO "port" VALUES(2746,'14/42',"patch_port");
INSERT INTO "patchport" VALUES(2746,1325,1178);
INSERT INTO "port" VALUES(2747,'14/43',"patch_port");
INSERT INTO "patchport" VALUES(2747,1326,1179);
INSERT INTO "port" VALUES(2748,'14/44',"patch_port");
INSERT INTO "patchport" VALUES(2748,1327,1180);
INSERT INTO "port" VALUES(2749,'14/45',"patch_port");
INSERT INTO "patchport" VALUES(2749,1328,1181);
INSERT INTO "port" VALUES(2750,'15/11',"patch_port");
INSERT INTO "patchport" VALUES(2750,1329,1182);
INSERT INTO "port" VALUES(2751,'15/21',"patch_port");
INSERT INTO "patchport" VALUES(2751,1330,1183);
INSERT INTO "port" VALUES(2752,'15/22',"patch_port");
INSERT INTO "patchport" VALUES(2752,1331,1184);
INSERT INTO "port" VALUES(2753,'15/23',"patch_port");
INSERT INTO "patchport" VALUES(2753,1332,1185);
INSERT INTO "port" VALUES(2754,'15/31',"patch_port");
INSERT INTO "patchport" VALUES(2754,1333,1186);
INSERT INTO "port" VALUES(2755,'15/41',"patch_port");
INSERT INTO "patchport" VALUES(2755,1334,1187);
INSERT INTO "port" VALUES(2756,'15/42',"patch_port");
INSERT INTO "patchport" VALUES(2756,1335,1188);
INSERT INTO "port" VALUES(2757,'15/51',"patch_port");
INSERT INTO "patchport" VALUES(2757,1336,1189);
INSERT INTO "port" VALUES(2758,'15/52',"patch_port");
INSERT INTO "patchport" VALUES(2758,1337,1190);
INSERT INTO "port" VALUES(2759,'15/53',"patch_port");
INSERT INTO "patchport" VALUES(2759,1338,1191);
INSERT INTO "port" VALUES(2760,'15/61',"patch_port");
INSERT INTO "patchport" VALUES(2760,1339,1192);
INSERT INTO "port" VALUES(2761,'15/71',"patch_port");
INSERT INTO "patchport" VALUES(2761,1340,1193);
INSERT INTO "port" VALUES(2762,'15/72',"patch_port");
INSERT INTO "patchport" VALUES(2762,1341,1194);
INSERT INTO "port" VALUES(2763,'15/73',"patch_port");
INSERT INTO "patchport" VALUES(2763,1342,1195);
INSERT INTO "port" VALUES(2764,'15/81',"patch_port");
INSERT INTO "patchport" VALUES(2764,1343,1196);
INSERT INTO "port" VALUES(2765,'16/11',"patch_port");
INSERT INTO "patchport" VALUES(2765,1344,1197);
INSERT INTO "port" VALUES(2766,'16/12',"patch_port");
INSERT INTO "patchport" VALUES(2766,1345,1198);
INSERT INTO "port" VALUES(2767,'16/13',"patch_port");
INSERT INTO "patchport" VALUES(2767,1346,1199);
INSERT INTO "port" VALUES(2768,'16/14',"patch_port");
INSERT INTO "patchport" VALUES(2768,1347,1200);
INSERT INTO "port" VALUES(2769,'16/15',"patch_port");
INSERT INTO "patchport" VALUES(2769,1348,1201);
INSERT INTO "port" VALUES(2770,'16/16',"patch_port");
INSERT INTO "patchport" VALUES(2770,1349,1202);
INSERT INTO "port" VALUES(2771,'0/MR',"patch_port");
INSERT INTO "patchport" VALUES(2771,1350,1203);
INSERT INTO "port" VALUES(2772,'1/11',"patch_port");
INSERT INTO "patchport" VALUES(2772,1351,1204);
INSERT INTO "port" VALUES(2773,'1/12',"patch_port");
INSERT INTO "patchport" VALUES(2773,1352,1205);
INSERT INTO "port" VALUES(2774,'1/13',"patch_port");
INSERT INTO "patchport" VALUES(2774,1353,1206);
INSERT INTO "port" VALUES(2775,'1/14',"patch_port");
INSERT INTO "patchport" VALUES(2775,1354,1207);
INSERT INTO "port" VALUES(2776,'1/15',"patch_port");
INSERT INTO "patchport" VALUES(2776,1355,1208);
INSERT INTO "port" VALUES(2777,'1/16',"patch_port");
INSERT INTO "patchport" VALUES(2777,1356,1209);
INSERT INTO "port" VALUES(2778,'1/21',"patch_port");
INSERT INTO "patchport" VALUES(2778,1357,1210);
INSERT INTO "port" VALUES(2779,'1/22',"patch_port");
INSERT INTO "patchport" VALUES(2779,1358,1211);
INSERT INTO "port" VALUES(2780,'1/41',"patch_port");
INSERT INTO "patchport" VALUES(2780,1359,1212);
INSERT INTO "port" VALUES(2781,'1/PR',"patch_port");
INSERT INTO "patchport" VALUES(2781,1360,1213);
INSERT INTO "port" VALUES(2782,'1/PR',"patch_port");
INSERT INTO "patchport" VALUES(2782,1361,1214);
INSERT INTO "port" VALUES(2783,'2/11',"patch_port");
INSERT INTO "patchport" VALUES(2783,1362,1302);
INSERT INTO "port" VALUES(2784,'2/12',"patch_port");
INSERT INTO "patchport" VALUES(2784,1363,1303);
INSERT INTO "port" VALUES(2785,'2/21',"patch_port");
INSERT INTO "patchport" VALUES(2785,1364,1304);
INSERT INTO "port" VALUES(2786,'2/22',"patch_port");
INSERT INTO "patchport" VALUES(2786,1365,1305);
INSERT INTO "port" VALUES(2787,'2/31',"patch_port");
INSERT INTO "patchport" VALUES(2787,1366,1306);
INSERT INTO "port" VALUES(2788,'2/32',"patch_port");
INSERT INTO "patchport" VALUES(2788,1367,1307);
INSERT INTO "port" VALUES(2789,'2/33',"patch_port");
INSERT INTO "patchport" VALUES(2789,1368,1308);
INSERT INTO "port" VALUES(2790,'2/34',"patch_port");
INSERT INTO "patchport" VALUES(2790,1369,1309);
INSERT INTO "port" VALUES(2791,'2/35',"patch_port");
INSERT INTO "patchport" VALUES(2791,1370,1310);
INSERT INTO "port" VALUES(2792,'2/36',"patch_port");
INSERT INTO "patchport" VALUES(2792,1371,1311);
INSERT INTO "port" VALUES(2793,'2/41',"patch_port");
INSERT INTO "patchport" VALUES(2793,1372,1312);
INSERT INTO "port" VALUES(2794,'2/42',"patch_port");
INSERT INTO "patchport" VALUES(2794,1373,1313);
INSERT INTO "port" VALUES(2795,'2/51',"patch_port");
INSERT INTO "patchport" VALUES(2795,1374,1314);
INSERT INTO "port" VALUES(2796,'2/52',"patch_port");
INSERT INTO "patchport" VALUES(2796,1375,1315);
INSERT INTO "port" VALUES(2797,'3/11',"patch_port");
INSERT INTO "patchport" VALUES(2797,1376,1316);
INSERT INTO "port" VALUES(2798,'3/12',"patch_port");
INSERT INTO "patchport" VALUES(2798,1377,1317);
INSERT INTO "port" VALUES(2799,'3/13',"patch_port");
INSERT INTO "patchport" VALUES(2799,1378,1318);
INSERT INTO "port" VALUES(2800,'3/21',"patch_port");
INSERT INTO "patchport" VALUES(2800,1379,1319);
INSERT INTO "port" VALUES(2801,'3/22',"patch_port");
INSERT INTO "patchport" VALUES(2801,1380,1320);
INSERT INTO "port" VALUES(2802,'3/31',"patch_port");
INSERT INTO "patchport" VALUES(2802,1381,1321);
INSERT INTO "port" VALUES(2803,'3/32',"patch_port");
INSERT INTO "patchport" VALUES(2803,1382,1322);
INSERT INTO "port" VALUES(2804,'3/33',"patch_port");
INSERT INTO "patchport" VALUES(2804,1383,1323);
INSERT INTO "port" VALUES(2805,'3/34',"patch_port");
INSERT INTO "patchport" VALUES(2805,1384,1324);
INSERT INTO "port" VALUES(2806,'3/35',"patch_port");
INSERT INTO "patchport" VALUES(2806,1385,1325);
INSERT INTO "port" VALUES(2807,'3/36',"patch_port");
INSERT INTO "patchport" VALUES(2807,1386,1326);
INSERT INTO "port" VALUES(2808,'3/41',"patch_port");
INSERT INTO "patchport" VALUES(2808,1387,1327);
INSERT INTO "port" VALUES(2809,'3/42',"patch_port");
INSERT INTO "patchport" VALUES(2809,1388,1328);
INSERT INTO "port" VALUES(2810,'3/43',"patch_port");
INSERT INTO "patchport" VALUES(2810,1389,1329);
INSERT INTO "port" VALUES(2811,'3/51',"patch_port");
INSERT INTO "patchport" VALUES(2811,1390,1330);
INSERT INTO "port" VALUES(2812,'3/52',"patch_port");
INSERT INTO "patchport" VALUES(2812,1391,1331);
INSERT INTO "port" VALUES(2813,'4/11',"patch_port");
INSERT INTO "patchport" VALUES(2813,1392,1332);
INSERT INTO "port" VALUES(2814,'4/12',"patch_port");
INSERT INTO "patchport" VALUES(2814,1393,1333);
INSERT INTO "port" VALUES(2815,'4/13',"patch_port");
INSERT INTO "patchport" VALUES(2815,1394,1334);
INSERT INTO "port" VALUES(2816,'4/21',"patch_port");
INSERT INTO "patchport" VALUES(2816,1395,1335);
INSERT INTO "port" VALUES(2817,'4/22',"patch_port");
INSERT INTO "patchport" VALUES(2817,1396,1336);
INSERT INTO "port" VALUES(2818,'4/31',"patch_port");
INSERT INTO "patchport" VALUES(2818,1397,1337);
INSERT INTO "port" VALUES(2819,'4/32',"patch_port");
INSERT INTO "patchport" VALUES(2819,1398,1338);
INSERT INTO "port" VALUES(2820,'4/33',"patch_port");
INSERT INTO "patchport" VALUES(2820,1399,1339);
INSERT INTO "port" VALUES(2821,'4/34',"patch_port");
INSERT INTO "patchport" VALUES(2821,1400,1340);
INSERT INTO "port" VALUES(2822,'4/35',"patch_port");
INSERT INTO "patchport" VALUES(2822,1401,1341);
INSERT INTO "port" VALUES(2823,'4/36',"patch_port");
INSERT INTO "patchport" VALUES(2823,1402,1342);
INSERT INTO "port" VALUES(2824,'4/41',"patch_port");
INSERT INTO "patchport" VALUES(2824,1403,1343);
INSERT INTO "port" VALUES(2825,'4/42',"patch_port");
INSERT INTO "patchport" VALUES(2825,1404,1344);
INSERT INTO "port" VALUES(2826,'4/43',"patch_port");
INSERT INTO "patchport" VALUES(2826,1405,1345);
INSERT INTO "port" VALUES(2827,'4/51',"patch_port");
INSERT INTO "patchport" VALUES(2827,1406,1346);
INSERT INTO "port" VALUES(2828,'4/52',"patch_port");
INSERT INTO "patchport" VALUES(2828,1407,1347);
INSERT INTO "port" VALUES(2829,'5/11',"patch_port");
INSERT INTO "patchport" VALUES(2829,1408,1348);
INSERT INTO "port" VALUES(2830,'5/12',"patch_port");
INSERT INTO "patchport" VALUES(2830,1409,1349);
INSERT INTO "port" VALUES(2831,'5/21',"patch_port");
INSERT INTO "patchport" VALUES(2831,1410,1350);
INSERT INTO "port" VALUES(2832,'5/22',"patch_port");
INSERT INTO "patchport" VALUES(2832,1411,1351);
INSERT INTO "port" VALUES(2833,'5/31',"patch_port");
INSERT INTO "patchport" VALUES(2833,1412,1352);
INSERT INTO "port" VALUES(2834,'5/32',"patch_port");
INSERT INTO "patchport" VALUES(2834,1413,1353);
INSERT INTO "port" VALUES(2835,'5/33',"patch_port");
INSERT INTO "patchport" VALUES(2835,1414,1354);
INSERT INTO "port" VALUES(2836,'5/34',"patch_port");
INSERT INTO "patchport" VALUES(2836,1415,1355);
INSERT INTO "port" VALUES(2837,'5/35',"patch_port");
INSERT INTO "patchport" VALUES(2837,1416,1356);
INSERT INTO "port" VALUES(2838,'5/36',"patch_port");
INSERT INTO "patchport" VALUES(2838,1417,1357);
INSERT INTO "port" VALUES(2839,'5/41',"patch_port");
INSERT INTO "patchport" VALUES(2839,1418,1358);
INSERT INTO "port" VALUES(2840,'5/42',"patch_port");
INSERT INTO "patchport" VALUES(2840,1419,1359);
INSERT INTO "port" VALUES(2841,'5/51',"patch_port");
INSERT INTO "patchport" VALUES(2841,1420,1360);
INSERT INTO "port" VALUES(2842,'5/52',"patch_port");
INSERT INTO "patchport" VALUES(2842,1421,1361);
CREATE TABLE user (
	id INTEGER NOT NULL, 
	login VARCHAR(40) NOT NULL, 
	name VARCHAR(255) NOT NULL,
	registration_date DATETIME NOT NULL, 
	passwd_hash VARCHAR(255) NOT NULL,
    email VARCHAR(255), 
	room_id INTEGER NOT NULL, 
	PRIMARY KEY (id), 
	FOREIGN KEY(room_id) REFERENCES room (id)
);
INSERT INTO "user" VALUES(1,'ag_dsn','System User','2012-04-10 16:11:05.739251','{SSHA}IPVJh2ri9sXFFpWt3sp9ca64H6gdg9A6','orgliste@wh2.tu-dresden.de',1212);
INSERT INTO "user" VALUES(2,'jacobs','Christian Jacobs','2012-06-30 10:53:20.930821','{SSHA}uKh22SM3O+R+rOvhA30dgTfvz0mzNqa0','christian.jacobs@mailbox.tu-dresden.de',398);

CREATE TABLE host (
	id INTEGER NOT NULL,  
	type VARCHAR(50), 
	user_id INTEGER, 
	room_id INTEGER, 
	PRIMARY KEY (id), 
	FOREIGN KEY(user_id) REFERENCES user (id), 
	FOREIGN KEY(room_id) REFERENCES room (id)
);

CREATE TABLE userhost (
    id INTEGER NOT NULL,
    FOREIGN KEY (id) REFERENCES host (id)
);

CREATE TABLE serverhost (
    id INTEGER NOT NULL,
    FOREIGN KEY (id) REFERENCES host (id)
);

INSERT INTO "host" VALUES(1,'switch',1,NULL);
INSERT INTO "host" VALUES(2,'switch',1,NULL);
INSERT INTO "host" VALUES(3,'switch',1,NULL);
INSERT INTO "host" VALUES(4,'switch',1,NULL);
INSERT INTO "host" VALUES(5,'switch',1,NULL);
INSERT INTO "host" VALUES(6,'switch',1,NULL);
INSERT INTO "host" VALUES(7,'switch',1,NULL);
INSERT INTO "host" VALUES(8,'switch',1,NULL);
INSERT INTO "host" VALUES(9,'switch',1,NULL);
INSERT INTO "host" VALUES(10,'switch',1,NULL);
INSERT INTO "host" VALUES(11,'switch',1,NULL);
INSERT INTO "host" VALUES(12,'switch',1,NULL);
INSERT INTO "host" VALUES(13,'switch',1,NULL);
INSERT INTO "host" VALUES(14,'switch',1,NULL);
INSERT INTO "host" VALUES(15,'switch',1,NULL);
INSERT INTO "host" VALUES(16,'switch',1,NULL);
INSERT INTO "host" VALUES(17,'switch',1,NULL);
INSERT INTO "host" VALUES(18,'user_host',2,398);

CREATE TABLE switch (
	id INTEGER NOT NULL, 
	name VARCHAR(127) NOT NULL, 
	management_ip VARCHAR(51) NOT NULL, 
	PRIMARY KEY (id), 
	FOREIGN KEY(id) REFERENCES host (id), 
	UNIQUE (management_ip)
);
INSERT INTO "switch" VALUES(1,'switch-wu5-ke','10.10.228.252');
INSERT INTO "switch" VALUES(2,'switch-wu5-13og','10.10.228.254');
INSERT INTO "switch" VALUES(3,'switch2','10.10.227.3');
INSERT INTO "switch" VALUES(4,'switch-wu9-11','10.10.202.3');
INSERT INTO "switch" VALUES(5,'switch-wu9-4','10.10.202.2');
INSERT INTO "switch" VALUES(6,'switch-wu5-7og','10.10.228.253');
INSERT INTO "switch" VALUES(7,'switch-wu7-12','10.10.224.4');
INSERT INTO "switch" VALUES(8,'switch-wu7-6','10.10.224.3');
INSERT INTO "switch" VALUES(9,'switch-wu7-2','10.10.224.2');
INSERT INTO "switch" VALUES(10,'switch-wu3-4','10.10.223.2');
INSERT INTO "switch" VALUES(11,'switch5','10.10.227.6');
INSERT INTO "switch" VALUES(12,'switch1','10.10.227.2');
INSERT INTO "switch" VALUES(13,'switch-wu3-11','10.10.223.3');
INSERT INTO "switch" VALUES(14,'switch3','10.10.227.4');
INSERT INTO "switch" VALUES(15,'switch4','10.10.227.5');
INSERT INTO "switch" VALUES(16,'switch-wu11-11','10.10.226.3');
INSERT INTO "switch" VALUES(17,'switch-wu11-4','10.10.226.2');

INSERT INTO "userhost" VALUES(18);

CREATE TABLE netdevice (
	id INTEGER NOT NULL,
	type VARCHAR(50),
	mac VARCHAR(12) NOT NULL, 
	host_id INTEGER NOT NULL,
	PRIMARY KEY (id), 
	FOREIGN KEY(host_id) REFERENCES host (id)
);

CREATE TABLE usernetdevice (
    id INTEGER NOT NULL,
    FOREIGN KEY (id) REFERENCES netdevice (id)
);

CREATE TABLE servernetdevice (
    id INTEGER NOT NULL,
    switch_port_id INTEGER NOT NULL,
    FOREIGN KEY (switch_port_id) REFERENCES switchport (id),
    FOREIGN KEY (id) REFERENCES netdevice (id)
);

CREATE TABLE switchnetdevice (
    id INTEGER NOT NULL,
    FOREIGN KEY (id) REFERENCES netdevice (id)
);

INSERT INTO "netdevice" VALUES(1,'user_net_device','d4:9a:20:d0:6a:18',18);
INSERT INTO "usernetdevice" VALUES(1);
INSERT INTO "ip" VALUES(1,'141.30.202.1',1,5);

CREATE TABLE switchport (
	id INTEGER NOT NULL,
	switch_id INTEGER NOT NULL, 
	PRIMARY KEY (id), 
	FOREIGN KEY(id) REFERENCES destinationport (id), 
	FOREIGN KEY(switch_id) REFERENCES switch (id)
);
INSERT INTO "switchport" VALUES(1,1);
INSERT INTO "switchport" VALUES(2,2);
INSERT INTO "switchport" VALUES(3,2);
INSERT INTO "switchport" VALUES(4,2);
INSERT INTO "switchport" VALUES(5,2);
INSERT INTO "switchport" VALUES(6,2);
INSERT INTO "switchport" VALUES(7,2);
INSERT INTO "switchport" VALUES(8,2);
INSERT INTO "switchport" VALUES(9,2);
INSERT INTO "switchport" VALUES(10,2);
INSERT INTO "switchport" VALUES(11,2);
INSERT INTO "switchport" VALUES(12,2);
INSERT INTO "switchport" VALUES(13,2);
INSERT INTO "switchport" VALUES(14,2);
INSERT INTO "switchport" VALUES(15,2);
INSERT INTO "switchport" VALUES(16,2);
INSERT INTO "switchport" VALUES(17,2);
INSERT INTO "switchport" VALUES(18,2);
INSERT INTO "switchport" VALUES(19,2);
INSERT INTO "switchport" VALUES(20,2);
INSERT INTO "switchport" VALUES(21,2);
INSERT INTO "switchport" VALUES(22,2);
INSERT INTO "switchport" VALUES(23,2);
INSERT INTO "switchport" VALUES(24,2);
INSERT INTO "switchport" VALUES(25,2);
INSERT INTO "switchport" VALUES(26,2);
INSERT INTO "switchport" VALUES(27,2);
INSERT INTO "switchport" VALUES(28,2);
INSERT INTO "switchport" VALUES(29,2);
INSERT INTO "switchport" VALUES(30,2);
INSERT INTO "switchport" VALUES(31,2);
INSERT INTO "switchport" VALUES(32,2);
INSERT INTO "switchport" VALUES(33,2);
INSERT INTO "switchport" VALUES(34,2);
INSERT INTO "switchport" VALUES(35,2);
INSERT INTO "switchport" VALUES(36,2);
INSERT INTO "switchport" VALUES(37,2);
INSERT INTO "switchport" VALUES(38,2);
INSERT INTO "switchport" VALUES(39,2);
INSERT INTO "switchport" VALUES(40,2);
INSERT INTO "switchport" VALUES(41,2);
INSERT INTO "switchport" VALUES(42,2);
INSERT INTO "switchport" VALUES(43,2);
INSERT INTO "switchport" VALUES(44,2);
INSERT INTO "switchport" VALUES(45,2);
INSERT INTO "switchport" VALUES(46,2);
INSERT INTO "switchport" VALUES(47,2);
INSERT INTO "switchport" VALUES(48,2);
INSERT INTO "switchport" VALUES(49,2);
INSERT INTO "switchport" VALUES(50,2);
INSERT INTO "switchport" VALUES(51,2);
INSERT INTO "switchport" VALUES(52,2);
INSERT INTO "switchport" VALUES(53,2);
INSERT INTO "switchport" VALUES(54,2);
INSERT INTO "switchport" VALUES(55,2);
INSERT INTO "switchport" VALUES(56,2);
INSERT INTO "switchport" VALUES(57,2);
INSERT INTO "switchport" VALUES(58,2);
INSERT INTO "switchport" VALUES(59,2);
INSERT INTO "switchport" VALUES(60,2);
INSERT INTO "switchport" VALUES(61,2);
INSERT INTO "switchport" VALUES(62,2);
INSERT INTO "switchport" VALUES(63,2);
INSERT INTO "switchport" VALUES(64,2);
INSERT INTO "switchport" VALUES(65,2);
INSERT INTO "switchport" VALUES(66,2);
INSERT INTO "switchport" VALUES(67,2);
INSERT INTO "switchport" VALUES(68,2);
INSERT INTO "switchport" VALUES(69,2);
INSERT INTO "switchport" VALUES(70,2);
INSERT INTO "switchport" VALUES(71,2);
INSERT INTO "switchport" VALUES(72,2);
INSERT INTO "switchport" VALUES(73,2);
INSERT INTO "switchport" VALUES(74,2);
INSERT INTO "switchport" VALUES(75,3);
INSERT INTO "switchport" VALUES(76,12);
INSERT INTO "switchport" VALUES(77,12);
INSERT INTO "switchport" VALUES(78,12);
INSERT INTO "switchport" VALUES(79,12);
INSERT INTO "switchport" VALUES(80,12);
INSERT INTO "switchport" VALUES(81,12);
INSERT INTO "switchport" VALUES(82,12);
INSERT INTO "switchport" VALUES(83,12);
INSERT INTO "switchport" VALUES(84,12);
INSERT INTO "switchport" VALUES(85,12);
INSERT INTO "switchport" VALUES(86,12);
INSERT INTO "switchport" VALUES(87,12);
INSERT INTO "switchport" VALUES(88,12);
INSERT INTO "switchport" VALUES(89,12);
INSERT INTO "switchport" VALUES(90,12);
INSERT INTO "switchport" VALUES(91,12);
INSERT INTO "switchport" VALUES(92,12);
INSERT INTO "switchport" VALUES(93,12);
INSERT INTO "switchport" VALUES(94,12);
INSERT INTO "switchport" VALUES(95,12);
INSERT INTO "switchport" VALUES(96,12);
INSERT INTO "switchport" VALUES(97,12);
INSERT INTO "switchport" VALUES(98,12);
INSERT INTO "switchport" VALUES(99,12);
INSERT INTO "switchport" VALUES(100,12);
INSERT INTO "switchport" VALUES(101,12);
INSERT INTO "switchport" VALUES(102,12);
INSERT INTO "switchport" VALUES(103,12);
INSERT INTO "switchport" VALUES(104,12);
INSERT INTO "switchport" VALUES(105,12);
INSERT INTO "switchport" VALUES(106,12);
INSERT INTO "switchport" VALUES(107,12);
INSERT INTO "switchport" VALUES(108,12);
INSERT INTO "switchport" VALUES(109,12);
INSERT INTO "switchport" VALUES(110,12);
INSERT INTO "switchport" VALUES(111,12);
INSERT INTO "switchport" VALUES(112,12);
INSERT INTO "switchport" VALUES(113,12);
INSERT INTO "switchport" VALUES(114,12);
INSERT INTO "switchport" VALUES(115,12);
INSERT INTO "switchport" VALUES(116,12);
INSERT INTO "switchport" VALUES(117,12);
INSERT INTO "switchport" VALUES(118,12);
INSERT INTO "switchport" VALUES(119,12);
INSERT INTO "switchport" VALUES(120,12);
INSERT INTO "switchport" VALUES(121,12);
INSERT INTO "switchport" VALUES(122,12);
INSERT INTO "switchport" VALUES(123,12);
INSERT INTO "switchport" VALUES(124,12);
INSERT INTO "switchport" VALUES(125,12);
INSERT INTO "switchport" VALUES(126,12);
INSERT INTO "switchport" VALUES(127,12);
INSERT INTO "switchport" VALUES(128,12);
INSERT INTO "switchport" VALUES(129,12);
INSERT INTO "switchport" VALUES(130,12);
INSERT INTO "switchport" VALUES(131,12);
INSERT INTO "switchport" VALUES(132,12);
INSERT INTO "switchport" VALUES(133,12);
INSERT INTO "switchport" VALUES(134,12);
INSERT INTO "switchport" VALUES(135,12);
INSERT INTO "switchport" VALUES(136,12);
INSERT INTO "switchport" VALUES(137,12);
INSERT INTO "switchport" VALUES(138,12);
INSERT INTO "switchport" VALUES(139,12);
INSERT INTO "switchport" VALUES(140,12);
INSERT INTO "switchport" VALUES(141,12);
INSERT INTO "switchport" VALUES(142,12);
INSERT INTO "switchport" VALUES(143,12);
INSERT INTO "switchport" VALUES(144,12);
INSERT INTO "switchport" VALUES(145,12);
INSERT INTO "switchport" VALUES(146,12);
INSERT INTO "switchport" VALUES(147,12);
INSERT INTO "switchport" VALUES(148,12);
INSERT INTO "switchport" VALUES(149,12);
INSERT INTO "switchport" VALUES(150,12);
INSERT INTO "switchport" VALUES(151,12);
INSERT INTO "switchport" VALUES(152,12);
INSERT INTO "switchport" VALUES(153,12);
INSERT INTO "switchport" VALUES(154,12);
INSERT INTO "switchport" VALUES(155,12);
INSERT INTO "switchport" VALUES(156,12);
INSERT INTO "switchport" VALUES(157,12);
INSERT INTO "switchport" VALUES(158,12);
INSERT INTO "switchport" VALUES(159,12);
INSERT INTO "switchport" VALUES(160,12);
INSERT INTO "switchport" VALUES(161,12);
INSERT INTO "switchport" VALUES(162,12);
INSERT INTO "switchport" VALUES(163,12);
INSERT INTO "switchport" VALUES(164,12);
INSERT INTO "switchport" VALUES(165,12);
INSERT INTO "switchport" VALUES(166,12);
INSERT INTO "switchport" VALUES(167,12);
INSERT INTO "switchport" VALUES(168,12);
INSERT INTO "switchport" VALUES(169,14);
INSERT INTO "switchport" VALUES(170,14);
INSERT INTO "switchport" VALUES(171,14);
INSERT INTO "switchport" VALUES(172,14);
INSERT INTO "switchport" VALUES(173,14);
INSERT INTO "switchport" VALUES(174,14);
INSERT INTO "switchport" VALUES(175,14);
INSERT INTO "switchport" VALUES(176,14);
INSERT INTO "switchport" VALUES(177,14);
INSERT INTO "switchport" VALUES(178,14);
INSERT INTO "switchport" VALUES(179,14);
INSERT INTO "switchport" VALUES(180,14);
INSERT INTO "switchport" VALUES(181,14);
INSERT INTO "switchport" VALUES(182,14);
INSERT INTO "switchport" VALUES(183,14);
INSERT INTO "switchport" VALUES(184,14);
INSERT INTO "switchport" VALUES(185,14);
INSERT INTO "switchport" VALUES(186,14);
INSERT INTO "switchport" VALUES(187,14);
INSERT INTO "switchport" VALUES(188,14);
INSERT INTO "switchport" VALUES(189,14);
INSERT INTO "switchport" VALUES(190,14);
INSERT INTO "switchport" VALUES(191,14);
INSERT INTO "switchport" VALUES(192,14);
INSERT INTO "switchport" VALUES(193,14);
INSERT INTO "switchport" VALUES(194,14);
INSERT INTO "switchport" VALUES(195,14);
INSERT INTO "switchport" VALUES(196,14);
INSERT INTO "switchport" VALUES(197,14);
INSERT INTO "switchport" VALUES(198,14);
INSERT INTO "switchport" VALUES(199,14);
INSERT INTO "switchport" VALUES(200,14);
INSERT INTO "switchport" VALUES(201,14);
INSERT INTO "switchport" VALUES(202,14);
INSERT INTO "switchport" VALUES(203,14);
INSERT INTO "switchport" VALUES(204,14);
INSERT INTO "switchport" VALUES(205,14);
INSERT INTO "switchport" VALUES(206,14);
INSERT INTO "switchport" VALUES(207,14);
INSERT INTO "switchport" VALUES(208,14);
INSERT INTO "switchport" VALUES(209,14);
INSERT INTO "switchport" VALUES(210,14);
INSERT INTO "switchport" VALUES(211,14);
INSERT INTO "switchport" VALUES(212,14);
INSERT INTO "switchport" VALUES(213,14);
INSERT INTO "switchport" VALUES(214,14);
INSERT INTO "switchport" VALUES(215,14);
INSERT INTO "switchport" VALUES(216,14);
INSERT INTO "switchport" VALUES(217,14);
INSERT INTO "switchport" VALUES(218,14);
INSERT INTO "switchport" VALUES(219,14);
INSERT INTO "switchport" VALUES(220,14);
INSERT INTO "switchport" VALUES(221,14);
INSERT INTO "switchport" VALUES(222,14);
INSERT INTO "switchport" VALUES(223,14);
INSERT INTO "switchport" VALUES(224,14);
INSERT INTO "switchport" VALUES(225,14);
INSERT INTO "switchport" VALUES(226,14);
INSERT INTO "switchport" VALUES(227,14);
INSERT INTO "switchport" VALUES(228,14);
INSERT INTO "switchport" VALUES(229,14);
INSERT INTO "switchport" VALUES(230,14);
INSERT INTO "switchport" VALUES(231,14);
INSERT INTO "switchport" VALUES(232,14);
INSERT INTO "switchport" VALUES(233,14);
INSERT INTO "switchport" VALUES(234,14);
INSERT INTO "switchport" VALUES(235,14);
INSERT INTO "switchport" VALUES(236,14);
INSERT INTO "switchport" VALUES(237,14);
INSERT INTO "switchport" VALUES(238,14);
INSERT INTO "switchport" VALUES(239,14);
INSERT INTO "switchport" VALUES(240,14);
INSERT INTO "switchport" VALUES(241,14);
INSERT INTO "switchport" VALUES(242,14);
INSERT INTO "switchport" VALUES(243,14);
INSERT INTO "switchport" VALUES(244,14);
INSERT INTO "switchport" VALUES(245,14);
INSERT INTO "switchport" VALUES(246,14);
INSERT INTO "switchport" VALUES(247,14);
INSERT INTO "switchport" VALUES(248,14);
INSERT INTO "switchport" VALUES(249,14);
INSERT INTO "switchport" VALUES(250,15);
INSERT INTO "switchport" VALUES(251,15);
INSERT INTO "switchport" VALUES(252,15);
INSERT INTO "switchport" VALUES(253,15);
INSERT INTO "switchport" VALUES(254,15);
INSERT INTO "switchport" VALUES(255,15);
INSERT INTO "switchport" VALUES(256,15);
INSERT INTO "switchport" VALUES(257,15);
INSERT INTO "switchport" VALUES(258,15);
INSERT INTO "switchport" VALUES(259,15);
INSERT INTO "switchport" VALUES(260,15);
INSERT INTO "switchport" VALUES(261,15);
INSERT INTO "switchport" VALUES(262,15);
INSERT INTO "switchport" VALUES(263,15);
INSERT INTO "switchport" VALUES(264,15);
INSERT INTO "switchport" VALUES(265,15);
INSERT INTO "switchport" VALUES(266,15);
INSERT INTO "switchport" VALUES(267,15);
INSERT INTO "switchport" VALUES(268,15);
INSERT INTO "switchport" VALUES(269,15);
INSERT INTO "switchport" VALUES(270,15);
INSERT INTO "switchport" VALUES(271,15);
INSERT INTO "switchport" VALUES(272,15);
INSERT INTO "switchport" VALUES(273,15);
INSERT INTO "switchport" VALUES(274,15);
INSERT INTO "switchport" VALUES(275,15);
INSERT INTO "switchport" VALUES(276,15);
INSERT INTO "switchport" VALUES(277,15);
INSERT INTO "switchport" VALUES(278,15);
INSERT INTO "switchport" VALUES(279,15);
INSERT INTO "switchport" VALUES(280,15);
INSERT INTO "switchport" VALUES(281,15);
INSERT INTO "switchport" VALUES(282,15);
INSERT INTO "switchport" VALUES(283,15);
INSERT INTO "switchport" VALUES(284,15);
INSERT INTO "switchport" VALUES(285,15);
INSERT INTO "switchport" VALUES(286,15);
INSERT INTO "switchport" VALUES(287,15);
INSERT INTO "switchport" VALUES(288,15);
INSERT INTO "switchport" VALUES(289,15);
INSERT INTO "switchport" VALUES(290,15);
INSERT INTO "switchport" VALUES(291,15);
INSERT INTO "switchport" VALUES(292,15);
INSERT INTO "switchport" VALUES(293,11);
INSERT INTO "switchport" VALUES(294,11);
INSERT INTO "switchport" VALUES(295,11);
INSERT INTO "switchport" VALUES(296,11);
INSERT INTO "switchport" VALUES(297,11);
INSERT INTO "switchport" VALUES(298,11);
INSERT INTO "switchport" VALUES(299,11);
INSERT INTO "switchport" VALUES(300,11);
INSERT INTO "switchport" VALUES(301,11);
INSERT INTO "switchport" VALUES(302,11);
INSERT INTO "switchport" VALUES(303,11);
INSERT INTO "switchport" VALUES(304,11);
INSERT INTO "switchport" VALUES(305,11);
INSERT INTO "switchport" VALUES(306,11);
INSERT INTO "switchport" VALUES(307,11);
INSERT INTO "switchport" VALUES(308,11);
INSERT INTO "switchport" VALUES(309,11);
INSERT INTO "switchport" VALUES(310,11);
INSERT INTO "switchport" VALUES(311,11);
INSERT INTO "switchport" VALUES(312,11);
INSERT INTO "switchport" VALUES(313,11);
INSERT INTO "switchport" VALUES(314,11);
INSERT INTO "switchport" VALUES(315,11);
INSERT INTO "switchport" VALUES(316,11);
INSERT INTO "switchport" VALUES(317,11);
INSERT INTO "switchport" VALUES(318,11);
INSERT INTO "switchport" VALUES(319,11);
INSERT INTO "switchport" VALUES(320,11);
INSERT INTO "switchport" VALUES(321,11);
INSERT INTO "switchport" VALUES(322,11);
INSERT INTO "switchport" VALUES(323,11);
INSERT INTO "switchport" VALUES(324,11);
INSERT INTO "switchport" VALUES(325,11);
INSERT INTO "switchport" VALUES(326,11);
INSERT INTO "switchport" VALUES(327,11);
INSERT INTO "switchport" VALUES(328,11);
INSERT INTO "switchport" VALUES(329,11);
INSERT INTO "switchport" VALUES(330,11);
INSERT INTO "switchport" VALUES(331,11);
INSERT INTO "switchport" VALUES(332,3);
INSERT INTO "switchport" VALUES(333,3);
INSERT INTO "switchport" VALUES(334,3);
INSERT INTO "switchport" VALUES(335,3);
INSERT INTO "switchport" VALUES(336,3);
INSERT INTO "switchport" VALUES(337,3);
INSERT INTO "switchport" VALUES(338,3);
INSERT INTO "switchport" VALUES(339,3);
INSERT INTO "switchport" VALUES(340,3);
INSERT INTO "switchport" VALUES(341,3);
INSERT INTO "switchport" VALUES(342,3);
INSERT INTO "switchport" VALUES(343,3);
INSERT INTO "switchport" VALUES(344,3);
INSERT INTO "switchport" VALUES(345,3);
INSERT INTO "switchport" VALUES(346,3);
INSERT INTO "switchport" VALUES(347,3);
INSERT INTO "switchport" VALUES(348,3);
INSERT INTO "switchport" VALUES(349,3);
INSERT INTO "switchport" VALUES(350,3);
INSERT INTO "switchport" VALUES(351,3);
INSERT INTO "switchport" VALUES(352,3);
INSERT INTO "switchport" VALUES(353,3);
INSERT INTO "switchport" VALUES(354,3);
INSERT INTO "switchport" VALUES(355,3);
INSERT INTO "switchport" VALUES(356,3);
INSERT INTO "switchport" VALUES(357,3);
INSERT INTO "switchport" VALUES(358,3);
INSERT INTO "switchport" VALUES(359,3);
INSERT INTO "switchport" VALUES(360,3);
INSERT INTO "switchport" VALUES(361,3);
INSERT INTO "switchport" VALUES(362,3);
INSERT INTO "switchport" VALUES(363,3);
INSERT INTO "switchport" VALUES(364,3);
INSERT INTO "switchport" VALUES(365,3);
INSERT INTO "switchport" VALUES(366,3);
INSERT INTO "switchport" VALUES(367,3);
INSERT INTO "switchport" VALUES(368,3);
INSERT INTO "switchport" VALUES(369,3);
INSERT INTO "switchport" VALUES(370,3);
INSERT INTO "switchport" VALUES(371,3);
INSERT INTO "switchport" VALUES(372,3);
INSERT INTO "switchport" VALUES(373,3);
INSERT INTO "switchport" VALUES(374,3);
INSERT INTO "switchport" VALUES(375,3);
INSERT INTO "switchport" VALUES(376,3);
INSERT INTO "switchport" VALUES(377,3);
INSERT INTO "switchport" VALUES(378,3);
INSERT INTO "switchport" VALUES(379,3);
INSERT INTO "switchport" VALUES(380,3);
INSERT INTO "switchport" VALUES(381,3);
INSERT INTO "switchport" VALUES(382,3);
INSERT INTO "switchport" VALUES(383,3);
INSERT INTO "switchport" VALUES(384,3);
INSERT INTO "switchport" VALUES(385,3);
INSERT INTO "switchport" VALUES(386,3);
INSERT INTO "switchport" VALUES(387,3);
INSERT INTO "switchport" VALUES(388,3);
INSERT INTO "switchport" VALUES(389,3);
INSERT INTO "switchport" VALUES(390,3);
INSERT INTO "switchport" VALUES(391,3);
INSERT INTO "switchport" VALUES(392,3);
INSERT INTO "switchport" VALUES(393,3);
INSERT INTO "switchport" VALUES(394,3);
INSERT INTO "switchport" VALUES(395,3);
INSERT INTO "switchport" VALUES(396,3);
INSERT INTO "switchport" VALUES(397,4);
INSERT INTO "switchport" VALUES(398,5);
INSERT INTO "switchport" VALUES(399,5);
INSERT INTO "switchport" VALUES(400,5);
INSERT INTO "switchport" VALUES(401,5);
INSERT INTO "switchport" VALUES(402,5);
INSERT INTO "switchport" VALUES(403,5);
INSERT INTO "switchport" VALUES(404,5);
INSERT INTO "switchport" VALUES(405,5);
INSERT INTO "switchport" VALUES(406,5);
INSERT INTO "switchport" VALUES(407,5);
INSERT INTO "switchport" VALUES(408,5);
INSERT INTO "switchport" VALUES(409,5);
INSERT INTO "switchport" VALUES(410,5);
INSERT INTO "switchport" VALUES(411,5);
INSERT INTO "switchport" VALUES(412,5);
INSERT INTO "switchport" VALUES(413,5);
INSERT INTO "switchport" VALUES(414,5);
INSERT INTO "switchport" VALUES(415,5);
INSERT INTO "switchport" VALUES(416,5);
INSERT INTO "switchport" VALUES(417,5);
INSERT INTO "switchport" VALUES(418,5);
INSERT INTO "switchport" VALUES(419,5);
INSERT INTO "switchport" VALUES(420,5);
INSERT INTO "switchport" VALUES(421,5);
INSERT INTO "switchport" VALUES(422,5);
INSERT INTO "switchport" VALUES(423,5);
INSERT INTO "switchport" VALUES(424,5);
INSERT INTO "switchport" VALUES(425,5);
INSERT INTO "switchport" VALUES(426,5);
INSERT INTO "switchport" VALUES(427,5);
INSERT INTO "switchport" VALUES(428,5);
INSERT INTO "switchport" VALUES(429,5);
INSERT INTO "switchport" VALUES(430,5);
INSERT INTO "switchport" VALUES(431,5);
INSERT INTO "switchport" VALUES(432,5);
INSERT INTO "switchport" VALUES(433,5);
INSERT INTO "switchport" VALUES(434,5);
INSERT INTO "switchport" VALUES(435,5);
INSERT INTO "switchport" VALUES(436,5);
INSERT INTO "switchport" VALUES(437,5);
INSERT INTO "switchport" VALUES(438,5);
INSERT INTO "switchport" VALUES(439,5);
INSERT INTO "switchport" VALUES(440,5);
INSERT INTO "switchport" VALUES(441,5);
INSERT INTO "switchport" VALUES(442,5);
INSERT INTO "switchport" VALUES(443,5);
INSERT INTO "switchport" VALUES(444,5);
INSERT INTO "switchport" VALUES(445,5);
INSERT INTO "switchport" VALUES(446,5);
INSERT INTO "switchport" VALUES(447,5);
INSERT INTO "switchport" VALUES(448,5);
INSERT INTO "switchport" VALUES(449,5);
INSERT INTO "switchport" VALUES(450,5);
INSERT INTO "switchport" VALUES(451,5);
INSERT INTO "switchport" VALUES(452,5);
INSERT INTO "switchport" VALUES(453,5);
INSERT INTO "switchport" VALUES(454,5);
INSERT INTO "switchport" VALUES(455,5);
INSERT INTO "switchport" VALUES(456,5);
INSERT INTO "switchport" VALUES(457,5);
INSERT INTO "switchport" VALUES(458,5);
INSERT INTO "switchport" VALUES(459,5);
INSERT INTO "switchport" VALUES(460,5);
INSERT INTO "switchport" VALUES(461,5);
INSERT INTO "switchport" VALUES(462,5);
INSERT INTO "switchport" VALUES(463,5);
INSERT INTO "switchport" VALUES(464,5);
INSERT INTO "switchport" VALUES(465,5);
INSERT INTO "switchport" VALUES(466,5);
INSERT INTO "switchport" VALUES(467,5);
INSERT INTO "switchport" VALUES(468,5);
INSERT INTO "switchport" VALUES(469,5);
INSERT INTO "switchport" VALUES(470,5);
INSERT INTO "switchport" VALUES(471,5);
INSERT INTO "switchport" VALUES(472,5);
INSERT INTO "switchport" VALUES(473,5);
INSERT INTO "switchport" VALUES(474,5);
INSERT INTO "switchport" VALUES(475,5);
INSERT INTO "switchport" VALUES(476,5);
INSERT INTO "switchport" VALUES(477,5);
INSERT INTO "switchport" VALUES(478,5);
INSERT INTO "switchport" VALUES(479,5);
INSERT INTO "switchport" VALUES(480,5);
INSERT INTO "switchport" VALUES(481,5);
INSERT INTO "switchport" VALUES(482,5);
INSERT INTO "switchport" VALUES(483,5);
INSERT INTO "switchport" VALUES(484,5);
INSERT INTO "switchport" VALUES(485,5);
INSERT INTO "switchport" VALUES(486,5);
INSERT INTO "switchport" VALUES(487,5);
INSERT INTO "switchport" VALUES(488,5);
INSERT INTO "switchport" VALUES(489,5);
INSERT INTO "switchport" VALUES(490,5);
INSERT INTO "switchport" VALUES(491,5);
INSERT INTO "switchport" VALUES(492,5);
INSERT INTO "switchport" VALUES(493,4);
INSERT INTO "switchport" VALUES(494,4);
INSERT INTO "switchport" VALUES(495,4);
INSERT INTO "switchport" VALUES(496,4);
INSERT INTO "switchport" VALUES(497,4);
INSERT INTO "switchport" VALUES(498,4);
INSERT INTO "switchport" VALUES(499,4);
INSERT INTO "switchport" VALUES(500,4);
INSERT INTO "switchport" VALUES(501,4);
INSERT INTO "switchport" VALUES(502,4);
INSERT INTO "switchport" VALUES(503,4);
INSERT INTO "switchport" VALUES(504,4);
INSERT INTO "switchport" VALUES(505,4);
INSERT INTO "switchport" VALUES(506,4);
INSERT INTO "switchport" VALUES(507,4);
INSERT INTO "switchport" VALUES(508,4);
INSERT INTO "switchport" VALUES(509,4);
INSERT INTO "switchport" VALUES(510,4);
INSERT INTO "switchport" VALUES(511,4);
INSERT INTO "switchport" VALUES(512,4);
INSERT INTO "switchport" VALUES(513,4);
INSERT INTO "switchport" VALUES(514,4);
INSERT INTO "switchport" VALUES(515,4);
INSERT INTO "switchport" VALUES(516,4);
INSERT INTO "switchport" VALUES(517,4);
INSERT INTO "switchport" VALUES(518,4);
INSERT INTO "switchport" VALUES(519,4);
INSERT INTO "switchport" VALUES(520,4);
INSERT INTO "switchport" VALUES(521,4);
INSERT INTO "switchport" VALUES(522,4);
INSERT INTO "switchport" VALUES(523,4);
INSERT INTO "switchport" VALUES(524,4);
INSERT INTO "switchport" VALUES(525,4);
INSERT INTO "switchport" VALUES(526,4);
INSERT INTO "switchport" VALUES(527,4);
INSERT INTO "switchport" VALUES(528,4);
INSERT INTO "switchport" VALUES(529,4);
INSERT INTO "switchport" VALUES(530,4);
INSERT INTO "switchport" VALUES(531,4);
INSERT INTO "switchport" VALUES(532,4);
INSERT INTO "switchport" VALUES(533,4);
INSERT INTO "switchport" VALUES(534,4);
INSERT INTO "switchport" VALUES(535,4);
INSERT INTO "switchport" VALUES(536,4);
INSERT INTO "switchport" VALUES(537,4);
INSERT INTO "switchport" VALUES(538,4);
INSERT INTO "switchport" VALUES(539,4);
INSERT INTO "switchport" VALUES(540,4);
INSERT INTO "switchport" VALUES(541,4);
INSERT INTO "switchport" VALUES(542,4);
INSERT INTO "switchport" VALUES(543,4);
INSERT INTO "switchport" VALUES(544,4);
INSERT INTO "switchport" VALUES(545,4);
INSERT INTO "switchport" VALUES(546,4);
INSERT INTO "switchport" VALUES(547,4);
INSERT INTO "switchport" VALUES(548,4);
INSERT INTO "switchport" VALUES(549,4);
INSERT INTO "switchport" VALUES(550,4);
INSERT INTO "switchport" VALUES(551,4);
INSERT INTO "switchport" VALUES(552,4);
INSERT INTO "switchport" VALUES(553,4);
INSERT INTO "switchport" VALUES(554,4);
INSERT INTO "switchport" VALUES(555,4);
INSERT INTO "switchport" VALUES(556,4);
INSERT INTO "switchport" VALUES(557,4);
INSERT INTO "switchport" VALUES(558,4);
INSERT INTO "switchport" VALUES(559,4);
INSERT INTO "switchport" VALUES(560,4);
INSERT INTO "switchport" VALUES(561,4);
INSERT INTO "switchport" VALUES(562,4);
INSERT INTO "switchport" VALUES(563,4);
INSERT INTO "switchport" VALUES(564,4);
INSERT INTO "switchport" VALUES(565,4);
INSERT INTO "switchport" VALUES(566,4);
INSERT INTO "switchport" VALUES(567,4);
INSERT INTO "switchport" VALUES(568,4);
INSERT INTO "switchport" VALUES(569,4);
INSERT INTO "switchport" VALUES(570,4);
INSERT INTO "switchport" VALUES(571,4);
INSERT INTO "switchport" VALUES(572,4);
INSERT INTO "switchport" VALUES(573,4);
INSERT INTO "switchport" VALUES(574,4);
INSERT INTO "switchport" VALUES(575,4);
INSERT INTO "switchport" VALUES(576,4);
INSERT INTO "switchport" VALUES(577,4);
INSERT INTO "switchport" VALUES(578,4);
INSERT INTO "switchport" VALUES(579,4);
INSERT INTO "switchport" VALUES(580,4);
INSERT INTO "switchport" VALUES(581,4);
INSERT INTO "switchport" VALUES(582,4);
INSERT INTO "switchport" VALUES(583,4);
INSERT INTO "switchport" VALUES(584,4);
INSERT INTO "switchport" VALUES(585,4);
INSERT INTO "switchport" VALUES(586,4);
INSERT INTO "switchport" VALUES(587,4);
INSERT INTO "switchport" VALUES(588,4);
INSERT INTO "switchport" VALUES(589,4);
INSERT INTO "switchport" VALUES(590,4);
INSERT INTO "switchport" VALUES(591,4);
INSERT INTO "switchport" VALUES(592,4);
INSERT INTO "switchport" VALUES(593,4);
INSERT INTO "switchport" VALUES(594,4);
INSERT INTO "switchport" VALUES(595,4);
INSERT INTO "switchport" VALUES(596,4);
INSERT INTO "switchport" VALUES(597,4);
INSERT INTO "switchport" VALUES(598,4);
INSERT INTO "switchport" VALUES(599,4);
INSERT INTO "switchport" VALUES(600,4);
INSERT INTO "switchport" VALUES(601,4);
INSERT INTO "switchport" VALUES(602,4);
INSERT INTO "switchport" VALUES(603,4);
INSERT INTO "switchport" VALUES(604,4);
INSERT INTO "switchport" VALUES(605,4);
INSERT INTO "switchport" VALUES(606,4);
INSERT INTO "switchport" VALUES(607,4);
INSERT INTO "switchport" VALUES(608,6);
INSERT INTO "switchport" VALUES(609,6);
INSERT INTO "switchport" VALUES(610,6);
INSERT INTO "switchport" VALUES(611,6);
INSERT INTO "switchport" VALUES(612,6);
INSERT INTO "switchport" VALUES(613,6);
INSERT INTO "switchport" VALUES(614,6);
INSERT INTO "switchport" VALUES(615,6);
INSERT INTO "switchport" VALUES(616,6);
INSERT INTO "switchport" VALUES(617,6);
INSERT INTO "switchport" VALUES(618,6);
INSERT INTO "switchport" VALUES(619,6);
INSERT INTO "switchport" VALUES(620,6);
INSERT INTO "switchport" VALUES(621,6);
INSERT INTO "switchport" VALUES(622,6);
INSERT INTO "switchport" VALUES(623,6);
INSERT INTO "switchport" VALUES(624,6);
INSERT INTO "switchport" VALUES(625,6);
INSERT INTO "switchport" VALUES(626,6);
INSERT INTO "switchport" VALUES(627,6);
INSERT INTO "switchport" VALUES(628,6);
INSERT INTO "switchport" VALUES(629,6);
INSERT INTO "switchport" VALUES(630,6);
INSERT INTO "switchport" VALUES(631,6);
INSERT INTO "switchport" VALUES(632,6);
INSERT INTO "switchport" VALUES(633,6);
INSERT INTO "switchport" VALUES(634,6);
INSERT INTO "switchport" VALUES(635,6);
INSERT INTO "switchport" VALUES(636,6);
INSERT INTO "switchport" VALUES(637,6);
INSERT INTO "switchport" VALUES(638,6);
INSERT INTO "switchport" VALUES(639,6);
INSERT INTO "switchport" VALUES(640,6);
INSERT INTO "switchport" VALUES(641,6);
INSERT INTO "switchport" VALUES(642,6);
INSERT INTO "switchport" VALUES(643,6);
INSERT INTO "switchport" VALUES(644,6);
INSERT INTO "switchport" VALUES(645,6);
INSERT INTO "switchport" VALUES(646,6);
INSERT INTO "switchport" VALUES(647,6);
INSERT INTO "switchport" VALUES(648,6);
INSERT INTO "switchport" VALUES(649,6);
INSERT INTO "switchport" VALUES(650,6);
INSERT INTO "switchport" VALUES(651,6);
INSERT INTO "switchport" VALUES(652,6);
INSERT INTO "switchport" VALUES(653,6);
INSERT INTO "switchport" VALUES(654,6);
INSERT INTO "switchport" VALUES(655,6);
INSERT INTO "switchport" VALUES(656,6);
INSERT INTO "switchport" VALUES(657,6);
INSERT INTO "switchport" VALUES(658,6);
INSERT INTO "switchport" VALUES(659,6);
INSERT INTO "switchport" VALUES(660,6);
INSERT INTO "switchport" VALUES(661,6);
INSERT INTO "switchport" VALUES(662,6);
INSERT INTO "switchport" VALUES(663,6);
INSERT INTO "switchport" VALUES(664,6);
INSERT INTO "switchport" VALUES(665,6);
INSERT INTO "switchport" VALUES(666,6);
INSERT INTO "switchport" VALUES(667,6);
INSERT INTO "switchport" VALUES(668,6);
INSERT INTO "switchport" VALUES(669,6);
INSERT INTO "switchport" VALUES(670,6);
INSERT INTO "switchport" VALUES(671,6);
INSERT INTO "switchport" VALUES(672,6);
INSERT INTO "switchport" VALUES(673,6);
INSERT INTO "switchport" VALUES(674,6);
INSERT INTO "switchport" VALUES(675,6);
INSERT INTO "switchport" VALUES(676,6);
INSERT INTO "switchport" VALUES(677,6);
INSERT INTO "switchport" VALUES(678,6);
INSERT INTO "switchport" VALUES(679,6);
INSERT INTO "switchport" VALUES(680,6);
INSERT INTO "switchport" VALUES(681,6);
INSERT INTO "switchport" VALUES(682,7);
INSERT INTO "switchport" VALUES(683,9);
INSERT INTO "switchport" VALUES(684,9);
INSERT INTO "switchport" VALUES(685,9);
INSERT INTO "switchport" VALUES(686,9);
INSERT INTO "switchport" VALUES(687,9);
INSERT INTO "switchport" VALUES(688,9);
INSERT INTO "switchport" VALUES(689,9);
INSERT INTO "switchport" VALUES(690,9);
INSERT INTO "switchport" VALUES(691,9);
INSERT INTO "switchport" VALUES(692,9);
INSERT INTO "switchport" VALUES(693,9);
INSERT INTO "switchport" VALUES(694,9);
INSERT INTO "switchport" VALUES(695,9);
INSERT INTO "switchport" VALUES(696,9);
INSERT INTO "switchport" VALUES(697,8);
INSERT INTO "switchport" VALUES(698,8);
INSERT INTO "switchport" VALUES(699,8);
INSERT INTO "switchport" VALUES(700,8);
INSERT INTO "switchport" VALUES(701,8);
INSERT INTO "switchport" VALUES(702,8);
INSERT INTO "switchport" VALUES(703,8);
INSERT INTO "switchport" VALUES(704,8);
INSERT INTO "switchport" VALUES(705,8);
INSERT INTO "switchport" VALUES(706,8);
INSERT INTO "switchport" VALUES(707,8);
INSERT INTO "switchport" VALUES(708,8);
INSERT INTO "switchport" VALUES(709,8);
INSERT INTO "switchport" VALUES(710,8);
INSERT INTO "switchport" VALUES(711,8);
INSERT INTO "switchport" VALUES(712,9);
INSERT INTO "switchport" VALUES(713,9);
INSERT INTO "switchport" VALUES(714,9);
INSERT INTO "switchport" VALUES(715,9);
INSERT INTO "switchport" VALUES(716,9);
INSERT INTO "switchport" VALUES(717,9);
INSERT INTO "switchport" VALUES(718,9);
INSERT INTO "switchport" VALUES(719,9);
INSERT INTO "switchport" VALUES(720,9);
INSERT INTO "switchport" VALUES(721,9);
INSERT INTO "switchport" VALUES(722,9);
INSERT INTO "switchport" VALUES(723,9);
INSERT INTO "switchport" VALUES(724,9);
INSERT INTO "switchport" VALUES(725,9);
INSERT INTO "switchport" VALUES(726,9);
INSERT INTO "switchport" VALUES(727,9);
INSERT INTO "switchport" VALUES(728,9);
INSERT INTO "switchport" VALUES(729,9);
INSERT INTO "switchport" VALUES(730,9);
INSERT INTO "switchport" VALUES(731,9);
INSERT INTO "switchport" VALUES(732,9);
INSERT INTO "switchport" VALUES(733,9);
INSERT INTO "switchport" VALUES(734,9);
INSERT INTO "switchport" VALUES(735,9);
INSERT INTO "switchport" VALUES(736,9);
INSERT INTO "switchport" VALUES(737,9);
INSERT INTO "switchport" VALUES(738,9);
INSERT INTO "switchport" VALUES(739,9);
INSERT INTO "switchport" VALUES(740,9);
INSERT INTO "switchport" VALUES(741,9);
INSERT INTO "switchport" VALUES(742,9);
INSERT INTO "switchport" VALUES(743,9);
INSERT INTO "switchport" VALUES(744,9);
INSERT INTO "switchport" VALUES(745,9);
INSERT INTO "switchport" VALUES(746,9);
INSERT INTO "switchport" VALUES(747,9);
INSERT INTO "switchport" VALUES(748,9);
INSERT INTO "switchport" VALUES(749,9);
INSERT INTO "switchport" VALUES(750,9);
INSERT INTO "switchport" VALUES(751,9);
INSERT INTO "switchport" VALUES(752,9);
INSERT INTO "switchport" VALUES(753,9);
INSERT INTO "switchport" VALUES(754,9);
INSERT INTO "switchport" VALUES(755,9);
INSERT INTO "switchport" VALUES(756,9);
INSERT INTO "switchport" VALUES(757,9);
INSERT INTO "switchport" VALUES(758,9);
INSERT INTO "switchport" VALUES(759,9);
INSERT INTO "switchport" VALUES(760,9);
INSERT INTO "switchport" VALUES(761,9);
INSERT INTO "switchport" VALUES(762,9);
INSERT INTO "switchport" VALUES(763,9);
INSERT INTO "switchport" VALUES(764,9);
INSERT INTO "switchport" VALUES(765,9);
INSERT INTO "switchport" VALUES(766,9);
INSERT INTO "switchport" VALUES(767,9);
INSERT INTO "switchport" VALUES(768,9);
INSERT INTO "switchport" VALUES(769,9);
INSERT INTO "switchport" VALUES(770,9);
INSERT INTO "switchport" VALUES(771,9);
INSERT INTO "switchport" VALUES(772,8);
INSERT INTO "switchport" VALUES(773,8);
INSERT INTO "switchport" VALUES(774,8);
INSERT INTO "switchport" VALUES(775,8);
INSERT INTO "switchport" VALUES(776,8);
INSERT INTO "switchport" VALUES(777,8);
INSERT INTO "switchport" VALUES(778,8);
INSERT INTO "switchport" VALUES(779,8);
INSERT INTO "switchport" VALUES(780,8);
INSERT INTO "switchport" VALUES(781,8);
INSERT INTO "switchport" VALUES(782,8);
INSERT INTO "switchport" VALUES(783,8);
INSERT INTO "switchport" VALUES(784,8);
INSERT INTO "switchport" VALUES(785,8);
INSERT INTO "switchport" VALUES(786,8);
INSERT INTO "switchport" VALUES(787,8);
INSERT INTO "switchport" VALUES(788,8);
INSERT INTO "switchport" VALUES(789,8);
INSERT INTO "switchport" VALUES(790,8);
INSERT INTO "switchport" VALUES(791,8);
INSERT INTO "switchport" VALUES(792,8);
INSERT INTO "switchport" VALUES(793,8);
INSERT INTO "switchport" VALUES(794,8);
INSERT INTO "switchport" VALUES(795,8);
INSERT INTO "switchport" VALUES(796,8);
INSERT INTO "switchport" VALUES(797,8);
INSERT INTO "switchport" VALUES(798,8);
INSERT INTO "switchport" VALUES(799,8);
INSERT INTO "switchport" VALUES(800,8);
INSERT INTO "switchport" VALUES(801,8);
INSERT INTO "switchport" VALUES(802,8);
INSERT INTO "switchport" VALUES(803,8);
INSERT INTO "switchport" VALUES(804,8);
INSERT INTO "switchport" VALUES(805,8);
INSERT INTO "switchport" VALUES(806,8);
INSERT INTO "switchport" VALUES(807,8);
INSERT INTO "switchport" VALUES(808,8);
INSERT INTO "switchport" VALUES(809,8);
INSERT INTO "switchport" VALUES(810,8);
INSERT INTO "switchport" VALUES(811,8);
INSERT INTO "switchport" VALUES(812,8);
INSERT INTO "switchport" VALUES(813,8);
INSERT INTO "switchport" VALUES(814,8);
INSERT INTO "switchport" VALUES(815,8);
INSERT INTO "switchport" VALUES(816,8);
INSERT INTO "switchport" VALUES(817,8);
INSERT INTO "switchport" VALUES(818,8);
INSERT INTO "switchport" VALUES(819,8);
INSERT INTO "switchport" VALUES(820,8);
INSERT INTO "switchport" VALUES(821,8);
INSERT INTO "switchport" VALUES(822,8);
INSERT INTO "switchport" VALUES(823,8);
INSERT INTO "switchport" VALUES(824,8);
INSERT INTO "switchport" VALUES(825,8);
INSERT INTO "switchport" VALUES(826,8);
INSERT INTO "switchport" VALUES(827,8);
INSERT INTO "switchport" VALUES(828,8);
INSERT INTO "switchport" VALUES(829,8);
INSERT INTO "switchport" VALUES(830,8);
INSERT INTO "switchport" VALUES(831,8);
INSERT INTO "switchport" VALUES(832,7);
INSERT INTO "switchport" VALUES(833,7);
INSERT INTO "switchport" VALUES(834,7);
INSERT INTO "switchport" VALUES(835,7);
INSERT INTO "switchport" VALUES(836,7);
INSERT INTO "switchport" VALUES(837,7);
INSERT INTO "switchport" VALUES(838,7);
INSERT INTO "switchport" VALUES(839,7);
INSERT INTO "switchport" VALUES(840,7);
INSERT INTO "switchport" VALUES(841,7);
INSERT INTO "switchport" VALUES(842,7);
INSERT INTO "switchport" VALUES(843,7);
INSERT INTO "switchport" VALUES(844,7);
INSERT INTO "switchport" VALUES(845,7);
INSERT INTO "switchport" VALUES(846,7);
INSERT INTO "switchport" VALUES(847,7);
INSERT INTO "switchport" VALUES(848,7);
INSERT INTO "switchport" VALUES(849,7);
INSERT INTO "switchport" VALUES(850,7);
INSERT INTO "switchport" VALUES(851,7);
INSERT INTO "switchport" VALUES(852,7);
INSERT INTO "switchport" VALUES(853,7);
INSERT INTO "switchport" VALUES(854,7);
INSERT INTO "switchport" VALUES(855,7);
INSERT INTO "switchport" VALUES(856,7);
INSERT INTO "switchport" VALUES(857,7);
INSERT INTO "switchport" VALUES(858,7);
INSERT INTO "switchport" VALUES(859,7);
INSERT INTO "switchport" VALUES(860,7);
INSERT INTO "switchport" VALUES(861,7);
INSERT INTO "switchport" VALUES(862,7);
INSERT INTO "switchport" VALUES(863,7);
INSERT INTO "switchport" VALUES(864,7);
INSERT INTO "switchport" VALUES(865,7);
INSERT INTO "switchport" VALUES(866,7);
INSERT INTO "switchport" VALUES(867,7);
INSERT INTO "switchport" VALUES(868,7);
INSERT INTO "switchport" VALUES(869,7);
INSERT INTO "switchport" VALUES(870,7);
INSERT INTO "switchport" VALUES(871,7);
INSERT INTO "switchport" VALUES(872,7);
INSERT INTO "switchport" VALUES(873,7);
INSERT INTO "switchport" VALUES(874,7);
INSERT INTO "switchport" VALUES(875,7);
INSERT INTO "switchport" VALUES(876,7);
INSERT INTO "switchport" VALUES(877,7);
INSERT INTO "switchport" VALUES(878,7);
INSERT INTO "switchport" VALUES(879,7);
INSERT INTO "switchport" VALUES(880,7);
INSERT INTO "switchport" VALUES(881,7);
INSERT INTO "switchport" VALUES(882,7);
INSERT INTO "switchport" VALUES(883,7);
INSERT INTO "switchport" VALUES(884,7);
INSERT INTO "switchport" VALUES(885,7);
INSERT INTO "switchport" VALUES(886,7);
INSERT INTO "switchport" VALUES(887,7);
INSERT INTO "switchport" VALUES(888,7);
INSERT INTO "switchport" VALUES(889,7);
INSERT INTO "switchport" VALUES(890,7);
INSERT INTO "switchport" VALUES(891,7);
INSERT INTO "switchport" VALUES(892,7);
INSERT INTO "switchport" VALUES(893,7);
INSERT INTO "switchport" VALUES(894,7);
INSERT INTO "switchport" VALUES(895,7);
INSERT INTO "switchport" VALUES(896,7);
INSERT INTO "switchport" VALUES(897,7);
INSERT INTO "switchport" VALUES(898,7);
INSERT INTO "switchport" VALUES(899,7);
INSERT INTO "switchport" VALUES(900,7);
INSERT INTO "switchport" VALUES(901,7);
INSERT INTO "switchport" VALUES(902,7);
INSERT INTO "switchport" VALUES(903,7);
INSERT INTO "switchport" VALUES(904,7);
INSERT INTO "switchport" VALUES(905,7);
INSERT INTO "switchport" VALUES(906,10);
INSERT INTO "switchport" VALUES(907,13);
INSERT INTO "switchport" VALUES(908,13);
INSERT INTO "switchport" VALUES(909,13);
INSERT INTO "switchport" VALUES(910,13);
INSERT INTO "switchport" VALUES(911,13);
INSERT INTO "switchport" VALUES(912,13);
INSERT INTO "switchport" VALUES(913,13);
INSERT INTO "switchport" VALUES(914,13);
INSERT INTO "switchport" VALUES(915,13);
INSERT INTO "switchport" VALUES(916,13);
INSERT INTO "switchport" VALUES(917,13);
INSERT INTO "switchport" VALUES(918,13);
INSERT INTO "switchport" VALUES(919,13);
INSERT INTO "switchport" VALUES(920,13);
INSERT INTO "switchport" VALUES(921,13);
INSERT INTO "switchport" VALUES(922,13);
INSERT INTO "switchport" VALUES(923,13);
INSERT INTO "switchport" VALUES(924,13);
INSERT INTO "switchport" VALUES(925,13);
INSERT INTO "switchport" VALUES(926,13);
INSERT INTO "switchport" VALUES(927,13);
INSERT INTO "switchport" VALUES(928,13);
INSERT INTO "switchport" VALUES(929,13);
INSERT INTO "switchport" VALUES(930,13);
INSERT INTO "switchport" VALUES(931,13);
INSERT INTO "switchport" VALUES(932,13);
INSERT INTO "switchport" VALUES(933,13);
INSERT INTO "switchport" VALUES(934,13);
INSERT INTO "switchport" VALUES(935,13);
INSERT INTO "switchport" VALUES(936,13);
INSERT INTO "switchport" VALUES(937,13);
INSERT INTO "switchport" VALUES(938,13);
INSERT INTO "switchport" VALUES(939,13);
INSERT INTO "switchport" VALUES(940,13);
INSERT INTO "switchport" VALUES(941,13);
INSERT INTO "switchport" VALUES(942,13);
INSERT INTO "switchport" VALUES(943,13);
INSERT INTO "switchport" VALUES(944,13);
INSERT INTO "switchport" VALUES(945,13);
INSERT INTO "switchport" VALUES(946,13);
INSERT INTO "switchport" VALUES(947,13);
INSERT INTO "switchport" VALUES(948,13);
INSERT INTO "switchport" VALUES(949,13);
INSERT INTO "switchport" VALUES(950,13);
INSERT INTO "switchport" VALUES(951,13);
INSERT INTO "switchport" VALUES(952,13);
INSERT INTO "switchport" VALUES(953,13);
INSERT INTO "switchport" VALUES(954,13);
INSERT INTO "switchport" VALUES(955,13);
INSERT INTO "switchport" VALUES(956,13);
INSERT INTO "switchport" VALUES(957,13);
INSERT INTO "switchport" VALUES(958,13);
INSERT INTO "switchport" VALUES(959,13);
INSERT INTO "switchport" VALUES(960,13);
INSERT INTO "switchport" VALUES(961,13);
INSERT INTO "switchport" VALUES(962,13);
INSERT INTO "switchport" VALUES(963,13);
INSERT INTO "switchport" VALUES(964,13);
INSERT INTO "switchport" VALUES(965,13);
INSERT INTO "switchport" VALUES(966,13);
INSERT INTO "switchport" VALUES(967,13);
INSERT INTO "switchport" VALUES(968,13);
INSERT INTO "switchport" VALUES(969,13);
INSERT INTO "switchport" VALUES(970,13);
INSERT INTO "switchport" VALUES(971,13);
INSERT INTO "switchport" VALUES(972,13);
INSERT INTO "switchport" VALUES(973,13);
INSERT INTO "switchport" VALUES(974,13);
INSERT INTO "switchport" VALUES(975,13);
INSERT INTO "switchport" VALUES(976,13);
INSERT INTO "switchport" VALUES(977,13);
INSERT INTO "switchport" VALUES(978,13);
INSERT INTO "switchport" VALUES(979,13);
INSERT INTO "switchport" VALUES(980,13);
INSERT INTO "switchport" VALUES(981,13);
INSERT INTO "switchport" VALUES(982,13);
INSERT INTO "switchport" VALUES(983,13);
INSERT INTO "switchport" VALUES(984,13);
INSERT INTO "switchport" VALUES(985,13);
INSERT INTO "switchport" VALUES(986,13);
INSERT INTO "switchport" VALUES(987,13);
INSERT INTO "switchport" VALUES(988,13);
INSERT INTO "switchport" VALUES(989,13);
INSERT INTO "switchport" VALUES(990,13);
INSERT INTO "switchport" VALUES(991,13);
INSERT INTO "switchport" VALUES(992,13);
INSERT INTO "switchport" VALUES(993,13);
INSERT INTO "switchport" VALUES(994,13);
INSERT INTO "switchport" VALUES(995,13);
INSERT INTO "switchport" VALUES(996,13);
INSERT INTO "switchport" VALUES(997,13);
INSERT INTO "switchport" VALUES(998,13);
INSERT INTO "switchport" VALUES(999,13);
INSERT INTO "switchport" VALUES(1000,13);
INSERT INTO "switchport" VALUES(1001,13);
INSERT INTO "switchport" VALUES(1002,13);
INSERT INTO "switchport" VALUES(1003,13);
INSERT INTO "switchport" VALUES(1004,13);
INSERT INTO "switchport" VALUES(1005,13);
INSERT INTO "switchport" VALUES(1006,13);
INSERT INTO "switchport" VALUES(1007,13);
INSERT INTO "switchport" VALUES(1008,13);
INSERT INTO "switchport" VALUES(1009,13);
INSERT INTO "switchport" VALUES(1010,13);
INSERT INTO "switchport" VALUES(1011,13);
INSERT INTO "switchport" VALUES(1012,13);
INSERT INTO "switchport" VALUES(1013,13);
INSERT INTO "switchport" VALUES(1014,13);
INSERT INTO "switchport" VALUES(1015,13);
INSERT INTO "switchport" VALUES(1016,13);
INSERT INTO "switchport" VALUES(1017,13);
INSERT INTO "switchport" VALUES(1018,13);
INSERT INTO "switchport" VALUES(1019,13);
INSERT INTO "switchport" VALUES(1020,13);
INSERT INTO "switchport" VALUES(1021,13);
INSERT INTO "switchport" VALUES(1022,13);
INSERT INTO "switchport" VALUES(1023,13);
INSERT INTO "switchport" VALUES(1024,13);
INSERT INTO "switchport" VALUES(1025,13);
INSERT INTO "switchport" VALUES(1026,13);
INSERT INTO "switchport" VALUES(1027,13);
INSERT INTO "switchport" VALUES(1028,13);
INSERT INTO "switchport" VALUES(1029,13);
INSERT INTO "switchport" VALUES(1030,13);
INSERT INTO "switchport" VALUES(1031,13);
INSERT INTO "switchport" VALUES(1032,10);
INSERT INTO "switchport" VALUES(1033,10);
INSERT INTO "switchport" VALUES(1034,10);
INSERT INTO "switchport" VALUES(1035,10);
INSERT INTO "switchport" VALUES(1036,10);
INSERT INTO "switchport" VALUES(1037,10);
INSERT INTO "switchport" VALUES(1038,10);
INSERT INTO "switchport" VALUES(1039,10);
INSERT INTO "switchport" VALUES(1040,10);
INSERT INTO "switchport" VALUES(1041,10);
INSERT INTO "switchport" VALUES(1042,10);
INSERT INTO "switchport" VALUES(1043,10);
INSERT INTO "switchport" VALUES(1044,10);
INSERT INTO "switchport" VALUES(1045,10);
INSERT INTO "switchport" VALUES(1046,10);
INSERT INTO "switchport" VALUES(1047,10);
INSERT INTO "switchport" VALUES(1048,10);
INSERT INTO "switchport" VALUES(1049,10);
INSERT INTO "switchport" VALUES(1050,10);
INSERT INTO "switchport" VALUES(1051,10);
INSERT INTO "switchport" VALUES(1052,10);
INSERT INTO "switchport" VALUES(1053,10);
INSERT INTO "switchport" VALUES(1054,10);
INSERT INTO "switchport" VALUES(1055,10);
INSERT INTO "switchport" VALUES(1056,10);
INSERT INTO "switchport" VALUES(1057,10);
INSERT INTO "switchport" VALUES(1058,10);
INSERT INTO "switchport" VALUES(1059,10);
INSERT INTO "switchport" VALUES(1060,10);
INSERT INTO "switchport" VALUES(1061,10);
INSERT INTO "switchport" VALUES(1062,10);
INSERT INTO "switchport" VALUES(1063,10);
INSERT INTO "switchport" VALUES(1064,10);
INSERT INTO "switchport" VALUES(1065,10);
INSERT INTO "switchport" VALUES(1066,10);
INSERT INTO "switchport" VALUES(1067,10);
INSERT INTO "switchport" VALUES(1068,10);
INSERT INTO "switchport" VALUES(1069,10);
INSERT INTO "switchport" VALUES(1070,10);
INSERT INTO "switchport" VALUES(1071,10);
INSERT INTO "switchport" VALUES(1072,10);
INSERT INTO "switchport" VALUES(1073,10);
INSERT INTO "switchport" VALUES(1074,10);
INSERT INTO "switchport" VALUES(1075,10);
INSERT INTO "switchport" VALUES(1076,10);
INSERT INTO "switchport" VALUES(1077,10);
INSERT INTO "switchport" VALUES(1078,10);
INSERT INTO "switchport" VALUES(1079,10);
INSERT INTO "switchport" VALUES(1080,10);
INSERT INTO "switchport" VALUES(1081,10);
INSERT INTO "switchport" VALUES(1082,10);
INSERT INTO "switchport" VALUES(1083,10);
INSERT INTO "switchport" VALUES(1084,10);
INSERT INTO "switchport" VALUES(1085,10);
INSERT INTO "switchport" VALUES(1086,10);
INSERT INTO "switchport" VALUES(1087,10);
INSERT INTO "switchport" VALUES(1088,10);
INSERT INTO "switchport" VALUES(1089,10);
INSERT INTO "switchport" VALUES(1090,10);
INSERT INTO "switchport" VALUES(1091,10);
INSERT INTO "switchport" VALUES(1092,10);
INSERT INTO "switchport" VALUES(1093,10);
INSERT INTO "switchport" VALUES(1094,10);
INSERT INTO "switchport" VALUES(1095,10);
INSERT INTO "switchport" VALUES(1096,10);
INSERT INTO "switchport" VALUES(1097,10);
INSERT INTO "switchport" VALUES(1098,10);
INSERT INTO "switchport" VALUES(1099,10);
INSERT INTO "switchport" VALUES(1100,10);
INSERT INTO "switchport" VALUES(1101,10);
INSERT INTO "switchport" VALUES(1102,10);
INSERT INTO "switchport" VALUES(1103,10);
INSERT INTO "switchport" VALUES(1104,10);
INSERT INTO "switchport" VALUES(1105,10);
INSERT INTO "switchport" VALUES(1106,10);
INSERT INTO "switchport" VALUES(1107,10);
INSERT INTO "switchport" VALUES(1108,10);
INSERT INTO "switchport" VALUES(1109,10);
INSERT INTO "switchport" VALUES(1110,10);
INSERT INTO "switchport" VALUES(1111,10);
INSERT INTO "switchport" VALUES(1112,10);
INSERT INTO "switchport" VALUES(1113,10);
INSERT INTO "switchport" VALUES(1114,10);
INSERT INTO "switchport" VALUES(1115,10);
INSERT INTO "switchport" VALUES(1116,10);
INSERT INTO "switchport" VALUES(1117,10);
INSERT INTO "switchport" VALUES(1118,10);
INSERT INTO "switchport" VALUES(1119,10);
INSERT INTO "switchport" VALUES(1120,10);
INSERT INTO "switchport" VALUES(1121,10);
INSERT INTO "switchport" VALUES(1122,10);
INSERT INTO "switchport" VALUES(1123,10);
INSERT INTO "switchport" VALUES(1124,10);
INSERT INTO "switchport" VALUES(1125,10);
INSERT INTO "switchport" VALUES(1126,10);
INSERT INTO "switchport" VALUES(1127,10);
INSERT INTO "switchport" VALUES(1128,10);
INSERT INTO "switchport" VALUES(1129,10);
INSERT INTO "switchport" VALUES(1130,10);
INSERT INTO "switchport" VALUES(1131,10);
INSERT INTO "switchport" VALUES(1132,10);
INSERT INTO "switchport" VALUES(1133,10);
INSERT INTO "switchport" VALUES(1134,16);
INSERT INTO "switchport" VALUES(1135,17);
INSERT INTO "switchport" VALUES(1136,17);
INSERT INTO "switchport" VALUES(1137,17);
INSERT INTO "switchport" VALUES(1138,17);
INSERT INTO "switchport" VALUES(1139,17);
INSERT INTO "switchport" VALUES(1140,17);
INSERT INTO "switchport" VALUES(1141,17);
INSERT INTO "switchport" VALUES(1142,17);
INSERT INTO "switchport" VALUES(1143,17);
INSERT INTO "switchport" VALUES(1144,17);
INSERT INTO "switchport" VALUES(1145,17);
INSERT INTO "switchport" VALUES(1146,17);
INSERT INTO "switchport" VALUES(1147,17);
INSERT INTO "switchport" VALUES(1148,17);
INSERT INTO "switchport" VALUES(1149,17);
INSERT INTO "switchport" VALUES(1150,17);
INSERT INTO "switchport" VALUES(1151,17);
INSERT INTO "switchport" VALUES(1152,17);
INSERT INTO "switchport" VALUES(1153,17);
INSERT INTO "switchport" VALUES(1154,17);
INSERT INTO "switchport" VALUES(1155,17);
INSERT INTO "switchport" VALUES(1156,17);
INSERT INTO "switchport" VALUES(1157,17);
INSERT INTO "switchport" VALUES(1158,17);
INSERT INTO "switchport" VALUES(1159,17);
INSERT INTO "switchport" VALUES(1160,17);
INSERT INTO "switchport" VALUES(1161,17);
INSERT INTO "switchport" VALUES(1162,17);
INSERT INTO "switchport" VALUES(1163,17);
INSERT INTO "switchport" VALUES(1164,17);
INSERT INTO "switchport" VALUES(1165,17);
INSERT INTO "switchport" VALUES(1166,17);
INSERT INTO "switchport" VALUES(1167,17);
INSERT INTO "switchport" VALUES(1168,17);
INSERT INTO "switchport" VALUES(1169,17);
INSERT INTO "switchport" VALUES(1170,17);
INSERT INTO "switchport" VALUES(1171,17);
INSERT INTO "switchport" VALUES(1172,17);
INSERT INTO "switchport" VALUES(1173,17);
INSERT INTO "switchport" VALUES(1174,17);
INSERT INTO "switchport" VALUES(1175,17);
INSERT INTO "switchport" VALUES(1176,17);
INSERT INTO "switchport" VALUES(1177,17);
INSERT INTO "switchport" VALUES(1178,17);
INSERT INTO "switchport" VALUES(1179,17);
INSERT INTO "switchport" VALUES(1180,17);
INSERT INTO "switchport" VALUES(1181,17);
INSERT INTO "switchport" VALUES(1182,17);
INSERT INTO "switchport" VALUES(1183,17);
INSERT INTO "switchport" VALUES(1184,17);
INSERT INTO "switchport" VALUES(1185,17);
INSERT INTO "switchport" VALUES(1186,17);
INSERT INTO "switchport" VALUES(1187,17);
INSERT INTO "switchport" VALUES(1188,17);
INSERT INTO "switchport" VALUES(1189,17);
INSERT INTO "switchport" VALUES(1190,17);
INSERT INTO "switchport" VALUES(1191,17);
INSERT INTO "switchport" VALUES(1192,17);
INSERT INTO "switchport" VALUES(1193,17);
INSERT INTO "switchport" VALUES(1194,17);
INSERT INTO "switchport" VALUES(1195,17);
INSERT INTO "switchport" VALUES(1196,17);
INSERT INTO "switchport" VALUES(1197,17);
INSERT INTO "switchport" VALUES(1198,17);
INSERT INTO "switchport" VALUES(1199,17);
INSERT INTO "switchport" VALUES(1200,17);
INSERT INTO "switchport" VALUES(1201,17);
INSERT INTO "switchport" VALUES(1202,17);
INSERT INTO "switchport" VALUES(1203,17);
INSERT INTO "switchport" VALUES(1204,17);
INSERT INTO "switchport" VALUES(1205,17);
INSERT INTO "switchport" VALUES(1206,17);
INSERT INTO "switchport" VALUES(1207,17);
INSERT INTO "switchport" VALUES(1208,17);
INSERT INTO "switchport" VALUES(1209,17);
INSERT INTO "switchport" VALUES(1210,17);
INSERT INTO "switchport" VALUES(1211,17);
INSERT INTO "switchport" VALUES(1212,17);
INSERT INTO "switchport" VALUES(1213,17);
INSERT INTO "switchport" VALUES(1214,17);
INSERT INTO "switchport" VALUES(1215,17);
INSERT INTO "switchport" VALUES(1216,17);
INSERT INTO "switchport" VALUES(1217,17);
INSERT INTO "switchport" VALUES(1218,17);
INSERT INTO "switchport" VALUES(1219,17);
INSERT INTO "switchport" VALUES(1220,17);
INSERT INTO "switchport" VALUES(1221,17);
INSERT INTO "switchport" VALUES(1222,17);
INSERT INTO "switchport" VALUES(1223,17);
INSERT INTO "switchport" VALUES(1224,17);
INSERT INTO "switchport" VALUES(1225,17);
INSERT INTO "switchport" VALUES(1226,17);
INSERT INTO "switchport" VALUES(1227,17);
INSERT INTO "switchport" VALUES(1228,17);
INSERT INTO "switchport" VALUES(1229,17);
INSERT INTO "switchport" VALUES(1230,17);
INSERT INTO "switchport" VALUES(1231,17);
INSERT INTO "switchport" VALUES(1232,16);
INSERT INTO "switchport" VALUES(1233,16);
INSERT INTO "switchport" VALUES(1234,16);
INSERT INTO "switchport" VALUES(1235,16);
INSERT INTO "switchport" VALUES(1236,16);
INSERT INTO "switchport" VALUES(1237,16);
INSERT INTO "switchport" VALUES(1238,16);
INSERT INTO "switchport" VALUES(1239,16);
INSERT INTO "switchport" VALUES(1240,16);
INSERT INTO "switchport" VALUES(1241,16);
INSERT INTO "switchport" VALUES(1242,16);
INSERT INTO "switchport" VALUES(1243,16);
INSERT INTO "switchport" VALUES(1244,16);
INSERT INTO "switchport" VALUES(1245,16);
INSERT INTO "switchport" VALUES(1246,16);
INSERT INTO "switchport" VALUES(1247,16);
INSERT INTO "switchport" VALUES(1248,16);
INSERT INTO "switchport" VALUES(1249,16);
INSERT INTO "switchport" VALUES(1250,16);
INSERT INTO "switchport" VALUES(1251,16);
INSERT INTO "switchport" VALUES(1252,16);
INSERT INTO "switchport" VALUES(1253,16);
INSERT INTO "switchport" VALUES(1254,16);
INSERT INTO "switchport" VALUES(1255,16);
INSERT INTO "switchport" VALUES(1256,16);
INSERT INTO "switchport" VALUES(1257,16);
INSERT INTO "switchport" VALUES(1258,16);
INSERT INTO "switchport" VALUES(1259,16);
INSERT INTO "switchport" VALUES(1260,16);
INSERT INTO "switchport" VALUES(1261,16);
INSERT INTO "switchport" VALUES(1262,16);
INSERT INTO "switchport" VALUES(1263,16);
INSERT INTO "switchport" VALUES(1264,16);
INSERT INTO "switchport" VALUES(1265,16);
INSERT INTO "switchport" VALUES(1266,16);
INSERT INTO "switchport" VALUES(1267,16);
INSERT INTO "switchport" VALUES(1268,16);
INSERT INTO "switchport" VALUES(1269,16);
INSERT INTO "switchport" VALUES(1270,16);
INSERT INTO "switchport" VALUES(1271,16);
INSERT INTO "switchport" VALUES(1272,16);
INSERT INTO "switchport" VALUES(1273,16);
INSERT INTO "switchport" VALUES(1274,16);
INSERT INTO "switchport" VALUES(1275,16);
INSERT INTO "switchport" VALUES(1276,16);
INSERT INTO "switchport" VALUES(1277,16);
INSERT INTO "switchport" VALUES(1278,16);
INSERT INTO "switchport" VALUES(1279,16);
INSERT INTO "switchport" VALUES(1280,16);
INSERT INTO "switchport" VALUES(1281,16);
INSERT INTO "switchport" VALUES(1282,16);
INSERT INTO "switchport" VALUES(1283,16);
INSERT INTO "switchport" VALUES(1284,16);
INSERT INTO "switchport" VALUES(1285,16);
INSERT INTO "switchport" VALUES(1286,16);
INSERT INTO "switchport" VALUES(1287,16);
INSERT INTO "switchport" VALUES(1288,16);
INSERT INTO "switchport" VALUES(1289,16);
INSERT INTO "switchport" VALUES(1290,16);
INSERT INTO "switchport" VALUES(1291,16);
INSERT INTO "switchport" VALUES(1292,16);
INSERT INTO "switchport" VALUES(1293,16);
INSERT INTO "switchport" VALUES(1294,16);
INSERT INTO "switchport" VALUES(1295,16);
INSERT INTO "switchport" VALUES(1296,16);
INSERT INTO "switchport" VALUES(1297,16);
INSERT INTO "switchport" VALUES(1298,16);
INSERT INTO "switchport" VALUES(1299,16);
INSERT INTO "switchport" VALUES(1300,16);
INSERT INTO "switchport" VALUES(1301,16);
INSERT INTO "switchport" VALUES(1302,16);
INSERT INTO "switchport" VALUES(1303,16);
INSERT INTO "switchport" VALUES(1304,16);
INSERT INTO "switchport" VALUES(1305,16);
INSERT INTO "switchport" VALUES(1306,16);
INSERT INTO "switchport" VALUES(1307,16);
INSERT INTO "switchport" VALUES(1308,16);
INSERT INTO "switchport" VALUES(1309,16);
INSERT INTO "switchport" VALUES(1310,16);
INSERT INTO "switchport" VALUES(1311,16);
INSERT INTO "switchport" VALUES(1312,16);
INSERT INTO "switchport" VALUES(1313,16);
INSERT INTO "switchport" VALUES(1314,16);
INSERT INTO "switchport" VALUES(1315,16);
INSERT INTO "switchport" VALUES(1316,16);
INSERT INTO "switchport" VALUES(1317,16);
INSERT INTO "switchport" VALUES(1318,16);
INSERT INTO "switchport" VALUES(1319,16);
INSERT INTO "switchport" VALUES(1320,16);
INSERT INTO "switchport" VALUES(1321,16);
INSERT INTO "switchport" VALUES(1322,16);
INSERT INTO "switchport" VALUES(1323,16);
INSERT INTO "switchport" VALUES(1324,16);
INSERT INTO "switchport" VALUES(1325,16);
INSERT INTO "switchport" VALUES(1326,16);
INSERT INTO "switchport" VALUES(1327,16);
INSERT INTO "switchport" VALUES(1328,16);
INSERT INTO "switchport" VALUES(1329,16);
INSERT INTO "switchport" VALUES(1330,16);
INSERT INTO "switchport" VALUES(1331,16);
INSERT INTO "switchport" VALUES(1332,16);
INSERT INTO "switchport" VALUES(1333,16);
INSERT INTO "switchport" VALUES(1334,16);
INSERT INTO "switchport" VALUES(1335,16);
INSERT INTO "switchport" VALUES(1336,16);
INSERT INTO "switchport" VALUES(1337,16);
INSERT INTO "switchport" VALUES(1338,16);
INSERT INTO "switchport" VALUES(1339,16);
INSERT INTO "switchport" VALUES(1340,16);
INSERT INTO "switchport" VALUES(1341,16);
INSERT INTO "switchport" VALUES(1342,16);
INSERT INTO "switchport" VALUES(1343,16);
INSERT INTO "switchport" VALUES(1344,16);
INSERT INTO "switchport" VALUES(1345,16);
INSERT INTO "switchport" VALUES(1346,16);
INSERT INTO "switchport" VALUES(1347,16);
INSERT INTO "switchport" VALUES(1348,16);
INSERT INTO "switchport" VALUES(1349,16);
INSERT INTO "switchport" VALUES(1350,1);
INSERT INTO "switchport" VALUES(1351,1);
INSERT INTO "switchport" VALUES(1352,1);
INSERT INTO "switchport" VALUES(1353,1);
INSERT INTO "switchport" VALUES(1354,1);
INSERT INTO "switchport" VALUES(1355,1);
INSERT INTO "switchport" VALUES(1356,1);
INSERT INTO "switchport" VALUES(1357,1);
INSERT INTO "switchport" VALUES(1358,1);
INSERT INTO "switchport" VALUES(1359,1);
INSERT INTO "switchport" VALUES(1360,1);
INSERT INTO "switchport" VALUES(1361,1);
INSERT INTO "switchport" VALUES(1362,1);
INSERT INTO "switchport" VALUES(1363,1);
INSERT INTO "switchport" VALUES(1364,1);
INSERT INTO "switchport" VALUES(1365,1);
INSERT INTO "switchport" VALUES(1366,1);
INSERT INTO "switchport" VALUES(1367,1);
INSERT INTO "switchport" VALUES(1368,1);
INSERT INTO "switchport" VALUES(1369,1);
INSERT INTO "switchport" VALUES(1370,1);
INSERT INTO "switchport" VALUES(1371,1);
INSERT INTO "switchport" VALUES(1372,1);
INSERT INTO "switchport" VALUES(1373,1);
INSERT INTO "switchport" VALUES(1374,1);
INSERT INTO "switchport" VALUES(1375,1);
INSERT INTO "switchport" VALUES(1376,1);
INSERT INTO "switchport" VALUES(1377,1);
INSERT INTO "switchport" VALUES(1378,1);
INSERT INTO "switchport" VALUES(1379,1);
INSERT INTO "switchport" VALUES(1380,1);
INSERT INTO "switchport" VALUES(1381,1);
INSERT INTO "switchport" VALUES(1382,1);
INSERT INTO "switchport" VALUES(1383,1);
INSERT INTO "switchport" VALUES(1384,1);
INSERT INTO "switchport" VALUES(1385,1);
INSERT INTO "switchport" VALUES(1386,1);
INSERT INTO "switchport" VALUES(1387,1);
INSERT INTO "switchport" VALUES(1388,1);
INSERT INTO "switchport" VALUES(1389,1);
INSERT INTO "switchport" VALUES(1390,1);
INSERT INTO "switchport" VALUES(1391,1);
INSERT INTO "switchport" VALUES(1392,1);
INSERT INTO "switchport" VALUES(1393,1);
INSERT INTO "switchport" VALUES(1394,1);
INSERT INTO "switchport" VALUES(1395,1);
INSERT INTO "switchport" VALUES(1396,1);
INSERT INTO "switchport" VALUES(1397,1);
INSERT INTO "switchport" VALUES(1398,1);
INSERT INTO "switchport" VALUES(1399,1);
INSERT INTO "switchport" VALUES(1400,1);
INSERT INTO "switchport" VALUES(1401,1);
INSERT INTO "switchport" VALUES(1402,1);
INSERT INTO "switchport" VALUES(1403,1);
INSERT INTO "switchport" VALUES(1404,1);
INSERT INTO "switchport" VALUES(1405,1);
INSERT INTO "switchport" VALUES(1406,1);
INSERT INTO "switchport" VALUES(1407,1);
INSERT INTO "switchport" VALUES(1408,1);
INSERT INTO "switchport" VALUES(1409,1);
INSERT INTO "switchport" VALUES(1410,1);
INSERT INTO "switchport" VALUES(1411,1);
INSERT INTO "switchport" VALUES(1412,1);
INSERT INTO "switchport" VALUES(1413,1);
INSERT INTO "switchport" VALUES(1414,1);
INSERT INTO "switchport" VALUES(1415,1);
INSERT INTO "switchport" VALUES(1416,1);
INSERT INTO "switchport" VALUES(1417,1);
INSERT INTO "switchport" VALUES(1418,1);
INSERT INTO "switchport" VALUES(1419,1);
INSERT INTO "switchport" VALUES(1420,1);
INSERT INTO "switchport" VALUES(1421,1);
CREATE TABLE journal (
	id INTEGER NOT NULL, 
	account VARCHAR(255) NOT NULL, 
	bank VARCHAR(255) NOT NULL, 
	hbci_url VARCHAR(255) NOT NULL, 
	last_update DATETIME NOT NULL, 
	PRIMARY KEY (id)
);
CREATE TABLE "group" (
	id INTEGER NOT NULL, 
	name VARCHAR(255) NOT NULL, 
	type VARCHAR(17) NOT NULL, 
	PRIMARY KEY (id)
);
INSERT INTO "group" VALUES(1,'users','propertygroup');
CREATE TABLE trafficgroup (
	id INTEGER NOT NULL, 
	traffic_limit BIGINT NOT NULL, 
	PRIMARY KEY (id), 
	FOREIGN KEY(id) REFERENCES "group" (id)
);
CREATE TABLE journalentry (
	id INTEGER NOT NULL, 
	amount INTEGER NOT NULL, 
	message TEXT, 
	journal_id INTEGER NOT NULL, 
	other_account VARCHAR(255) NOT NULL, 
	other_bank VARCHAR(255) NOT NULL, 
	other_person VARCHAR(255) NOT NULL, 
	original_message TEXT NOT NULL, 
	timestamp DATETIME NOT NULL, 
	PRIMARY KEY (id), 
	FOREIGN KEY(journal_id) REFERENCES journal (id)
);
CREATE TABLE "transaction" (
	id INTEGER NOT NULL, 
	message TEXT NOT NULL,
	transaction_date DATETIME NOT NULL,
	journal_entry_id INTEGER,
	semester_id INTEGER,
	PRIMARY KEY (id), 
	FOREIGN KEY(journal_entry_id) REFERENCES journalentry (id),
	FOREIGN KEY(semester_id) REFERENCES semester(id)
);
CREATE TABLE logentry (
	id INTEGER NOT NULL, 
	type TEXT, 
	message TEXT NOT NULL, 
	timestamp DATETIME NOT NULL, 
	author_id INTEGER NOT NULL, 
	PRIMARY KEY (id), 
	FOREIGN KEY(author_id) REFERENCES user (id)
);
INSERT INTO "logentry" VALUES(1,'userlogentry','Ein komischer Typ.','2012-05-19 17:22:39.475358',2);
INSERT INTO "logentry" VALUES(3,'userlogentry','Dies ist ein Beispiel fr einen gewhnlichen Nutzer. Sein Passwort ist lLAOHgUPxJz','2012-06-30 10:55:47.196164',1);
CREATE TABLE membership (
	id INTEGER NOT NULL, 
	start_date DATETIME, 
	end_date DATETIME, 
	group_id INTEGER NOT NULL, 
	user_id INTEGER NOT NULL, 
	PRIMARY KEY (id),
	FOREIGN KEY(group_id) REFERENCES "group" (id), 
	FOREIGN KEY(user_id) REFERENCES user (id)
);
CREATE TABLE financeaccount (
	id INTEGER NOT NULL, 
	name VARCHAR(127) NOT NULL, 
	type VARCHAR(9) NOT NULL, 
	user_id INTEGER, 
	PRIMARY KEY (id), 
	CONSTRAINT financeaccounttypes CHECK (type IN ('LIABILITY', 'EXPENSE', 'ASSET', 'INCOME', 'EQUITY')), 
	FOREIGN KEY(user_id) REFERENCES user (id)
);
CREATE TABLE split (
	id INTEGER NOT NULL, 
	amount INTEGER NOT NULL, 
	account_id INTEGER NOT NULL,
	transaction_id INTEGER NOT NULL, 
	PRIMARY KEY (id), 
	FOREIGN KEY(account_id) REFERENCES financeaccount (id),
	FOREIGN KEY(transaction_id) REFERENCES "transaction" (id)
);
CREATE TABLE userlogentry (
	id INTEGER NOT NULL, 
	user_id INTEGER NOT NULL, 
	PRIMARY KEY (id), 
	FOREIGN KEY(id) REFERENCES logentry (id), 
	FOREIGN KEY(user_id) REFERENCES user (id)
);
INSERT INTO "userlogentry" VALUES(1,1);
INSERT INTO "userlogentry" VALUES(2,1);
INSERT INTO "userlogentry" VALUES(3,2);
CREATE TABLE propertygroup (
	id INTEGER NOT NULL, 
	PRIMARY KEY (id), 
	FOREIGN KEY(id) REFERENCES "group" (id)
);
INSERT INTO "propertygroup" VALUES(1);
CREATE TABLE property (
	id INTEGER NOT NULL, 
	name VARCHAR(255) NOT NULL, 
	property_group_id INTEGER NOT NULL, 
	PRIMARY KEY (id), 
	FOREIGN KEY(property_group_id) REFERENCES propertygroup (id)
);
INSERT INTO "property" VALUES(1,'internet',1);
CREATE TABLE trafficvolume (
    id INTEGER NOT NULL,
    size BIGINT NOT NULL,
    timestamp DATETIME NOT NULL,
    type VARCHAR(3) NOT NULL,
    ip_id INTEGER NOT NULL,
    PRIMARY KEY (id),
    CONSTRAINT traffic_types CHECK (type IN ('IN', 'OUT')),
    FOREIGN KEY(ip_id) REFERENCES ip (id)
);
CREATE TABLE semester (
    id INTEGER NOT NULL,
    name VARCHAR(255) NOT NULL,
    registration_fee INTEGER NOT NULL,
    semester_fee INTEGER NOT NULL,
    begin_date DATETIME NOT NULL,
    end_date DATETIME NOT NULL,
    PRIMARY KEY (id)
);
COMMIT;

CREATE TABLE hostalias (
    id INTEGER NOT NULL,
    type VARCHAR(50) NOT NULL,
    host_id INTEGER NOT NULL,

    PRIMARY KEY (id),
    FOREIGN KEY(host_id) REFERENCES host (id)
);

CREATE TABLE arecord (
    id INTEGER NOT NULL,
    name VARCHAR(255) NOT NULL,
    time_to_live INTEGER,
    address_id INTEGER NOT NULL,

    FOREIGN KEY(id) REFERENCES hostalias (id),
    FOREIGN KEY(address_id) REFERENCES ip (id)
);

CREATE TABLE aaaarecord (
    id INTEGER NOT NULL,
    name VARCHAR(255) NOT NULL,
    time_to_live INTEGER,
    address_id INTEGER NOT NULL,

    FOREIGN KEY(id) REFERENCES hostalias (id),
    FOREIGN KEY(address_id) REFERENCES ip (id)
);

CREATE TABLE mxrecord (
    id INTEGER NOT NULL,
    server VARCHAR(255) NOT NULL,
    domain VARCHAR(255) NOT NULL,
    priority INTEGER NOT NULL,

    FOREIGN KEY(id) REFERENCES hostalias (id)
);

CREATE TABLE cnamerecord (
    id INTEGER NOT NULL,
    name VARCHAR(255) NOT NULL,
    alias_for_id INTEGER NOT NULL,

    FOREIGN KEY(id) REFERENCES hostalias (id),
    FOREIGN KEY(alias_for_id) REFERENCES hostalias (id)
);

CREATE TABLE nsrecord (
    id INTEGER NOT NULL,
    domain VARCHAR(255) NOT NULL,
    server VARCHAR(255) NOT NULL,
    time_to_live INTEGER,

    FOREIGN KEY(id) REFERENCES hostalias (id)
);

CREATE TABLE srvrecord (
    id INTEGER NOT NULL,
    service VARCHAR(255) NOT NULL,
    time_to_live INTEGER,
    priority INTEGER NOT NULL,
    weight INTEGER NOT NULL,
    port INTEGER NOT NULL,
    target VARCHAR(255) NOT NULL,

    FOREIGN KEY(id) REFERENCES hostalias (id)
);

INSERT INTO "hostalias" VALUES(1, "arecord", 18);
INSERT INTO "hostalias" VALUES(2, "cnamerecord", 18);
INSERT INTO "arecord" VALUES(1, "whdd1", NULL, 1);
INSERT INTO "cnamerecord" VALUES(2, "jacobs", 1);

INSERT INTO "hostalias" VALUES(3, "arecord", 1);
INSERT INTO "hostalias" VALUES(4, "cnamerecord", 1);
INSERT INTO "arecord" VALUES(3, "whdd252", NULL, 1);
INSERT INTO "cnamerecord" VALUES(4, "switch-wu5-ke", 3);

INSERT INTO "hostalias" VALUES(5, "arecord", 2);
INSERT INTO "hostalias" VALUES(6, "cnamerecord", 2);
INSERT INTO "arecord" VALUES(5, "whdd254", NULL, 1);
INSERT INTO "cnamerecord" VALUES(6, "switch-wu5-13og", 5);

INSERT INTO "hostalias" VALUES(7, "arecord", 3);
INSERT INTO "hostalias" VALUES(8, "cnamerecord", 3);
INSERT INTO "arecord" VALUES(7, "whdd3", NULL, 1);
INSERT INTO "cnamerecord" VALUES(8, "switch2", 7);

INSERT INTO "hostalias" VALUES(9, "arecord", 4);
INSERT INTO "hostalias" VALUES(10, "cnamerecord", 4);
INSERT INTO "arecord" VALUES(9, "whdd3", NULL, 1);
INSERT INTO "cnamerecord" VALUES(10, "switch-wu9-11", 9);

INSERT INTO "hostalias" VALUES(11, "arecord", 5);
INSERT INTO "hostalias" VALUES(12, "cnamerecord", 5);
INSERT INTO "arecord" VALUES(11, "whdd2", NULL, 1);
INSERT INTO "cnamerecord" VALUES(12, "switch-wu9-4", 11);

INSERT INTO "hostalias" VALUES(13, "arecord", 6);
INSERT INTO "hostalias" VALUES(14, "cnamerecord", 6);
INSERT INTO "arecord" VALUES(13, "whdd253", NULL, 1);
INSERT INTO "cnamerecord" VALUES(14, "switch-wu5-7og", 13);

INSERT INTO "hostalias" VALUES(15, "arecord", 7);
INSERT INTO "hostalias" VALUES(16, "cnamerecord", 7);
INSERT INTO "arecord" VALUES(15, "whdd4", NULL, 1);
INSERT INTO "cnamerecord" VALUES(16, "switch-wu7-12", 15);

INSERT INTO "hostalias" VALUES(17, "arecord", 8);
INSERT INTO "hostalias" VALUES(18, "cnamerecord", 8);
INSERT INTO "arecord" VALUES(17, "whdd3", NULL, 1);
INSERT INTO "cnamerecord" VALUES(18, "switch-wu7-6", 17);

INSERT INTO "hostalias" VALUES(19, "arecord", 9);
INSERT INTO "hostalias" VALUES(20, "cnamerecord", 9);
INSERT INTO "arecord" VALUES(19, "whdd2", NULL, 1);
INSERT INTO "cnamerecord" VALUES(20, "switch-wu7-2", 19);

INSERT INTO "hostalias" VALUES(21, "arecord", 10);
INSERT INTO "hostalias" VALUES(22, "cnamerecord", 10);
INSERT INTO "arecord" VALUES(21, "whdd2", NULL, 1);
INSERT INTO "cnamerecord" VALUES(22, "switch-wu3-4", 21);

INSERT INTO "hostalias" VALUES(23, "arecord", 11);
INSERT INTO "hostalias" VALUES(24, "cnamerecord", 11);
INSERT INTO "arecord" VALUES(23, "whdd6", NULL, 1);
INSERT INTO "cnamerecord" VALUES(24, "switch5", 23);

INSERT INTO "hostalias" VALUES(25, "arecord", 12);
INSERT INTO "hostalias" VALUES(26, "cnamerecord", 12);
INSERT INTO "arecord" VALUES(25, "whdd2", NULL, 1);
INSERT INTO "cnamerecord" VALUES(26, "switch1", 25);

INSERT INTO "hostalias" VALUES(27, "arecord", 13);
INSERT INTO "hostalias" VALUES(28, "cnamerecord", 13);
INSERT INTO "arecord" VALUES(27, "whdd3", NULL, 1);
INSERT INTO "cnamerecord" VALUES(28, "switch-wu3-11", 27);

INSERT INTO "hostalias" VALUES(29, "arecord", 14);
INSERT INTO "hostalias" VALUES(30, "cnamerecord", 14);
INSERT INTO "arecord" VALUES(29, "whdd4", NULL, 1);
INSERT INTO "cnamerecord" VALUES(30, "switch3", 29);

INSERT INTO "hostalias" VALUES(31, "arecord", 15);
INSERT INTO "hostalias" VALUES(32, "cnamerecord", 15);
INSERT INTO "arecord" VALUES(31, "whdd5", NULL, 1);
INSERT INTO "cnamerecord" VALUES(32, "switch4", 31);

INSERT INTO "hostalias" VALUES(33, "arecord", 16);
INSERT INTO "hostalias" VALUES(34, "cnamerecord", 16);
INSERT INTO "arecord" VALUES(33, "whdd3", NULL, 1);
INSERT INTO "cnamerecord" VALUES(34, "switch-wu11-11", 33);

INSERT INTO "hostalias" VALUES(35, "arecord", 17);
INSERT INTO "hostalias" VALUES(36, "cnamerecord", 17);
INSERT INTO "arecord" VALUES(35, "whdd2", NULL, 1);
INSERT INTO "cnamerecord" VALUES(36, "switch-wu11-4", 35);

INSERT INTO "group" VALUES(2,'standard_traffic','trafficgroup');
INSERT INTO "group" VALUES(3,'one_month_negative_balance','propertygroup');
INSERT INTO "trafficgroup" VALUES(2,7000000000);
INSERT INTO "propertygroup" VALUES(3);

INSERT INTO "financeaccount" VALUES(1,'Anmeldegebhr','INCOME',1);
INSERT INTO "financeaccount" VALUES(2,'Beitrag','INCOME',1);
INSERT INTO "semester" VALUES(1,'Wintersemester 2012/13',2500,1500,'2012-10-01 00:00:00.000','2013-04-01 00:00:00.000');