PRAGMA foreign_keys=OFF;
BEGIN TRANSACTION;
CREATE TABLE destinationport (
	id INTEGER NOT NULL, 
	name VARCHAR(4) NOT NULL, 
	type VARCHAR(15) NOT NULL, 
	PRIMARY KEY (id)
);
INSERT INTO "destinationport" VALUES(1,'D20','switch_port');
INSERT INTO "destinationport" VALUES(2,'C13','switch_port');
INSERT INTO "destinationport" VALUES(3,'C14','switch_port');
INSERT INTO "destinationport" VALUES(4,'C15','switch_port');
INSERT INTO "destinationport" VALUES(5,'C16','switch_port');
INSERT INTO "destinationport" VALUES(6,'C17','switch_port');
INSERT INTO "destinationport" VALUES(7,'C18','switch_port');
INSERT INTO "destinationport" VALUES(8,'C19','switch_port');
INSERT INTO "destinationport" VALUES(9,'C20','switch_port');
INSERT INTO "destinationport" VALUES(10,'C21','switch_port');
INSERT INTO "destinationport" VALUES(11,'C22','switch_port');
INSERT INTO "destinationport" VALUES(12,'C23','switch_port');
INSERT INTO "destinationport" VALUES(13,'C24','switch_port');
INSERT INTO "destinationport" VALUES(14,'B17','switch_port');
INSERT INTO "destinationport" VALUES(15,'D20','switch_port');
INSERT INTO "destinationport" VALUES(16,'B19','switch_port');
INSERT INTO "destinationport" VALUES(17,'B20','switch_port');
INSERT INTO "destinationport" VALUES(18,'D1','switch_port');
INSERT INTO "destinationport" VALUES(19,'D2','switch_port');
INSERT INTO "destinationport" VALUES(20,'D3','switch_port');
INSERT INTO "destinationport" VALUES(21,'D4','switch_port');
INSERT INTO "destinationport" VALUES(22,'D5','switch_port');
INSERT INTO "destinationport" VALUES(23,'D6','switch_port');
INSERT INTO "destinationport" VALUES(24,'D7','switch_port');
INSERT INTO "destinationport" VALUES(25,'D8','switch_port');
INSERT INTO "destinationport" VALUES(26,'D9','switch_port');
INSERT INTO "destinationport" VALUES(27,'D10','switch_port');
INSERT INTO "destinationport" VALUES(28,'D11','switch_port');
INSERT INTO "destinationport" VALUES(29,'D12','switch_port');
INSERT INTO "destinationport" VALUES(30,'D13','switch_port');
INSERT INTO "destinationport" VALUES(31,'D14','switch_port');
INSERT INTO "destinationport" VALUES(32,'C1','switch_port');
INSERT INTO "destinationport" VALUES(33,'C2','switch_port');
INSERT INTO "destinationport" VALUES(34,'C3','switch_port');
INSERT INTO "destinationport" VALUES(35,'C4','switch_port');
INSERT INTO "destinationport" VALUES(36,'C5','switch_port');
INSERT INTO "destinationport" VALUES(37,'C6','switch_port');
INSERT INTO "destinationport" VALUES(38,'C7','switch_port');
INSERT INTO "destinationport" VALUES(39,'C8','switch_port');
INSERT INTO "destinationport" VALUES(40,'C9','switch_port');
INSERT INTO "destinationport" VALUES(41,'C10','switch_port');
INSERT INTO "destinationport" VALUES(42,'C11','switch_port');
INSERT INTO "destinationport" VALUES(43,'C12','switch_port');
INSERT INTO "destinationport" VALUES(44,'B15','switch_port');
INSERT INTO "destinationport" VALUES(45,'B16','switch_port');
INSERT INTO "destinationport" VALUES(46,'B1','switch_port');
INSERT INTO "destinationport" VALUES(47,'B2','switch_port');
INSERT INTO "destinationport" VALUES(48,'B3','switch_port');
INSERT INTO "destinationport" VALUES(49,'B4','switch_port');
INSERT INTO "destinationport" VALUES(50,'B5','switch_port');
INSERT INTO "destinationport" VALUES(51,'B6','switch_port');
INSERT INTO "destinationport" VALUES(52,'B7','switch_port');
INSERT INTO "destinationport" VALUES(53,'B8','switch_port');
INSERT INTO "destinationport" VALUES(54,'B9','switch_port');
INSERT INTO "destinationport" VALUES(55,'B10','switch_port');
INSERT INTO "destinationport" VALUES(56,'B11','switch_port');
INSERT INTO "destinationport" VALUES(57,'B12','switch_port');
INSERT INTO "destinationport" VALUES(58,'B13','switch_port');
INSERT INTO "destinationport" VALUES(59,'B14','switch_port');
INSERT INTO "destinationport" VALUES(60,'A13','switch_port');
INSERT INTO "destinationport" VALUES(61,'A14','switch_port');
INSERT INTO "destinationport" VALUES(62,'A15','switch_port');
INSERT INTO "destinationport" VALUES(63,'A16','switch_port');
INSERT INTO "destinationport" VALUES(64,'A17','switch_port');
INSERT INTO "destinationport" VALUES(65,'A18','switch_port');
INSERT INTO "destinationport" VALUES(66,'A19','switch_port');
INSERT INTO "destinationport" VALUES(67,'A20','switch_port');
INSERT INTO "destinationport" VALUES(68,'A21','switch_port');
INSERT INTO "destinationport" VALUES(69,'A22','switch_port');
INSERT INTO "destinationport" VALUES(70,'A23','switch_port');
INSERT INTO "destinationport" VALUES(71,'D22','switch_port');
INSERT INTO "destinationport" VALUES(72,'A1','switch_port');
INSERT INTO "destinationport" VALUES(73,'A2','switch_port');
INSERT INTO "destinationport" VALUES(74,'A3','switch_port');
INSERT INTO "destinationport" VALUES(75,'C8','switch_port');
INSERT INTO "destinationport" VALUES(76,'B7','switch_port');
INSERT INTO "destinationport" VALUES(77,'B8','switch_port');
INSERT INTO "destinationport" VALUES(78,'B9','switch_port');
INSERT INTO "destinationport" VALUES(79,'B10','switch_port');
INSERT INTO "destinationport" VALUES(80,'E8','switch_port');
INSERT INTO "destinationport" VALUES(81,'E9','switch_port');
INSERT INTO "destinationport" VALUES(82,'B11','switch_port');
INSERT INTO "destinationport" VALUES(83,'B12','switch_port');
INSERT INTO "destinationport" VALUES(84,'B13','switch_port');
INSERT INTO "destinationport" VALUES(85,'B14','switch_port');
INSERT INTO "destinationport" VALUES(86,'B15','switch_port');
INSERT INTO "destinationport" VALUES(87,'B16','switch_port');
INSERT INTO "destinationport" VALUES(88,'B17','switch_port');
INSERT INTO "destinationport" VALUES(89,'B18','switch_port');
INSERT INTO "destinationport" VALUES(90,'B19','switch_port');
INSERT INTO "destinationport" VALUES(91,'B20','switch_port');
INSERT INTO "destinationport" VALUES(92,'B2','switch_port');
INSERT INTO "destinationport" VALUES(93,'B3','switch_port');
INSERT INTO "destinationport" VALUES(94,'B4','switch_port');
INSERT INTO "destinationport" VALUES(95,'B5','switch_port');
INSERT INTO "destinationport" VALUES(96,'B6','switch_port');
INSERT INTO "destinationport" VALUES(97,'D21','switch_port');
INSERT INTO "destinationport" VALUES(98,'D22','switch_port');
INSERT INTO "destinationport" VALUES(99,'D23','switch_port');
INSERT INTO "destinationport" VALUES(100,'D24','switch_port');
INSERT INTO "destinationport" VALUES(101,'E1','switch_port');
INSERT INTO "destinationport" VALUES(102,'E2','switch_port');
INSERT INTO "destinationport" VALUES(103,'E3','switch_port');
INSERT INTO "destinationport" VALUES(104,'E4','switch_port');
INSERT INTO "destinationport" VALUES(105,'E5','switch_port');
INSERT INTO "destinationport" VALUES(106,'E6','switch_port');
INSERT INTO "destinationport" VALUES(107,'E7','switch_port');
INSERT INTO "destinationport" VALUES(108,'D20','switch_port');
INSERT INTO "destinationport" VALUES(109,'C5','switch_port');
INSERT INTO "destinationport" VALUES(110,'C6','switch_port');
INSERT INTO "destinationport" VALUES(111,'C7','switch_port');
INSERT INTO "destinationport" VALUES(112,'C8','switch_port');
INSERT INTO "destinationport" VALUES(113,'C13','switch_port');
INSERT INTO "destinationport" VALUES(114,'C14','switch_port');
INSERT INTO "destinationport" VALUES(115,'C15','switch_port');
INSERT INTO "destinationport" VALUES(116,'C16','switch_port');
INSERT INTO "destinationport" VALUES(117,'A19','switch_port');
INSERT INTO "destinationport" VALUES(118,'A20','switch_port');
INSERT INTO "destinationport" VALUES(119,'A21','switch_port');
INSERT INTO "destinationport" VALUES(120,'A22','switch_port');
INSERT INTO "destinationport" VALUES(121,'A23','switch_port');
INSERT INTO "destinationport" VALUES(122,'A24','switch_port');
INSERT INTO "destinationport" VALUES(123,'A12','switch_port');
INSERT INTO "destinationport" VALUES(124,'A11','switch_port');
INSERT INTO "destinationport" VALUES(125,'B1','switch_port');
INSERT INTO "destinationport" VALUES(126,'A13','switch_port');
INSERT INTO "destinationport" VALUES(127,'A14','switch_port');
INSERT INTO "destinationport" VALUES(128,'A15','switch_port');
INSERT INTO "destinationport" VALUES(129,'A16','switch_port');
INSERT INTO "destinationport" VALUES(130,'A17','switch_port');
INSERT INTO "destinationport" VALUES(131,'A18','switch_port');
INSERT INTO "destinationport" VALUES(132,'D12','switch_port');
INSERT INTO "destinationport" VALUES(133,'D13','switch_port');
INSERT INTO "destinationport" VALUES(134,'D14','switch_port');
INSERT INTO "destinationport" VALUES(135,'D15','switch_port');
INSERT INTO "destinationport" VALUES(136,'D16','switch_port');
INSERT INTO "destinationport" VALUES(137,'D17','switch_port');
INSERT INTO "destinationport" VALUES(138,'D18','switch_port');
INSERT INTO "destinationport" VALUES(139,'D19','switch_port');
INSERT INTO "destinationport" VALUES(140,'D8','switch_port');
INSERT INTO "destinationport" VALUES(141,'D9','switch_port');
INSERT INTO "destinationport" VALUES(142,'D10','switch_port');
INSERT INTO "destinationport" VALUES(143,'D11','switch_port');
INSERT INTO "destinationport" VALUES(144,'C1','switch_port');
INSERT INTO "destinationport" VALUES(145,'C2','switch_port');
INSERT INTO "destinationport" VALUES(146,'C3','switch_port');
INSERT INTO "destinationport" VALUES(147,'C4','switch_port');
INSERT INTO "destinationport" VALUES(148,'C9','switch_port');
INSERT INTO "destinationport" VALUES(149,'C10','switch_port');
INSERT INTO "destinationport" VALUES(150,'C11','switch_port');
INSERT INTO "destinationport" VALUES(151,'C12','switch_port');
INSERT INTO "destinationport" VALUES(152,'A7','switch_port');
INSERT INTO "destinationport" VALUES(153,'A8','switch_port');
INSERT INTO "destinationport" VALUES(154,'A9','switch_port');
INSERT INTO "destinationport" VALUES(155,'A10','switch_port');
INSERT INTO "destinationport" VALUES(156,'A1','switch_port');
INSERT INTO "destinationport" VALUES(157,'A2','switch_port');
INSERT INTO "destinationport" VALUES(158,'A3','switch_port');
INSERT INTO "destinationport" VALUES(159,'A4','switch_port');
INSERT INTO "destinationport" VALUES(160,'A5','switch_port');
INSERT INTO "destinationport" VALUES(161,'A6','switch_port');
INSERT INTO "destinationport" VALUES(162,'D1','switch_port');
INSERT INTO "destinationport" VALUES(163,'D2','switch_port');
INSERT INTO "destinationport" VALUES(164,'D3','switch_port');
INSERT INTO "destinationport" VALUES(165,'D4','switch_port');
INSERT INTO "destinationport" VALUES(166,'D5','switch_port');
INSERT INTO "destinationport" VALUES(167,'D6','switch_port');
INSERT INTO "destinationport" VALUES(168,'D7','switch_port');
INSERT INTO "destinationport" VALUES(169,'C20','switch_port');
INSERT INTO "destinationport" VALUES(170,'C21','switch_port');
INSERT INTO "destinationport" VALUES(171,'C22','switch_port');
INSERT INTO "destinationport" VALUES(172,'C23','switch_port');
INSERT INTO "destinationport" VALUES(173,'D13','switch_port');
INSERT INTO "destinationport" VALUES(174,'D5','switch_port');
INSERT INTO "destinationport" VALUES(175,'D4','switch_port');
INSERT INTO "destinationport" VALUES(176,'D6','switch_port');
INSERT INTO "destinationport" VALUES(177,'D7','switch_port');
INSERT INTO "destinationport" VALUES(178,'D15','switch_port');
INSERT INTO "destinationport" VALUES(179,'D1','switch_port');
INSERT INTO "destinationport" VALUES(180,'C24','switch_port');
INSERT INTO "destinationport" VALUES(181,'D2','switch_port');
INSERT INTO "destinationport" VALUES(182,'D3','switch_port');
INSERT INTO "destinationport" VALUES(183,'C4','switch_port');
INSERT INTO "destinationport" VALUES(184,'C5','switch_port');
INSERT INTO "destinationport" VALUES(185,'C6','switch_port');
INSERT INTO "destinationport" VALUES(186,'C8','switch_port');
INSERT INTO "destinationport" VALUES(187,'C7','switch_port');
INSERT INTO "destinationport" VALUES(188,'C9','switch_port');
INSERT INTO "destinationport" VALUES(189,'C10','switch_port');
INSERT INTO "destinationport" VALUES(190,'C11','switch_port');
INSERT INTO "destinationport" VALUES(191,'B8','switch_port');
INSERT INTO "destinationport" VALUES(192,'B9','switch_port');
INSERT INTO "destinationport" VALUES(193,'D9','switch_port');
INSERT INTO "destinationport" VALUES(194,'D8','switch_port');
INSERT INTO "destinationport" VALUES(195,'D10','switch_port');
INSERT INTO "destinationport" VALUES(196,'D11','switch_port');
INSERT INTO "destinationport" VALUES(197,'C12','switch_port');
INSERT INTO "destinationport" VALUES(198,'C13','switch_port');
INSERT INTO "destinationport" VALUES(199,'C14','switch_port');
INSERT INTO "destinationport" VALUES(200,'C15','switch_port');
INSERT INTO "destinationport" VALUES(201,'C16','switch_port');
INSERT INTO "destinationport" VALUES(202,'C17','switch_port');
INSERT INTO "destinationport" VALUES(203,'C18','switch_port');
INSERT INTO "destinationport" VALUES(204,'C19','switch_port');
INSERT INTO "destinationport" VALUES(205,'B16','switch_port');
INSERT INTO "destinationport" VALUES(206,'B17','switch_port');
INSERT INTO "destinationport" VALUES(207,'B11','switch_port');
INSERT INTO "destinationport" VALUES(208,'B10','switch_port');
INSERT INTO "destinationport" VALUES(209,'B12','switch_port');
INSERT INTO "destinationport" VALUES(210,'B13','switch_port');
INSERT INTO "destinationport" VALUES(211,'B14','switch_port');
INSERT INTO "destinationport" VALUES(212,'A16','switch_port');
INSERT INTO "destinationport" VALUES(213,'B15','switch_port');
INSERT INTO "destinationport" VALUES(214,'A17','switch_port');
INSERT INTO "destinationport" VALUES(215,'A18','switch_port');
INSERT INTO "destinationport" VALUES(216,'A19','switch_port');
INSERT INTO "destinationport" VALUES(217,'A20','switch_port');
INSERT INTO "destinationport" VALUES(218,'A21','switch_port');
INSERT INTO "destinationport" VALUES(219,'A22','switch_port');
INSERT INTO "destinationport" VALUES(220,'A23','switch_port');
INSERT INTO "destinationport" VALUES(221,'B19','switch_port');
INSERT INTO "destinationport" VALUES(222,'B18','switch_port');
INSERT INTO "destinationport" VALUES(223,'B20','switch_port');
INSERT INTO "destinationport" VALUES(224,'C1','switch_port');
INSERT INTO "destinationport" VALUES(225,'C2','switch_port');
INSERT INTO "destinationport" VALUES(226,'C3','switch_port');
INSERT INTO "destinationport" VALUES(227,'A24','switch_port');
INSERT INTO "destinationport" VALUES(228,'B1','switch_port');
INSERT INTO "destinationport" VALUES(229,'B2','switch_port');
INSERT INTO "destinationport" VALUES(230,'B3','switch_port');
INSERT INTO "destinationport" VALUES(231,'B4','switch_port');
INSERT INTO "destinationport" VALUES(232,'B5','switch_port');
INSERT INTO "destinationport" VALUES(233,'B6','switch_port');
INSERT INTO "destinationport" VALUES(234,'B7','switch_port');
INSERT INTO "destinationport" VALUES(235,'A1','switch_port');
INSERT INTO "destinationport" VALUES(236,'A2','switch_port');
INSERT INTO "destinationport" VALUES(237,'A3','switch_port');
INSERT INTO "destinationport" VALUES(238,'A4','switch_port');
INSERT INTO "destinationport" VALUES(239,'A5','switch_port');
INSERT INTO "destinationport" VALUES(240,'A6','switch_port');
INSERT INTO "destinationport" VALUES(241,'A7','switch_port');
INSERT INTO "destinationport" VALUES(242,'A8','switch_port');
INSERT INTO "destinationport" VALUES(243,'A9','switch_port');
INSERT INTO "destinationport" VALUES(244,'A11','switch_port');
INSERT INTO "destinationport" VALUES(245,'A10','switch_port');
INSERT INTO "destinationport" VALUES(246,'A12','switch_port');
INSERT INTO "destinationport" VALUES(247,'A13','switch_port');
INSERT INTO "destinationport" VALUES(248,'A14','switch_port');
INSERT INTO "destinationport" VALUES(249,'A15','switch_port');
INSERT INTO "destinationport" VALUES(250,'C1','switch_port');
INSERT INTO "destinationport" VALUES(251,'C2','switch_port');
INSERT INTO "destinationport" VALUES(252,'C3','switch_port');
INSERT INTO "destinationport" VALUES(253,'C4','switch_port');
INSERT INTO "destinationport" VALUES(254,'C5','switch_port');
INSERT INTO "destinationport" VALUES(255,'B24','switch_port');
INSERT INTO "destinationport" VALUES(256,'C6','switch_port');
INSERT INTO "destinationport" VALUES(257,'C7','switch_port');
INSERT INTO "destinationport" VALUES(258,'C8','switch_port');
INSERT INTO "destinationport" VALUES(259,'C9','switch_port');
INSERT INTO "destinationport" VALUES(260,'C10','switch_port');
INSERT INTO "destinationport" VALUES(261,'B1','switch_port');
INSERT INTO "destinationport" VALUES(262,'B2','switch_port');
INSERT INTO "destinationport" VALUES(263,'B3','switch_port');
INSERT INTO "destinationport" VALUES(264,'B4','switch_port');
INSERT INTO "destinationport" VALUES(265,'C13','switch_port');
INSERT INTO "destinationport" VALUES(266,'C14','switch_port');
INSERT INTO "destinationport" VALUES(267,'C15','switch_port');
INSERT INTO "destinationport" VALUES(268,'C16','switch_port');
INSERT INTO "destinationport" VALUES(269,'C17','switch_port');
INSERT INTO "destinationport" VALUES(270,'C18','switch_port');
INSERT INTO "destinationport" VALUES(271,'C19','switch_port');
INSERT INTO "destinationport" VALUES(272,'C20','switch_port');
INSERT INTO "destinationport" VALUES(273,'C21','switch_port');
INSERT INTO "destinationport" VALUES(274,'C22','switch_port');
INSERT INTO "destinationport" VALUES(275,'C23','switch_port');
INSERT INTO "destinationport" VALUES(276,'B5','switch_port');
INSERT INTO "destinationport" VALUES(277,'B6','switch_port');
INSERT INTO "destinationport" VALUES(278,'B7','switch_port');
INSERT INTO "destinationport" VALUES(279,'B8','switch_port');
INSERT INTO "destinationport" VALUES(280,'B9','switch_port');
INSERT INTO "destinationport" VALUES(281,'B10','switch_port');
INSERT INTO "destinationport" VALUES(282,'B11','switch_port');
INSERT INTO "destinationport" VALUES(283,'B12','switch_port');
INSERT INTO "destinationport" VALUES(284,'B13','switch_port');
INSERT INTO "destinationport" VALUES(285,'B14','switch_port');
INSERT INTO "destinationport" VALUES(286,'B15','switch_port');
INSERT INTO "destinationport" VALUES(287,'B16','switch_port');
INSERT INTO "destinationport" VALUES(288,'B17','switch_port');
INSERT INTO "destinationport" VALUES(289,'B18','switch_port');
INSERT INTO "destinationport" VALUES(290,'B19','switch_port');
INSERT INTO "destinationport" VALUES(291,'B20','switch_port');
INSERT INTO "destinationport" VALUES(292,'B21','switch_port');
INSERT INTO "destinationport" VALUES(293,'c7','switch_port');
INSERT INTO "destinationport" VALUES(294,'c8','switch_port');
INSERT INTO "destinationport" VALUES(295,'c9','switch_port');
INSERT INTO "destinationport" VALUES(296,'c10','switch_port');
INSERT INTO "destinationport" VALUES(297,'c11','switch_port');
INSERT INTO "destinationport" VALUES(298,'c12','switch_port');
INSERT INTO "destinationport" VALUES(299,'c13','switch_port');
INSERT INTO "destinationport" VALUES(300,'c24','switch_port');
INSERT INTO "destinationport" VALUES(301,'b13','switch_port');
INSERT INTO "destinationport" VALUES(302,'b14','switch_port');
INSERT INTO "destinationport" VALUES(303,'b15','switch_port');
INSERT INTO "destinationport" VALUES(304,'b16','switch_port');
INSERT INTO "destinationport" VALUES(305,'b17','switch_port');
INSERT INTO "destinationport" VALUES(306,'b18','switch_port');
INSERT INTO "destinationport" VALUES(307,'b19','switch_port');
INSERT INTO "destinationport" VALUES(308,'b20','switch_port');
INSERT INTO "destinationport" VALUES(309,'b21','switch_port');
INSERT INTO "destinationport" VALUES(310,'b22','switch_port');
INSERT INTO "destinationport" VALUES(311,'b23','switch_port');
INSERT INTO "destinationport" VALUES(312,'b24','switch_port');
INSERT INTO "destinationport" VALUES(313,'c1','switch_port');
INSERT INTO "destinationport" VALUES(314,'c2','switch_port');
INSERT INTO "destinationport" VALUES(315,'c3','switch_port');
INSERT INTO "destinationport" VALUES(316,'c4','switch_port');
INSERT INTO "destinationport" VALUES(317,'c5','switch_port');
INSERT INTO "destinationport" VALUES(318,'c6','switch_port');
INSERT INTO "destinationport" VALUES(319,'b1','switch_port');
INSERT INTO "destinationport" VALUES(320,'b2','switch_port');
INSERT INTO "destinationport" VALUES(321,'b3','switch_port');
INSERT INTO "destinationport" VALUES(322,'b4','switch_port');
INSERT INTO "destinationport" VALUES(323,'b5','switch_port');
INSERT INTO "destinationport" VALUES(324,'b6','switch_port');
INSERT INTO "destinationport" VALUES(325,'b7','switch_port');
INSERT INTO "destinationport" VALUES(326,'b8','switch_port');
INSERT INTO "destinationport" VALUES(327,'b9','switch_port');
INSERT INTO "destinationport" VALUES(328,'b10','switch_port');
INSERT INTO "destinationport" VALUES(329,'b11','switch_port');
INSERT INTO "destinationport" VALUES(330,'b12','switch_port');
INSERT INTO "destinationport" VALUES(331,'c14','switch_port');
INSERT INTO "destinationport" VALUES(332,'C9','switch_port');
INSERT INTO "destinationport" VALUES(333,'C10','switch_port');
INSERT INTO "destinationport" VALUES(334,'C11','switch_port');
INSERT INTO "destinationport" VALUES(335,'C17','switch_port');
INSERT INTO "destinationport" VALUES(336,'C16','switch_port');
INSERT INTO "destinationport" VALUES(337,'C19','switch_port');
INSERT INTO "destinationport" VALUES(338,'C18','switch_port');
INSERT INTO "destinationport" VALUES(339,'C12','switch_port');
INSERT INTO "destinationport" VALUES(340,'C13','switch_port');
INSERT INTO "destinationport" VALUES(341,'C14','switch_port');
INSERT INTO "destinationport" VALUES(342,'C15','switch_port');
INSERT INTO "destinationport" VALUES(343,'B14','switch_port');
INSERT INTO "destinationport" VALUES(344,'B13','switch_port');
INSERT INTO "destinationport" VALUES(345,'B15','switch_port');
INSERT INTO "destinationport" VALUES(346,'B16','switch_port');
INSERT INTO "destinationport" VALUES(347,'B17','switch_port');
INSERT INTO "destinationport" VALUES(348,'B18','switch_port');
INSERT INTO "destinationport" VALUES(349,'B19','switch_port');
INSERT INTO "destinationport" VALUES(350,'C20','switch_port');
INSERT INTO "destinationport" VALUES(351,'C22','switch_port');
INSERT INTO "destinationport" VALUES(352,'C21','switch_port');
INSERT INTO "destinationport" VALUES(353,'C23','switch_port');
INSERT INTO "destinationport" VALUES(354,'C1','switch_port');
INSERT INTO "destinationport" VALUES(355,'C2','switch_port');
INSERT INTO "destinationport" VALUES(356,'C3','switch_port');
INSERT INTO "destinationport" VALUES(357,'C4','switch_port');
INSERT INTO "destinationport" VALUES(358,'C5','switch_port');
INSERT INTO "destinationport" VALUES(359,'C6','switch_port');
INSERT INTO "destinationport" VALUES(360,'C7','switch_port');
INSERT INTO "destinationport" VALUES(361,'A21','switch_port');
INSERT INTO "destinationport" VALUES(362,'A23','switch_port');
INSERT INTO "destinationport" VALUES(363,'A22','switch_port');
INSERT INTO "destinationport" VALUES(364,'A24','switch_port');
INSERT INTO "destinationport" VALUES(365,'B2','switch_port');
INSERT INTO "destinationport" VALUES(366,'B1','switch_port');
INSERT INTO "destinationport" VALUES(367,'B3','switch_port');
INSERT INTO "destinationport" VALUES(368,'B4','switch_port');
INSERT INTO "destinationport" VALUES(369,'A15','switch_port');
INSERT INTO "destinationport" VALUES(370,'A16','switch_port');
INSERT INTO "destinationport" VALUES(371,'A17','switch_port');
INSERT INTO "destinationport" VALUES(372,'B5','switch_port');
INSERT INTO "destinationport" VALUES(373,'B7','switch_port');
INSERT INTO "destinationport" VALUES(374,'B6','switch_port');
INSERT INTO "destinationport" VALUES(375,'B8','switch_port');
INSERT INTO "destinationport" VALUES(376,'B10','switch_port');
INSERT INTO "destinationport" VALUES(377,'B9','switch_port');
INSERT INTO "destinationport" VALUES(378,'B11','switch_port');
INSERT INTO "destinationport" VALUES(379,'B12','switch_port');
INSERT INTO "destinationport" VALUES(380,'A18','switch_port');
INSERT INTO "destinationport" VALUES(381,'A19','switch_port');
INSERT INTO "destinationport" VALUES(382,'A20','switch_port');
INSERT INTO "destinationport" VALUES(383,'A1','switch_port');
INSERT INTO "destinationport" VALUES(384,'A2','switch_port');
INSERT INTO "destinationport" VALUES(385,'A3','switch_port');
INSERT INTO "destinationport" VALUES(386,'A4','switch_port');
INSERT INTO "destinationport" VALUES(387,'A5','switch_port');
INSERT INTO "destinationport" VALUES(388,'A6','switch_port');
INSERT INTO "destinationport" VALUES(389,'A7','switch_port');
INSERT INTO "destinationport" VALUES(390,'A8','switch_port');
INSERT INTO "destinationport" VALUES(391,'A9','switch_port');
INSERT INTO "destinationport" VALUES(392,'A10','switch_port');
INSERT INTO "destinationport" VALUES(393,'A11','switch_port');
INSERT INTO "destinationport" VALUES(394,'A12','switch_port');
INSERT INTO "destinationport" VALUES(395,'A13','switch_port');
INSERT INTO "destinationport" VALUES(396,'A14','switch_port');
INSERT INTO "destinationport" VALUES(397,'E5','switch_port');
INSERT INTO "destinationport" VALUES(398,'E23','switch_port');
INSERT INTO "destinationport" VALUES(399,'E24','switch_port');
INSERT INTO "destinationport" VALUES(400,'F1','switch_port');
INSERT INTO "destinationport" VALUES(401,'F4','switch_port');
INSERT INTO "destinationport" VALUES(402,'F7','switch_port');
INSERT INTO "destinationport" VALUES(403,'E8','switch_port');
INSERT INTO "destinationport" VALUES(404,'E9','switch_port');
INSERT INTO "destinationport" VALUES(405,'E10','switch_port');
INSERT INTO "destinationport" VALUES(406,'E11','switch_port');
INSERT INTO "destinationport" VALUES(407,'E12','switch_port');
INSERT INTO "destinationport" VALUES(408,'E13','switch_port');
INSERT INTO "destinationport" VALUES(409,'E14','switch_port');
INSERT INTO "destinationport" VALUES(410,'E15','switch_port');
INSERT INTO "destinationport" VALUES(411,'E16','switch_port');
INSERT INTO "destinationport" VALUES(412,'E17','switch_port');
INSERT INTO "destinationport" VALUES(413,'E18','switch_port');
INSERT INTO "destinationport" VALUES(414,'E19','switch_port');
INSERT INTO "destinationport" VALUES(415,'E20','switch_port');
INSERT INTO "destinationport" VALUES(416,'E21','switch_port');
INSERT INTO "destinationport" VALUES(417,'E22','switch_port');
INSERT INTO "destinationport" VALUES(418,'D17','switch_port');
INSERT INTO "destinationport" VALUES(419,'D18','switch_port');
INSERT INTO "destinationport" VALUES(420,'D19','switch_port');
INSERT INTO "destinationport" VALUES(421,'D20','switch_port');
INSERT INTO "destinationport" VALUES(422,'D21','switch_port');
INSERT INTO "destinationport" VALUES(423,'D22','switch_port');
INSERT INTO "destinationport" VALUES(424,'D23','switch_port');
INSERT INTO "destinationport" VALUES(425,'D24','switch_port');
INSERT INTO "destinationport" VALUES(426,'E1','switch_port');
INSERT INTO "destinationport" VALUES(427,'E2','switch_port');
INSERT INTO "destinationport" VALUES(428,'E3','switch_port');
INSERT INTO "destinationport" VALUES(429,'E4','switch_port');
INSERT INTO "destinationport" VALUES(430,'E5','switch_port');
INSERT INTO "destinationport" VALUES(431,'E6','switch_port');
INSERT INTO "destinationport" VALUES(432,'E7','switch_port');
INSERT INTO "destinationport" VALUES(433,'D2','switch_port');
INSERT INTO "destinationport" VALUES(434,'D3','switch_port');
INSERT INTO "destinationport" VALUES(435,'D4','switch_port');
INSERT INTO "destinationport" VALUES(436,'D5','switch_port');
INSERT INTO "destinationport" VALUES(437,'D6','switch_port');
INSERT INTO "destinationport" VALUES(438,'D7','switch_port');
INSERT INTO "destinationport" VALUES(439,'D8','switch_port');
INSERT INTO "destinationport" VALUES(440,'D9','switch_port');
INSERT INTO "destinationport" VALUES(441,'D10','switch_port');
INSERT INTO "destinationport" VALUES(442,'D11','switch_port');
INSERT INTO "destinationport" VALUES(443,'D12','switch_port');
INSERT INTO "destinationport" VALUES(444,'D13','switch_port');
INSERT INTO "destinationport" VALUES(445,'D14','switch_port');
INSERT INTO "destinationport" VALUES(446,'D15','switch_port');
INSERT INTO "destinationport" VALUES(447,'D16','switch_port');
INSERT INTO "destinationport" VALUES(448,'C11','switch_port');
INSERT INTO "destinationport" VALUES(449,'C12','switch_port');
INSERT INTO "destinationport" VALUES(450,'C13','switch_port');
INSERT INTO "destinationport" VALUES(451,'C14','switch_port');
INSERT INTO "destinationport" VALUES(452,'C15','switch_port');
INSERT INTO "destinationport" VALUES(453,'C16','switch_port');
INSERT INTO "destinationport" VALUES(454,'C17','switch_port');
INSERT INTO "destinationport" VALUES(455,'C18','switch_port');
INSERT INTO "destinationport" VALUES(456,'C19','switch_port');
INSERT INTO "destinationport" VALUES(457,'C20','switch_port');
INSERT INTO "destinationport" VALUES(458,'C21','switch_port');
INSERT INTO "destinationport" VALUES(459,'C22','switch_port');
INSERT INTO "destinationport" VALUES(460,'F12','switch_port');
INSERT INTO "destinationport" VALUES(461,'C24','switch_port');
INSERT INTO "destinationport" VALUES(462,'D1','switch_port');
INSERT INTO "destinationport" VALUES(463,'B16','switch_port');
INSERT INTO "destinationport" VALUES(464,'B17','switch_port');
INSERT INTO "destinationport" VALUES(465,'B18','switch_port');
INSERT INTO "destinationport" VALUES(466,'B19','switch_port');
INSERT INTO "destinationport" VALUES(467,'B20','switch_port');
INSERT INTO "destinationport" VALUES(468,'C1','switch_port');
INSERT INTO "destinationport" VALUES(469,'C2','switch_port');
INSERT INTO "destinationport" VALUES(470,'C3','switch_port');
INSERT INTO "destinationport" VALUES(471,'C4','switch_port');
INSERT INTO "destinationport" VALUES(472,'C5','switch_port');
INSERT INTO "destinationport" VALUES(473,'C6','switch_port');
INSERT INTO "destinationport" VALUES(474,'C7','switch_port');
INSERT INTO "destinationport" VALUES(475,'C8','switch_port');
INSERT INTO "destinationport" VALUES(476,'C9','switch_port');
INSERT INTO "destinationport" VALUES(477,'C10','switch_port');
INSERT INTO "destinationport" VALUES(478,'B1','switch_port');
INSERT INTO "destinationport" VALUES(479,'B2','switch_port');
INSERT INTO "destinationport" VALUES(480,'B3','switch_port');
INSERT INTO "destinationport" VALUES(481,'B4','switch_port');
INSERT INTO "destinationport" VALUES(482,'B5','switch_port');
INSERT INTO "destinationport" VALUES(483,'B6','switch_port');
INSERT INTO "destinationport" VALUES(484,'B7','switch_port');
INSERT INTO "destinationport" VALUES(485,'B8','switch_port');
INSERT INTO "destinationport" VALUES(486,'B9','switch_port');
INSERT INTO "destinationport" VALUES(487,'B10','switch_port');
INSERT INTO "destinationport" VALUES(488,'B11','switch_port');
INSERT INTO "destinationport" VALUES(489,'B12','switch_port');
INSERT INTO "destinationport" VALUES(490,'B13','switch_port');
INSERT INTO "destinationport" VALUES(491,'B14','switch_port');
INSERT INTO "destinationport" VALUES(492,'B15','switch_port');
INSERT INTO "destinationport" VALUES(493,'E6','switch_port');
INSERT INTO "destinationport" VALUES(494,'E7','switch_port');
INSERT INTO "destinationport" VALUES(495,'E8','switch_port');
INSERT INTO "destinationport" VALUES(496,'E9','switch_port');
INSERT INTO "destinationport" VALUES(497,'E10','switch_port');
INSERT INTO "destinationport" VALUES(498,'E11','switch_port');
INSERT INTO "destinationport" VALUES(499,'E12','switch_port');
INSERT INTO "destinationport" VALUES(500,'E13','switch_port');
INSERT INTO "destinationport" VALUES(501,'E14','switch_port');
INSERT INTO "destinationport" VALUES(502,'E15','switch_port');
INSERT INTO "destinationport" VALUES(503,'E16','switch_port');
INSERT INTO "destinationport" VALUES(504,'E17','switch_port');
INSERT INTO "destinationport" VALUES(505,'E18','switch_port');
INSERT INTO "destinationport" VALUES(506,'D15','switch_port');
INSERT INTO "destinationport" VALUES(507,'D16','switch_port');
INSERT INTO "destinationport" VALUES(508,'D17','switch_port');
INSERT INTO "destinationport" VALUES(509,'D18','switch_port');
INSERT INTO "destinationport" VALUES(510,'D19','switch_port');
INSERT INTO "destinationport" VALUES(511,'D20','switch_port');
INSERT INTO "destinationport" VALUES(512,'D21','switch_port');
INSERT INTO "destinationport" VALUES(513,'D22','switch_port');
INSERT INTO "destinationport" VALUES(514,'D23','switch_port');
INSERT INTO "destinationport" VALUES(515,'D24','switch_port');
INSERT INTO "destinationport" VALUES(516,'E1','switch_port');
INSERT INTO "destinationport" VALUES(517,'E2','switch_port');
INSERT INTO "destinationport" VALUES(518,'E3','switch_port');
INSERT INTO "destinationport" VALUES(519,'E4','switch_port');
INSERT INTO "destinationport" VALUES(520,'D1','switch_port');
INSERT INTO "destinationport" VALUES(521,'D2','switch_port');
INSERT INTO "destinationport" VALUES(522,'D3','switch_port');
INSERT INTO "destinationport" VALUES(523,'D4','switch_port');
INSERT INTO "destinationport" VALUES(524,'D5','switch_port');
INSERT INTO "destinationport" VALUES(525,'D6','switch_port');
INSERT INTO "destinationport" VALUES(526,'D7','switch_port');
INSERT INTO "destinationport" VALUES(527,'D8','switch_port');
INSERT INTO "destinationport" VALUES(528,'D9','switch_port');
INSERT INTO "destinationport" VALUES(529,'D10','switch_port');
INSERT INTO "destinationport" VALUES(530,'D11','switch_port');
INSERT INTO "destinationport" VALUES(531,'D12','switch_port');
INSERT INTO "destinationport" VALUES(532,'D13','switch_port');
INSERT INTO "destinationport" VALUES(533,'D14','switch_port');
INSERT INTO "destinationport" VALUES(534,'C11','switch_port');
INSERT INTO "destinationport" VALUES(535,'C12','switch_port');
INSERT INTO "destinationport" VALUES(536,'C13','switch_port');
INSERT INTO "destinationport" VALUES(537,'C14','switch_port');
INSERT INTO "destinationport" VALUES(538,'C15','switch_port');
INSERT INTO "destinationport" VALUES(539,'C16','switch_port');
INSERT INTO "destinationport" VALUES(540,'C17','switch_port');
INSERT INTO "destinationport" VALUES(541,'C18','switch_port');
INSERT INTO "destinationport" VALUES(542,'C19','switch_port');
INSERT INTO "destinationport" VALUES(543,'C20','switch_port');
INSERT INTO "destinationport" VALUES(544,'C21','switch_port');
INSERT INTO "destinationport" VALUES(545,'C22','switch_port');
INSERT INTO "destinationport" VALUES(546,'C23','switch_port');
INSERT INTO "destinationport" VALUES(547,'C24','switch_port');
INSERT INTO "destinationport" VALUES(548,'B16','switch_port');
INSERT INTO "destinationport" VALUES(549,'B17','switch_port');
INSERT INTO "destinationport" VALUES(550,'B18','switch_port');
INSERT INTO "destinationport" VALUES(551,'B19','switch_port');
INSERT INTO "destinationport" VALUES(552,'B20','switch_port');
INSERT INTO "destinationport" VALUES(553,'C1','switch_port');
INSERT INTO "destinationport" VALUES(554,'C2','switch_port');
INSERT INTO "destinationport" VALUES(555,'C3','switch_port');
INSERT INTO "destinationport" VALUES(556,'C4','switch_port');
INSERT INTO "destinationport" VALUES(557,'C5','switch_port');
INSERT INTO "destinationport" VALUES(558,'C6','switch_port');
INSERT INTO "destinationport" VALUES(559,'C7','switch_port');
INSERT INTO "destinationport" VALUES(560,'C8','switch_port');
INSERT INTO "destinationport" VALUES(561,'C9','switch_port');
INSERT INTO "destinationport" VALUES(562,'C10','switch_port');
INSERT INTO "destinationport" VALUES(563,'B1','switch_port');
INSERT INTO "destinationport" VALUES(564,'B2','switch_port');
INSERT INTO "destinationport" VALUES(565,'B3','switch_port');
INSERT INTO "destinationport" VALUES(566,'B4','switch_port');
INSERT INTO "destinationport" VALUES(567,'B5','switch_port');
INSERT INTO "destinationport" VALUES(568,'B6','switch_port');
INSERT INTO "destinationport" VALUES(569,'B7','switch_port');
INSERT INTO "destinationport" VALUES(570,'B8','switch_port');
INSERT INTO "destinationport" VALUES(571,'B9','switch_port');
INSERT INTO "destinationport" VALUES(572,'B10','switch_port');
INSERT INTO "destinationport" VALUES(573,'B11','switch_port');
INSERT INTO "destinationport" VALUES(574,'B12','switch_port');
INSERT INTO "destinationport" VALUES(575,'B13','switch_port');
INSERT INTO "destinationport" VALUES(576,'B14','switch_port');
INSERT INTO "destinationport" VALUES(577,'B15','switch_port');
INSERT INTO "destinationport" VALUES(578,'F10','switch_port');
INSERT INTO "destinationport" VALUES(579,'F11','switch_port');
INSERT INTO "destinationport" VALUES(580,'F12','switch_port');
INSERT INTO "destinationport" VALUES(581,'F13','switch_port');
INSERT INTO "destinationport" VALUES(582,'F14','switch_port');
INSERT INTO "destinationport" VALUES(583,'F15','switch_port');
INSERT INTO "destinationport" VALUES(584,'F16','switch_port');
INSERT INTO "destinationport" VALUES(585,'F17','switch_port');
INSERT INTO "destinationport" VALUES(586,'F18','switch_port');
INSERT INTO "destinationport" VALUES(587,'F19','switch_port');
INSERT INTO "destinationport" VALUES(588,'F20','switch_port');
INSERT INTO "destinationport" VALUES(589,'G1','switch_port');
INSERT INTO "destinationport" VALUES(590,'G2','switch_port');
INSERT INTO "destinationport" VALUES(591,'G3','switch_port');
INSERT INTO "destinationport" VALUES(592,'G4','switch_port');
INSERT INTO "destinationport" VALUES(593,'E19','switch_port');
INSERT INTO "destinationport" VALUES(594,'E20','switch_port');
INSERT INTO "destinationport" VALUES(595,'E21','switch_port');
INSERT INTO "destinationport" VALUES(596,'E22','switch_port');
INSERT INTO "destinationport" VALUES(597,'E23','switch_port');
INSERT INTO "destinationport" VALUES(598,'E24','switch_port');
INSERT INTO "destinationport" VALUES(599,'F1','switch_port');
INSERT INTO "destinationport" VALUES(600,'F2','switch_port');
INSERT INTO "destinationport" VALUES(601,'F3','switch_port');
INSERT INTO "destinationport" VALUES(602,'F4','switch_port');
INSERT INTO "destinationport" VALUES(603,'F5','switch_port');
INSERT INTO "destinationport" VALUES(604,'F6','switch_port');
INSERT INTO "destinationport" VALUES(605,'F7','switch_port');
INSERT INTO "destinationport" VALUES(606,'F8','switch_port');
INSERT INTO "destinationport" VALUES(607,'F9','switch_port');
INSERT INTO "destinationport" VALUES(608,'A1','switch_port');
INSERT INTO "destinationport" VALUES(609,'A2','switch_port');
INSERT INTO "destinationport" VALUES(610,'A3','switch_port');
INSERT INTO "destinationport" VALUES(611,'A4','switch_port');
INSERT INTO "destinationport" VALUES(612,'A5','switch_port');
INSERT INTO "destinationport" VALUES(613,'A6','switch_port');
INSERT INTO "destinationport" VALUES(614,'A7','switch_port');
INSERT INTO "destinationport" VALUES(615,'A8','switch_port');
INSERT INTO "destinationport" VALUES(616,'A9','switch_port');
INSERT INTO "destinationport" VALUES(617,'A10','switch_port');
INSERT INTO "destinationport" VALUES(618,'A11','switch_port');
INSERT INTO "destinationport" VALUES(619,'A12','switch_port');
INSERT INTO "destinationport" VALUES(620,'B13','switch_port');
INSERT INTO "destinationport" VALUES(621,'B14','switch_port');
INSERT INTO "destinationport" VALUES(622,'D1','switch_port');
INSERT INTO "destinationport" VALUES(623,'D2','switch_port');
INSERT INTO "destinationport" VALUES(624,'D3','switch_port');
INSERT INTO "destinationport" VALUES(625,'D4','switch_port');
INSERT INTO "destinationport" VALUES(626,'D5','switch_port');
INSERT INTO "destinationport" VALUES(627,'D6','switch_port');
INSERT INTO "destinationport" VALUES(628,'D7','switch_port');
INSERT INTO "destinationport" VALUES(629,'D8','switch_port');
INSERT INTO "destinationport" VALUES(630,'D9','switch_port');
INSERT INTO "destinationport" VALUES(631,'D10','switch_port');
INSERT INTO "destinationport" VALUES(632,'D11','switch_port');
INSERT INTO "destinationport" VALUES(633,'D12','switch_port');
INSERT INTO "destinationport" VALUES(634,'D17','switch_port');
INSERT INTO "destinationport" VALUES(635,'D18','switch_port');
INSERT INTO "destinationport" VALUES(636,'C1','switch_port');
INSERT INTO "destinationport" VALUES(637,'C2','switch_port');
INSERT INTO "destinationport" VALUES(638,'C3','switch_port');
INSERT INTO "destinationport" VALUES(639,'C4','switch_port');
INSERT INTO "destinationport" VALUES(640,'C5','switch_port');
INSERT INTO "destinationport" VALUES(641,'C6','switch_port');
INSERT INTO "destinationport" VALUES(642,'C7','switch_port');
INSERT INTO "destinationport" VALUES(643,'C8','switch_port');
INSERT INTO "destinationport" VALUES(644,'C9','switch_port');
INSERT INTO "destinationport" VALUES(645,'C10','switch_port');
INSERT INTO "destinationport" VALUES(646,'C11','switch_port');
INSERT INTO "destinationport" VALUES(647,'C12','switch_port');
INSERT INTO "destinationport" VALUES(648,'D13','switch_port');
INSERT INTO "destinationport" VALUES(649,'D14','switch_port');
INSERT INTO "destinationport" VALUES(650,'D15','switch_port');
INSERT INTO "destinationport" VALUES(651,'D16','switch_port');
INSERT INTO "destinationport" VALUES(652,'A13','switch_port');
INSERT INTO "destinationport" VALUES(653,'A14','switch_port');
INSERT INTO "destinationport" VALUES(654,'A15','switch_port');
INSERT INTO "destinationport" VALUES(655,'A16','switch_port');
INSERT INTO "destinationport" VALUES(656,'A17','switch_port');
INSERT INTO "destinationport" VALUES(657,'A18','switch_port');
INSERT INTO "destinationport" VALUES(658,'A19','switch_port');
INSERT INTO "destinationport" VALUES(659,'A20','switch_port');
INSERT INTO "destinationport" VALUES(660,'A21','switch_port');
INSERT INTO "destinationport" VALUES(661,'A22','switch_port');
INSERT INTO "destinationport" VALUES(662,'A23','switch_port');
INSERT INTO "destinationport" VALUES(663,'A24','switch_port');
INSERT INTO "destinationport" VALUES(664,'B17','switch_port');
INSERT INTO "destinationport" VALUES(665,'B18','switch_port');
INSERT INTO "destinationport" VALUES(666,'B19','switch_port');
INSERT INTO "destinationport" VALUES(667,'B20','switch_port');
INSERT INTO "destinationport" VALUES(668,'B1','switch_port');
INSERT INTO "destinationport" VALUES(669,'B2','switch_port');
INSERT INTO "destinationport" VALUES(670,'B3','switch_port');
INSERT INTO "destinationport" VALUES(671,'B4','switch_port');
INSERT INTO "destinationport" VALUES(672,'B5','switch_port');
INSERT INTO "destinationport" VALUES(673,'B6','switch_port');
INSERT INTO "destinationport" VALUES(674,'B7','switch_port');
INSERT INTO "destinationport" VALUES(675,'B8','switch_port');
INSERT INTO "destinationport" VALUES(676,'B9','switch_port');
INSERT INTO "destinationport" VALUES(677,'B10','switch_port');
INSERT INTO "destinationport" VALUES(678,'B11','switch_port');
INSERT INTO "destinationport" VALUES(679,'B12','switch_port');
INSERT INTO "destinationport" VALUES(680,'B15','switch_port');
INSERT INTO "destinationport" VALUES(681,'B16','switch_port');
INSERT INTO "destinationport" VALUES(682,'C1','switch_port');
INSERT INTO "destinationport" VALUES(683,'C4','switch_port');
INSERT INTO "destinationport" VALUES(684,'C5','switch_port');
INSERT INTO "destinationport" VALUES(685,'C6','switch_port');
INSERT INTO "destinationport" VALUES(686,'C7','switch_port');
INSERT INTO "destinationport" VALUES(687,'C8','switch_port');
INSERT INTO "destinationport" VALUES(688,'C9','switch_port');
INSERT INTO "destinationport" VALUES(689,'C10','switch_port');
INSERT INTO "destinationport" VALUES(690,'C11','switch_port');
INSERT INTO "destinationport" VALUES(691,'C12','switch_port');
INSERT INTO "destinationport" VALUES(692,'D1','switch_port');
INSERT INTO "destinationport" VALUES(693,'D2','switch_port');
INSERT INTO "destinationport" VALUES(694,'C1','switch_port');
INSERT INTO "destinationport" VALUES(695,'C2','switch_port');
INSERT INTO "destinationport" VALUES(696,'C3','switch_port');
INSERT INTO "destinationport" VALUES(697,'B1','switch_port');
INSERT INTO "destinationport" VALUES(698,'B2','switch_port');
INSERT INTO "destinationport" VALUES(699,'B3','switch_port');
INSERT INTO "destinationport" VALUES(700,'B4','switch_port');
INSERT INTO "destinationport" VALUES(701,'B5','switch_port');
INSERT INTO "destinationport" VALUES(702,'B6','switch_port');
INSERT INTO "destinationport" VALUES(703,'B7','switch_port');
INSERT INTO "destinationport" VALUES(704,'B8','switch_port');
INSERT INTO "destinationport" VALUES(705,'B9','switch_port');
INSERT INTO "destinationport" VALUES(706,'B10','switch_port');
INSERT INTO "destinationport" VALUES(707,'B11','switch_port');
INSERT INTO "destinationport" VALUES(708,'B12','switch_port');
INSERT INTO "destinationport" VALUES(709,'C13','switch_port');
INSERT INTO "destinationport" VALUES(710,'C14','switch_port');
INSERT INTO "destinationport" VALUES(711,'C15','switch_port');
INSERT INTO "destinationport" VALUES(712,'B13','switch_port');
INSERT INTO "destinationport" VALUES(713,'B14','switch_port');
INSERT INTO "destinationport" VALUES(714,'B15','switch_port');
INSERT INTO "destinationport" VALUES(715,'B16','switch_port');
INSERT INTO "destinationport" VALUES(716,'B17','switch_port');
INSERT INTO "destinationport" VALUES(717,'B18','switch_port');
INSERT INTO "destinationport" VALUES(718,'B19','switch_port');
INSERT INTO "destinationport" VALUES(719,'B20','switch_port');
INSERT INTO "destinationport" VALUES(720,'B21','switch_port');
INSERT INTO "destinationport" VALUES(721,'B22','switch_port');
INSERT INTO "destinationport" VALUES(722,'B23','switch_port');
INSERT INTO "destinationport" VALUES(723,'B24','switch_port');
INSERT INTO "destinationport" VALUES(724,'C22','switch_port');
INSERT INTO "destinationport" VALUES(725,'C23','switch_port');
INSERT INTO "destinationport" VALUES(726,'C24','switch_port');
INSERT INTO "destinationport" VALUES(727,'B1','switch_port');
INSERT INTO "destinationport" VALUES(728,'B2','switch_port');
INSERT INTO "destinationport" VALUES(729,'B3','switch_port');
INSERT INTO "destinationport" VALUES(730,'B4','switch_port');
INSERT INTO "destinationport" VALUES(731,'B5','switch_port');
INSERT INTO "destinationport" VALUES(732,'B6','switch_port');
INSERT INTO "destinationport" VALUES(733,'B7','switch_port');
INSERT INTO "destinationport" VALUES(734,'B8','switch_port');
INSERT INTO "destinationport" VALUES(735,'B9','switch_port');
INSERT INTO "destinationport" VALUES(736,'B10','switch_port');
INSERT INTO "destinationport" VALUES(737,'B11','switch_port');
INSERT INTO "destinationport" VALUES(738,'B12','switch_port');
INSERT INTO "destinationport" VALUES(739,'C19','switch_port');
INSERT INTO "destinationport" VALUES(740,'C20','switch_port');
INSERT INTO "destinationport" VALUES(741,'C21','switch_port');
INSERT INTO "destinationport" VALUES(742,'A13','switch_port');
INSERT INTO "destinationport" VALUES(743,'A14','switch_port');
INSERT INTO "destinationport" VALUES(744,'A15','switch_port');
INSERT INTO "destinationport" VALUES(745,'A16','switch_port');
INSERT INTO "destinationport" VALUES(746,'A17','switch_port');
INSERT INTO "destinationport" VALUES(747,'A18','switch_port');
INSERT INTO "destinationport" VALUES(748,'A19','switch_port');
INSERT INTO "destinationport" VALUES(749,'A20','switch_port');
INSERT INTO "destinationport" VALUES(750,'A21','switch_port');
INSERT INTO "destinationport" VALUES(751,'A22','switch_port');
INSERT INTO "destinationport" VALUES(752,'A23','switch_port');
INSERT INTO "destinationport" VALUES(753,'A24','switch_port');
INSERT INTO "destinationport" VALUES(754,'C16','switch_port');
INSERT INTO "destinationport" VALUES(755,'C17','switch_port');
INSERT INTO "destinationport" VALUES(756,'C18','switch_port');
INSERT INTO "destinationport" VALUES(757,'A1','switch_port');
INSERT INTO "destinationport" VALUES(758,'A2','switch_port');
INSERT INTO "destinationport" VALUES(759,'A3','switch_port');
INSERT INTO "destinationport" VALUES(760,'A4','switch_port');
INSERT INTO "destinationport" VALUES(761,'A5','switch_port');
INSERT INTO "destinationport" VALUES(762,'A6','switch_port');
INSERT INTO "destinationport" VALUES(763,'A7','switch_port');
INSERT INTO "destinationport" VALUES(764,'A8','switch_port');
INSERT INTO "destinationport" VALUES(765,'A9','switch_port');
INSERT INTO "destinationport" VALUES(766,'A10','switch_port');
INSERT INTO "destinationport" VALUES(767,'A11','switch_port');
INSERT INTO "destinationport" VALUES(768,'A12','switch_port');
INSERT INTO "destinationport" VALUES(769,'C13','switch_port');
INSERT INTO "destinationport" VALUES(770,'C14','switch_port');
INSERT INTO "destinationport" VALUES(771,'C15','switch_port');
INSERT INTO "destinationport" VALUES(772,'C1','switch_port');
INSERT INTO "destinationport" VALUES(773,'C2','switch_port');
INSERT INTO "destinationport" VALUES(774,'C3','switch_port');
INSERT INTO "destinationport" VALUES(775,'C4','switch_port');
INSERT INTO "destinationport" VALUES(776,'C5','switch_port');
INSERT INTO "destinationport" VALUES(777,'C6','switch_port');
INSERT INTO "destinationport" VALUES(778,'C7','switch_port');
INSERT INTO "destinationport" VALUES(779,'C8','switch_port');
INSERT INTO "destinationport" VALUES(780,'C9','switch_port');
INSERT INTO "destinationport" VALUES(781,'C10','switch_port');
INSERT INTO "destinationport" VALUES(782,'C11','switch_port');
INSERT INTO "destinationport" VALUES(783,'C12','switch_port');
INSERT INTO "destinationport" VALUES(784,'D1','switch_port');
INSERT INTO "destinationport" VALUES(785,'D2','switch_port');
INSERT INTO "destinationport" VALUES(786,'D3','switch_port');
INSERT INTO "destinationport" VALUES(787,'A13','switch_port');
INSERT INTO "destinationport" VALUES(788,'A14','switch_port');
INSERT INTO "destinationport" VALUES(789,'A15','switch_port');
INSERT INTO "destinationport" VALUES(790,'A16','switch_port');
INSERT INTO "destinationport" VALUES(791,'A17','switch_port');
INSERT INTO "destinationport" VALUES(792,'A18','switch_port');
INSERT INTO "destinationport" VALUES(793,'A19','switch_port');
INSERT INTO "destinationport" VALUES(794,'A20','switch_port');
INSERT INTO "destinationport" VALUES(795,'A21','switch_port');
INSERT INTO "destinationport" VALUES(796,'A22','switch_port');
INSERT INTO "destinationport" VALUES(797,'A23','switch_port');
INSERT INTO "destinationport" VALUES(798,'A24','switch_port');
INSERT INTO "destinationport" VALUES(799,'C22','switch_port');
INSERT INTO "destinationport" VALUES(800,'C23','switch_port');
INSERT INTO "destinationport" VALUES(801,'C24','switch_port');
INSERT INTO "destinationport" VALUES(802,'A1','switch_port');
INSERT INTO "destinationport" VALUES(803,'A2','switch_port');
INSERT INTO "destinationport" VALUES(804,'A3','switch_port');
INSERT INTO "destinationport" VALUES(805,'A4','switch_port');
INSERT INTO "destinationport" VALUES(806,'A5','switch_port');
INSERT INTO "destinationport" VALUES(807,'A6','switch_port');
INSERT INTO "destinationport" VALUES(808,'A7','switch_port');
INSERT INTO "destinationport" VALUES(809,'A8','switch_port');
INSERT INTO "destinationport" VALUES(810,'A9','switch_port');
INSERT INTO "destinationport" VALUES(811,'A10','switch_port');
INSERT INTO "destinationport" VALUES(812,'A11','switch_port');
INSERT INTO "destinationport" VALUES(813,'A12','switch_port');
INSERT INTO "destinationport" VALUES(814,'C19','switch_port');
INSERT INTO "destinationport" VALUES(815,'C20','switch_port');
INSERT INTO "destinationport" VALUES(816,'C21','switch_port');
INSERT INTO "destinationport" VALUES(817,'B13','switch_port');
INSERT INTO "destinationport" VALUES(818,'B14','switch_port');
INSERT INTO "destinationport" VALUES(819,'B15','switch_port');
INSERT INTO "destinationport" VALUES(820,'B16','switch_port');
INSERT INTO "destinationport" VALUES(821,'B17','switch_port');
INSERT INTO "destinationport" VALUES(822,'B18','switch_port');
INSERT INTO "destinationport" VALUES(823,'B19','switch_port');
INSERT INTO "destinationport" VALUES(824,'B20','switch_port');
INSERT INTO "destinationport" VALUES(825,'B21','switch_port');
INSERT INTO "destinationport" VALUES(826,'B22','switch_port');
INSERT INTO "destinationport" VALUES(827,'B23','switch_port');
INSERT INTO "destinationport" VALUES(828,'B24','switch_port');
INSERT INTO "destinationport" VALUES(829,'C16','switch_port');
INSERT INTO "destinationport" VALUES(830,'C17','switch_port');
INSERT INTO "destinationport" VALUES(831,'C18','switch_port');
INSERT INTO "destinationport" VALUES(832,'C2','switch_port');
INSERT INTO "destinationport" VALUES(833,'C3','switch_port');
INSERT INTO "destinationport" VALUES(834,'C4','switch_port');
INSERT INTO "destinationport" VALUES(835,'C5','switch_port');
INSERT INTO "destinationport" VALUES(836,'C6','switch_port');
INSERT INTO "destinationport" VALUES(837,'C7','switch_port');
INSERT INTO "destinationport" VALUES(838,'C8','switch_port');
INSERT INTO "destinationport" VALUES(839,'C9','switch_port');
INSERT INTO "destinationport" VALUES(840,'C10','switch_port');
INSERT INTO "destinationport" VALUES(841,'C11','switch_port');
INSERT INTO "destinationport" VALUES(842,'C12','switch_port');
INSERT INTO "destinationport" VALUES(843,'D1','switch_port');
INSERT INTO "destinationport" VALUES(844,'D2','switch_port');
INSERT INTO "destinationport" VALUES(845,'D3','switch_port');
INSERT INTO "destinationport" VALUES(846,'B13','switch_port');
INSERT INTO "destinationport" VALUES(847,'D13','switch_port');
INSERT INTO "destinationport" VALUES(848,'B15','switch_port');
INSERT INTO "destinationport" VALUES(849,'B16','switch_port');
INSERT INTO "destinationport" VALUES(850,'B17','switch_port');
INSERT INTO "destinationport" VALUES(851,'B18','switch_port');
INSERT INTO "destinationport" VALUES(852,'B19','switch_port');
INSERT INTO "destinationport" VALUES(853,'B20','switch_port');
INSERT INTO "destinationport" VALUES(854,'B21','switch_port');
INSERT INTO "destinationport" VALUES(855,'B22','switch_port');
INSERT INTO "destinationport" VALUES(856,'B23','switch_port');
INSERT INTO "destinationport" VALUES(857,'B24','switch_port');
INSERT INTO "destinationport" VALUES(858,'C22','switch_port');
INSERT INTO "destinationport" VALUES(859,'C23','switch_port');
INSERT INTO "destinationport" VALUES(860,'C24','switch_port');
INSERT INTO "destinationport" VALUES(861,'B1','switch_port');
INSERT INTO "destinationport" VALUES(862,'B2','switch_port');
INSERT INTO "destinationport" VALUES(863,'B3','switch_port');
INSERT INTO "destinationport" VALUES(864,'B4','switch_port');
INSERT INTO "destinationport" VALUES(865,'B5','switch_port');
INSERT INTO "destinationport" VALUES(866,'B6','switch_port');
INSERT INTO "destinationport" VALUES(867,'B7','switch_port');
INSERT INTO "destinationport" VALUES(868,'B8','switch_port');
INSERT INTO "destinationport" VALUES(869,'B9','switch_port');
INSERT INTO "destinationport" VALUES(870,'B10','switch_port');
INSERT INTO "destinationport" VALUES(871,'B11','switch_port');
INSERT INTO "destinationport" VALUES(872,'B12','switch_port');
INSERT INTO "destinationport" VALUES(873,'C19','switch_port');
INSERT INTO "destinationport" VALUES(874,'C20','switch_port');
INSERT INTO "destinationport" VALUES(875,'C21','switch_port');
INSERT INTO "destinationport" VALUES(876,'A13','switch_port');
INSERT INTO "destinationport" VALUES(877,'A14','switch_port');
INSERT INTO "destinationport" VALUES(878,'A15','switch_port');
INSERT INTO "destinationport" VALUES(879,'A16','switch_port');
INSERT INTO "destinationport" VALUES(880,'A17','switch_port');
INSERT INTO "destinationport" VALUES(881,'A18','switch_port');
INSERT INTO "destinationport" VALUES(882,'A19','switch_port');
INSERT INTO "destinationport" VALUES(883,'A20','switch_port');
INSERT INTO "destinationport" VALUES(884,'A21','switch_port');
INSERT INTO "destinationport" VALUES(885,'A22','switch_port');
INSERT INTO "destinationport" VALUES(886,'A23','switch_port');
INSERT INTO "destinationport" VALUES(887,'A24','switch_port');
INSERT INTO "destinationport" VALUES(888,'C16','switch_port');
INSERT INTO "destinationport" VALUES(889,'C17','switch_port');
INSERT INTO "destinationport" VALUES(890,'C18','switch_port');
INSERT INTO "destinationport" VALUES(891,'A1','switch_port');
INSERT INTO "destinationport" VALUES(892,'A2','switch_port');
INSERT INTO "destinationport" VALUES(893,'A3','switch_port');
INSERT INTO "destinationport" VALUES(894,'A4','switch_port');
INSERT INTO "destinationport" VALUES(895,'A5','switch_port');
INSERT INTO "destinationport" VALUES(896,'A6','switch_port');
INSERT INTO "destinationport" VALUES(897,'A7','switch_port');
INSERT INTO "destinationport" VALUES(898,'A8','switch_port');
INSERT INTO "destinationport" VALUES(899,'A9','switch_port');
INSERT INTO "destinationport" VALUES(900,'A10','switch_port');
INSERT INTO "destinationport" VALUES(901,'A11','switch_port');
INSERT INTO "destinationport" VALUES(902,'A12','switch_port');
INSERT INTO "destinationport" VALUES(903,'C13','switch_port');
INSERT INTO "destinationport" VALUES(904,'C14','switch_port');
INSERT INTO "destinationport" VALUES(905,'C15','switch_port');
INSERT INTO "destinationport" VALUES(906,'E8','switch_port');
INSERT INTO "destinationport" VALUES(907,'C21','switch_port');
INSERT INTO "destinationport" VALUES(908,'C22','switch_port');
INSERT INTO "destinationport" VALUES(909,'C23','switch_port');
INSERT INTO "destinationport" VALUES(910,'C24','switch_port');
INSERT INTO "destinationport" VALUES(911,'D13','switch_port');
INSERT INTO "destinationport" VALUES(912,'D14','switch_port');
INSERT INTO "destinationport" VALUES(913,'D15','switch_port');
INSERT INTO "destinationport" VALUES(914,'D16','switch_port');
INSERT INTO "destinationport" VALUES(915,'D17','switch_port');
INSERT INTO "destinationport" VALUES(916,'D18','switch_port');
INSERT INTO "destinationport" VALUES(917,'D19','switch_port');
INSERT INTO "destinationport" VALUES(918,'D20','switch_port');
INSERT INTO "destinationport" VALUES(919,'D21','switch_port');
INSERT INTO "destinationport" VALUES(920,'D22','switch_port');
INSERT INTO "destinationport" VALUES(921,'D23','switch_port');
INSERT INTO "destinationport" VALUES(922,'D6','switch_port');
INSERT INTO "destinationport" VALUES(923,'D7','switch_port');
INSERT INTO "destinationport" VALUES(924,'D8','switch_port');
INSERT INTO "destinationport" VALUES(925,'D9','switch_port');
INSERT INTO "destinationport" VALUES(926,'D10','switch_port');
INSERT INTO "destinationport" VALUES(927,'D11','switch_port');
INSERT INTO "destinationport" VALUES(928,'D12','switch_port');
INSERT INTO "destinationport" VALUES(929,'C13','switch_port');
INSERT INTO "destinationport" VALUES(930,'C14','switch_port');
INSERT INTO "destinationport" VALUES(931,'C15','switch_port');
INSERT INTO "destinationport" VALUES(932,'C16','switch_port');
INSERT INTO "destinationport" VALUES(933,'C17','switch_port');
INSERT INTO "destinationport" VALUES(934,'C18','switch_port');
INSERT INTO "destinationport" VALUES(935,'C19','switch_port');
INSERT INTO "destinationport" VALUES(936,'C20','switch_port');
INSERT INTO "destinationport" VALUES(937,'C3','switch_port');
INSERT INTO "destinationport" VALUES(938,'C4','switch_port');
INSERT INTO "destinationport" VALUES(939,'C5','switch_port');
INSERT INTO "destinationport" VALUES(940,'C6','switch_port');
INSERT INTO "destinationport" VALUES(941,'C7','switch_port');
INSERT INTO "destinationport" VALUES(942,'C8','switch_port');
INSERT INTO "destinationport" VALUES(943,'C9','switch_port');
INSERT INTO "destinationport" VALUES(944,'C10','switch_port');
INSERT INTO "destinationport" VALUES(945,'C11','switch_port');
INSERT INTO "destinationport" VALUES(946,'C12','switch_port');
INSERT INTO "destinationport" VALUES(947,'D1','switch_port');
INSERT INTO "destinationport" VALUES(948,'D2','switch_port');
INSERT INTO "destinationport" VALUES(949,'D3','switch_port');
INSERT INTO "destinationport" VALUES(950,'D4','switch_port');
INSERT INTO "destinationport" VALUES(951,'D5','switch_port');
INSERT INTO "destinationport" VALUES(952,'A24','switch_port');
INSERT INTO "destinationport" VALUES(953,'B13','switch_port');
INSERT INTO "destinationport" VALUES(954,'B14','switch_port');
INSERT INTO "destinationport" VALUES(955,'B15','switch_port');
INSERT INTO "destinationport" VALUES(956,'B16','switch_port');
INSERT INTO "destinationport" VALUES(957,'B17','switch_port');
INSERT INTO "destinationport" VALUES(958,'B18','switch_port');
INSERT INTO "destinationport" VALUES(959,'B19','switch_port');
INSERT INTO "destinationport" VALUES(960,'B20','switch_port');
INSERT INTO "destinationport" VALUES(961,'F13','switch_port');
INSERT INTO "destinationport" VALUES(962,'F14','switch_port');
INSERT INTO "destinationport" VALUES(963,'F15','switch_port');
INSERT INTO "destinationport" VALUES(964,'F16','switch_port');
INSERT INTO "destinationport" VALUES(965,'C1','switch_port');
INSERT INTO "destinationport" VALUES(966,'C2','switch_port');
INSERT INTO "destinationport" VALUES(967,'B9','switch_port');
INSERT INTO "destinationport" VALUES(968,'B10','switch_port');
INSERT INTO "destinationport" VALUES(969,'B11','switch_port');
INSERT INTO "destinationport" VALUES(970,'B12','switch_port');
INSERT INTO "destinationport" VALUES(971,'A13','switch_port');
INSERT INTO "destinationport" VALUES(972,'A14','switch_port');
INSERT INTO "destinationport" VALUES(973,'A15','switch_port');
INSERT INTO "destinationport" VALUES(974,'A16','switch_port');
INSERT INTO "destinationport" VALUES(975,'A17','switch_port');
INSERT INTO "destinationport" VALUES(976,'A18','switch_port');
INSERT INTO "destinationport" VALUES(977,'A19','switch_port');
INSERT INTO "destinationport" VALUES(978,'A20','switch_port');
INSERT INTO "destinationport" VALUES(979,'A21','switch_port');
INSERT INTO "destinationport" VALUES(980,'A22','switch_port');
INSERT INTO "destinationport" VALUES(981,'A23','switch_port');
INSERT INTO "destinationport" VALUES(982,'A6','switch_port');
INSERT INTO "destinationport" VALUES(983,'A7','switch_port');
INSERT INTO "destinationport" VALUES(984,'A8','switch_port');
INSERT INTO "destinationport" VALUES(985,'A9','switch_port');
INSERT INTO "destinationport" VALUES(986,'A10','switch_port');
INSERT INTO "destinationport" VALUES(987,'A11','switch_port');
INSERT INTO "destinationport" VALUES(988,'A12','switch_port');
INSERT INTO "destinationport" VALUES(989,'B1','switch_port');
INSERT INTO "destinationport" VALUES(990,'B2','switch_port');
INSERT INTO "destinationport" VALUES(991,'B3','switch_port');
INSERT INTO "destinationport" VALUES(992,'B4','switch_port');
INSERT INTO "destinationport" VALUES(993,'B5','switch_port');
INSERT INTO "destinationport" VALUES(994,'B6','switch_port');
INSERT INTO "destinationport" VALUES(995,'B7','switch_port');
INSERT INTO "destinationport" VALUES(996,'B8','switch_port');
INSERT INTO "destinationport" VALUES(997,'A1','switch_port');
INSERT INTO "destinationport" VALUES(998,'A2','switch_port');
INSERT INTO "destinationport" VALUES(999,'A3','switch_port');
INSERT INTO "destinationport" VALUES(1000,'A4','switch_port');
INSERT INTO "destinationport" VALUES(1001,'A5','switch_port');
INSERT INTO "destinationport" VALUES(1002,'F3','switch_port');
INSERT INTO "destinationport" VALUES(1003,'F4','switch_port');
INSERT INTO "destinationport" VALUES(1004,'F5','switch_port');
INSERT INTO "destinationport" VALUES(1005,'F6','switch_port');
INSERT INTO "destinationport" VALUES(1006,'F7','switch_port');
INSERT INTO "destinationport" VALUES(1007,'F8','switch_port');
INSERT INTO "destinationport" VALUES(1008,'F9','switch_port');
INSERT INTO "destinationport" VALUES(1009,'F10','switch_port');
INSERT INTO "destinationport" VALUES(1010,'F11','switch_port');
INSERT INTO "destinationport" VALUES(1011,'F12','switch_port');
INSERT INTO "destinationport" VALUES(1012,'E13','switch_port');
INSERT INTO "destinationport" VALUES(1013,'E14','switch_port');
INSERT INTO "destinationport" VALUES(1014,'E15','switch_port');
INSERT INTO "destinationport" VALUES(1015,'E16','switch_port');
INSERT INTO "destinationport" VALUES(1016,'E17','switch_port');
INSERT INTO "destinationport" VALUES(1017,'D24','switch_port');
INSERT INTO "destinationport" VALUES(1018,'E1','switch_port');
INSERT INTO "destinationport" VALUES(1019,'E2','switch_port');
INSERT INTO "destinationport" VALUES(1020,'E3','switch_port');
INSERT INTO "destinationport" VALUES(1021,'E4','switch_port');
INSERT INTO "destinationport" VALUES(1022,'E5','switch_port');
INSERT INTO "destinationport" VALUES(1023,'E6','switch_port');
INSERT INTO "destinationport" VALUES(1024,'E7','switch_port');
INSERT INTO "destinationport" VALUES(1025,'E8','switch_port');
INSERT INTO "destinationport" VALUES(1026,'E9','switch_port');
INSERT INTO "destinationport" VALUES(1027,'E10','switch_port');
INSERT INTO "destinationport" VALUES(1028,'E11','switch_port');
INSERT INTO "destinationport" VALUES(1029,'E12','switch_port');
INSERT INTO "destinationport" VALUES(1030,'F1','switch_port');
INSERT INTO "destinationport" VALUES(1031,'F2','switch_port');
INSERT INTO "destinationport" VALUES(1032,'E9','switch_port');
INSERT INTO "destinationport" VALUES(1033,'E10','switch_port');
INSERT INTO "destinationport" VALUES(1034,'E11','switch_port');
INSERT INTO "destinationport" VALUES(1035,'D19','switch_port');
INSERT INTO "destinationport" VALUES(1036,'D20','switch_port');
INSERT INTO "destinationport" VALUES(1037,'D21','switch_port');
INSERT INTO "destinationport" VALUES(1038,'E7','switch_port');
INSERT INTO "destinationport" VALUES(1039,'D22','switch_port');
INSERT INTO "destinationport" VALUES(1040,'D23','switch_port');
INSERT INTO "destinationport" VALUES(1041,'D24','switch_port');
INSERT INTO "destinationport" VALUES(1042,'E5','switch_port');
INSERT INTO "destinationport" VALUES(1043,'E6','switch_port');
INSERT INTO "destinationport" VALUES(1044,'B10','switch_port');
INSERT INTO "destinationport" VALUES(1045,'B11','switch_port');
INSERT INTO "destinationport" VALUES(1046,'B12','switch_port');
INSERT INTO "destinationport" VALUES(1047,'B19','switch_port');
INSERT INTO "destinationport" VALUES(1048,'B20','switch_port');
INSERT INTO "destinationport" VALUES(1049,'E1','switch_port');
INSERT INTO "destinationport" VALUES(1050,'E2','switch_port');
INSERT INTO "destinationport" VALUES(1051,'E3','switch_port');
INSERT INTO "destinationport" VALUES(1052,'E4','switch_port');
INSERT INTO "destinationport" VALUES(1053,'D7','switch_port');
INSERT INTO "destinationport" VALUES(1054,'D8','switch_port');
INSERT INTO "destinationport" VALUES(1055,'D9','switch_port');
INSERT INTO "destinationport" VALUES(1056,'D10','switch_port');
INSERT INTO "destinationport" VALUES(1057,'D11','switch_port');
INSERT INTO "destinationport" VALUES(1058,'D12','switch_port');
INSERT INTO "destinationport" VALUES(1059,'D1','switch_port');
INSERT INTO "destinationport" VALUES(1060,'D2','switch_port');
INSERT INTO "destinationport" VALUES(1061,'D3','switch_port');
INSERT INTO "destinationport" VALUES(1062,'D4','switch_port');
INSERT INTO "destinationport" VALUES(1063,'D5','switch_port');
INSERT INTO "destinationport" VALUES(1064,'D6','switch_port');
INSERT INTO "destinationport" VALUES(1065,'D13','switch_port');
INSERT INTO "destinationport" VALUES(1066,'D14','switch_port');
INSERT INTO "destinationport" VALUES(1067,'D15','switch_port');
INSERT INTO "destinationport" VALUES(1068,'D16','switch_port');
INSERT INTO "destinationport" VALUES(1069,'D17','switch_port');
INSERT INTO "destinationport" VALUES(1070,'D18','switch_port');
INSERT INTO "destinationport" VALUES(1071,'B7','switch_port');
INSERT INTO "destinationport" VALUES(1072,'B8','switch_port');
INSERT INTO "destinationport" VALUES(1073,'B9','switch_port');
INSERT INTO "destinationport" VALUES(1074,'A22','switch_port');
INSERT INTO "destinationport" VALUES(1075,'A23','switch_port');
INSERT INTO "destinationport" VALUES(1076,'A24','switch_port');
INSERT INTO "destinationport" VALUES(1077,'B1','switch_port');
INSERT INTO "destinationport" VALUES(1078,'B2','switch_port');
INSERT INTO "destinationport" VALUES(1079,'B3','switch_port');
INSERT INTO "destinationport" VALUES(1080,'B4','switch_port');
INSERT INTO "destinationport" VALUES(1081,'B5','switch_port');
INSERT INTO "destinationport" VALUES(1082,'B6','switch_port');
INSERT INTO "destinationport" VALUES(1083,'B13','switch_port');
INSERT INTO "destinationport" VALUES(1084,'B14','switch_port');
INSERT INTO "destinationport" VALUES(1085,'B15','switch_port');
INSERT INTO "destinationport" VALUES(1086,'B16','switch_port');
INSERT INTO "destinationport" VALUES(1087,'B17','switch_port');
INSERT INTO "destinationport" VALUES(1088,'B18','switch_port');
INSERT INTO "destinationport" VALUES(1089,'C19','switch_port');
INSERT INTO "destinationport" VALUES(1090,'C20','switch_port');
INSERT INTO "destinationport" VALUES(1091,'C21','switch_port');
INSERT INTO "destinationport" VALUES(1092,'C22','switch_port');
INSERT INTO "destinationport" VALUES(1093,'C23','switch_port');
INSERT INTO "destinationport" VALUES(1094,'C24','switch_port');
INSERT INTO "destinationport" VALUES(1095,'A7','switch_port');
INSERT INTO "destinationport" VALUES(1096,'A8','switch_port');
INSERT INTO "destinationport" VALUES(1097,'A9','switch_port');
INSERT INTO "destinationport" VALUES(1098,'A10','switch_port');
INSERT INTO "destinationport" VALUES(1099,'A11','switch_port');
INSERT INTO "destinationport" VALUES(1100,'A12','switch_port');
INSERT INTO "destinationport" VALUES(1101,'A19','switch_port');
INSERT INTO "destinationport" VALUES(1102,'A20','switch_port');
INSERT INTO "destinationport" VALUES(1103,'A21','switch_port');
INSERT INTO "destinationport" VALUES(1104,'A4','switch_port');
INSERT INTO "destinationport" VALUES(1105,'A5','switch_port');
INSERT INTO "destinationport" VALUES(1106,'A6','switch_port');
INSERT INTO "destinationport" VALUES(1107,'A13','switch_port');
INSERT INTO "destinationport" VALUES(1108,'A14','switch_port');
INSERT INTO "destinationport" VALUES(1109,'A15','switch_port');
INSERT INTO "destinationport" VALUES(1110,'A16','switch_port');
INSERT INTO "destinationport" VALUES(1111,'A17','switch_port');
INSERT INTO "destinationport" VALUES(1112,'A18','switch_port');
INSERT INTO "destinationport" VALUES(1113,'C7','switch_port');
INSERT INTO "destinationport" VALUES(1114,'C8','switch_port');
INSERT INTO "destinationport" VALUES(1115,'C9','switch_port');
INSERT INTO "destinationport" VALUES(1116,'C10','switch_port');
INSERT INTO "destinationport" VALUES(1117,'C11','switch_port');
INSERT INTO "destinationport" VALUES(1118,'C12','switch_port');
INSERT INTO "destinationport" VALUES(1119,'C1','switch_port');
INSERT INTO "destinationport" VALUES(1120,'C2','switch_port');
INSERT INTO "destinationport" VALUES(1121,'C3','switch_port');
INSERT INTO "destinationport" VALUES(1122,'C4','switch_port');
INSERT INTO "destinationport" VALUES(1123,'C5','switch_port');
INSERT INTO "destinationport" VALUES(1124,'C6','switch_port');
INSERT INTO "destinationport" VALUES(1125,'C13','switch_port');
INSERT INTO "destinationport" VALUES(1126,'C14','switch_port');
INSERT INTO "destinationport" VALUES(1127,'C15','switch_port');
INSERT INTO "destinationport" VALUES(1128,'C16','switch_port');
INSERT INTO "destinationport" VALUES(1129,'C17','switch_port');
INSERT INTO "destinationport" VALUES(1130,'C18','switch_port');
INSERT INTO "destinationport" VALUES(1131,'A1','switch_port');
INSERT INTO "destinationport" VALUES(1132,'A2','switch_port');
INSERT INTO "destinationport" VALUES(1133,'A3','switch_port');
INSERT INTO "destinationport" VALUES(1134,'F23','switch_port');
INSERT INTO "destinationport" VALUES(1135,'D17','switch_port');
INSERT INTO "destinationport" VALUES(1136,'D18','switch_port');
INSERT INTO "destinationport" VALUES(1137,'D19','switch_port');
INSERT INTO "destinationport" VALUES(1138,'D20','switch_port');
INSERT INTO "destinationport" VALUES(1139,'D21','switch_port');
INSERT INTO "destinationport" VALUES(1140,'D23','switch_port');
INSERT INTO "destinationport" VALUES(1141,'D24','switch_port');
INSERT INTO "destinationport" VALUES(1142,'F1','switch_port');
INSERT INTO "destinationport" VALUES(1143,'F2','switch_port');
INSERT INTO "destinationport" VALUES(1144,'F3','switch_port');
INSERT INTO "destinationport" VALUES(1145,'F4','switch_port');
INSERT INTO "destinationport" VALUES(1146,'F5','switch_port');
INSERT INTO "destinationport" VALUES(1147,'F6','switch_port');
INSERT INTO "destinationport" VALUES(1148,'D16','switch_port');
INSERT INTO "destinationport" VALUES(1149,'E13','switch_port');
INSERT INTO "destinationport" VALUES(1150,'E14','switch_port');
INSERT INTO "destinationport" VALUES(1151,'E15','switch_port');
INSERT INTO "destinationport" VALUES(1152,'E16','switch_port');
INSERT INTO "destinationport" VALUES(1153,'E17','switch_port');
INSERT INTO "destinationport" VALUES(1154,'E18','switch_port');
INSERT INTO "destinationport" VALUES(1155,'E19','switch_port');
INSERT INTO "destinationport" VALUES(1156,'E20','switch_port');
INSERT INTO "destinationport" VALUES(1157,'E21','switch_port');
INSERT INTO "destinationport" VALUES(1158,'E22','switch_port');
INSERT INTO "destinationport" VALUES(1159,'E23','switch_port');
INSERT INTO "destinationport" VALUES(1160,'E24','switch_port');
INSERT INTO "destinationport" VALUES(1161,'E9','switch_port');
INSERT INTO "destinationport" VALUES(1162,'E10','switch_port');
INSERT INTO "destinationport" VALUES(1163,'E11','switch_port');
INSERT INTO "destinationport" VALUES(1164,'E12','switch_port');
INSERT INTO "destinationport" VALUES(1165,'D5','switch_port');
INSERT INTO "destinationport" VALUES(1166,'D6','switch_port');
INSERT INTO "destinationport" VALUES(1167,'D7','switch_port');
INSERT INTO "destinationport" VALUES(1168,'D8','switch_port');
INSERT INTO "destinationport" VALUES(1169,'D9','switch_port');
INSERT INTO "destinationport" VALUES(1170,'D10','switch_port');
INSERT INTO "destinationport" VALUES(1171,'D11','switch_port');
INSERT INTO "destinationport" VALUES(1172,'D12','switch_port');
INSERT INTO "destinationport" VALUES(1173,'D13','switch_port');
INSERT INTO "destinationport" VALUES(1174,'D14','switch_port');
INSERT INTO "destinationport" VALUES(1175,'D15','switch_port');
INSERT INTO "destinationport" VALUES(1176,'B20','switch_port');
INSERT INTO "destinationport" VALUES(1177,'D1','switch_port');
INSERT INTO "destinationport" VALUES(1178,'D2','switch_port');
INSERT INTO "destinationport" VALUES(1179,'D3','switch_port');
INSERT INTO "destinationport" VALUES(1180,'D4','switch_port');
INSERT INTO "destinationport" VALUES(1181,'E1','switch_port');
INSERT INTO "destinationport" VALUES(1182,'E2','switch_port');
INSERT INTO "destinationport" VALUES(1183,'E3','switch_port');
INSERT INTO "destinationport" VALUES(1184,'E4','switch_port');
INSERT INTO "destinationport" VALUES(1185,'E5','switch_port');
INSERT INTO "destinationport" VALUES(1186,'E6','switch_port');
INSERT INTO "destinationport" VALUES(1187,'E7','switch_port');
INSERT INTO "destinationport" VALUES(1188,'E8','switch_port');
INSERT INTO "destinationport" VALUES(1189,'C17','switch_port');
INSERT INTO "destinationport" VALUES(1190,'C18','switch_port');
INSERT INTO "destinationport" VALUES(1191,'C19','switch_port');
INSERT INTO "destinationport" VALUES(1192,'C20','switch_port');
INSERT INTO "destinationport" VALUES(1193,'C21','switch_port');
INSERT INTO "destinationport" VALUES(1194,'C22','switch_port');
INSERT INTO "destinationport" VALUES(1195,'C23','switch_port');
INSERT INTO "destinationport" VALUES(1196,'C24','switch_port');
INSERT INTO "destinationport" VALUES(1197,'B13','switch_port');
INSERT INTO "destinationport" VALUES(1198,'B14','switch_port');
INSERT INTO "destinationport" VALUES(1199,'B15','switch_port');
INSERT INTO "destinationport" VALUES(1200,'B16','switch_port');
INSERT INTO "destinationport" VALUES(1201,'B17','switch_port');
INSERT INTO "destinationport" VALUES(1202,'B18','switch_port');
INSERT INTO "destinationport" VALUES(1203,'B19','switch_port');
INSERT INTO "destinationport" VALUES(1204,'B4','switch_port');
INSERT INTO "destinationport" VALUES(1205,'B5','switch_port');
INSERT INTO "destinationport" VALUES(1206,'B6','switch_port');
INSERT INTO "destinationport" VALUES(1207,'B7','switch_port');
INSERT INTO "destinationport" VALUES(1208,'B8','switch_port');
INSERT INTO "destinationport" VALUES(1209,'B9','switch_port');
INSERT INTO "destinationport" VALUES(1210,'B10','switch_port');
INSERT INTO "destinationport" VALUES(1211,'B11','switch_port');
INSERT INTO "destinationport" VALUES(1212,'B12','switch_port');
INSERT INTO "destinationport" VALUES(1213,'C13','switch_port');
INSERT INTO "destinationport" VALUES(1214,'C14','switch_port');
INSERT INTO "destinationport" VALUES(1215,'C16','switch_port');
INSERT INTO "destinationport" VALUES(1216,'C15','switch_port');
INSERT INTO "destinationport" VALUES(1217,'C1','switch_port');
INSERT INTO "destinationport" VALUES(1218,'C2','switch_port');
INSERT INTO "destinationport" VALUES(1219,'C3','switch_port');
INSERT INTO "destinationport" VALUES(1220,'C4','switch_port');
INSERT INTO "destinationport" VALUES(1221,'C5','switch_port');
INSERT INTO "destinationport" VALUES(1222,'C6','switch_port');
INSERT INTO "destinationport" VALUES(1223,'C7','switch_port');
INSERT INTO "destinationport" VALUES(1224,'C8','switch_port');
INSERT INTO "destinationport" VALUES(1225,'C9','switch_port');
INSERT INTO "destinationport" VALUES(1226,'C10','switch_port');
INSERT INTO "destinationport" VALUES(1227,'C11','switch_port');
INSERT INTO "destinationport" VALUES(1228,'C12','switch_port');
INSERT INTO "destinationport" VALUES(1229,'B1','switch_port');
INSERT INTO "destinationport" VALUES(1230,'B2','switch_port');
INSERT INTO "destinationport" VALUES(1231,'B3','switch_port');
INSERT INTO "destinationport" VALUES(1232,'F24','switch_port');
INSERT INTO "destinationport" VALUES(1233,'E13','switch_port');
INSERT INTO "destinationport" VALUES(1234,'E14','switch_port');
INSERT INTO "destinationport" VALUES(1235,'E15','switch_port');
INSERT INTO "destinationport" VALUES(1236,'E16','switch_port');
INSERT INTO "destinationport" VALUES(1237,'E17','switch_port');
INSERT INTO "destinationport" VALUES(1238,'E18','switch_port');
INSERT INTO "destinationport" VALUES(1239,'F13','switch_port');
INSERT INTO "destinationport" VALUES(1240,'F14','switch_port');
INSERT INTO "destinationport" VALUES(1241,'F15','switch_port');
INSERT INTO "destinationport" VALUES(1242,'F16','switch_port');
INSERT INTO "destinationport" VALUES(1243,'F17','switch_port');
INSERT INTO "destinationport" VALUES(1244,'F2','switch_port');
INSERT INTO "destinationport" VALUES(1245,'F3','switch_port');
INSERT INTO "destinationport" VALUES(1246,'F4','switch_port');
INSERT INTO "destinationport" VALUES(1247,'F5','switch_port');
INSERT INTO "destinationport" VALUES(1248,'F6','switch_port');
INSERT INTO "destinationport" VALUES(1249,'E19','switch_port');
INSERT INTO "destinationport" VALUES(1250,'E20','switch_port');
INSERT INTO "destinationport" VALUES(1251,'E21','switch_port');
INSERT INTO "destinationport" VALUES(1252,'E22','switch_port');
INSERT INTO "destinationport" VALUES(1253,'E23','switch_port');
INSERT INTO "destinationport" VALUES(1254,'E24','switch_port');
INSERT INTO "destinationport" VALUES(1255,'F19','switch_port');
INSERT INTO "destinationport" VALUES(1256,'F20','switch_port');
INSERT INTO "destinationport" VALUES(1257,'F21','switch_port');
INSERT INTO "destinationport" VALUES(1258,'F22','switch_port');
INSERT INTO "destinationport" VALUES(1259,'F7','switch_port');
INSERT INTO "destinationport" VALUES(1260,'F8','switch_port');
INSERT INTO "destinationport" VALUES(1261,'F9','switch_port');
INSERT INTO "destinationport" VALUES(1262,'F10','switch_port');
INSERT INTO "destinationport" VALUES(1263,'F11','switch_port');
INSERT INTO "destinationport" VALUES(1264,'F12','switch_port');
INSERT INTO "destinationport" VALUES(1265,'E1','switch_port');
INSERT INTO "destinationport" VALUES(1266,'E2','switch_port');
INSERT INTO "destinationport" VALUES(1267,'E3','switch_port');
INSERT INTO "destinationport" VALUES(1268,'E4','switch_port');
INSERT INTO "destinationport" VALUES(1269,'E5','switch_port');
INSERT INTO "destinationport" VALUES(1270,'E6','switch_port');
INSERT INTO "destinationport" VALUES(1271,'F1','switch_port');
INSERT INTO "destinationport" VALUES(1272,'C16','switch_port');
INSERT INTO "destinationport" VALUES(1273,'C17','switch_port');
INSERT INTO "destinationport" VALUES(1274,'C18','switch_port');
INSERT INTO "destinationport" VALUES(1275,'D13','switch_port');
INSERT INTO "destinationport" VALUES(1276,'D14','switch_port');
INSERT INTO "destinationport" VALUES(1277,'D15','switch_port');
INSERT INTO "destinationport" VALUES(1278,'D16','switch_port');
INSERT INTO "destinationport" VALUES(1279,'D17','switch_port');
INSERT INTO "destinationport" VALUES(1280,'D18','switch_port');
INSERT INTO "destinationport" VALUES(1281,'E7','switch_port');
INSERT INTO "destinationport" VALUES(1282,'E8','switch_port');
INSERT INTO "destinationport" VALUES(1283,'E9','switch_port');
INSERT INTO "destinationport" VALUES(1284,'E10','switch_port');
INSERT INTO "destinationport" VALUES(1285,'E11','switch_port');
INSERT INTO "destinationport" VALUES(1286,'E12','switch_port');
INSERT INTO "destinationport" VALUES(1287,'C21','switch_port');
INSERT INTO "destinationport" VALUES(1288,'C22','switch_port');
INSERT INTO "destinationport" VALUES(1289,'C23','switch_port');
INSERT INTO "destinationport" VALUES(1290,'C24','switch_port');
INSERT INTO "destinationport" VALUES(1291,'D19','switch_port');
INSERT INTO "destinationport" VALUES(1292,'D20','switch_port');
INSERT INTO "destinationport" VALUES(1293,'D21','switch_port');
INSERT INTO "destinationport" VALUES(1294,'D22','switch_port');
INSERT INTO "destinationport" VALUES(1295,'D23','switch_port');
INSERT INTO "destinationport" VALUES(1296,'D24','switch_port');
INSERT INTO "destinationport" VALUES(1297,'C13','switch_port');
INSERT INTO "destinationport" VALUES(1298,'C14','switch_port');
INSERT INTO "destinationport" VALUES(1299,'C15','switch_port');
INSERT INTO "destinationport" VALUES(1300,'D12','switch_port');
INSERT INTO "destinationport" VALUES(1301,'C1','switch_port');
INSERT INTO "destinationport" VALUES(1302,'C2','switch_port');
INSERT INTO "destinationport" VALUES(1303,'C3','switch_port');
INSERT INTO "destinationport" VALUES(1304,'C4','switch_port');
INSERT INTO "destinationport" VALUES(1305,'C5','switch_port');
INSERT INTO "destinationport" VALUES(1306,'C6','switch_port');
INSERT INTO "destinationport" VALUES(1307,'D1','switch_port');
INSERT INTO "destinationport" VALUES(1308,'D2','switch_port');
INSERT INTO "destinationport" VALUES(1309,'D3','switch_port');
INSERT INTO "destinationport" VALUES(1310,'D4','switch_port');
INSERT INTO "destinationport" VALUES(1311,'D5','switch_port');
INSERT INTO "destinationport" VALUES(1312,'D6','switch_port');
INSERT INTO "destinationport" VALUES(1313,'C19','switch_port');
INSERT INTO "destinationport" VALUES(1314,'C20','switch_port');
INSERT INTO "destinationport" VALUES(1315,'B16','switch_port');
INSERT INTO "destinationport" VALUES(1316,'G1','switch_port');
INSERT INTO "destinationport" VALUES(1317,'G2','switch_port');
INSERT INTO "destinationport" VALUES(1318,'C7','switch_port');
INSERT INTO "destinationport" VALUES(1319,'C8','switch_port');
INSERT INTO "destinationport" VALUES(1320,'C9','switch_port');
INSERT INTO "destinationport" VALUES(1321,'C10','switch_port');
INSERT INTO "destinationport" VALUES(1322,'C11','switch_port');
INSERT INTO "destinationport" VALUES(1323,'C12','switch_port');
INSERT INTO "destinationport" VALUES(1324,'D7','switch_port');
INSERT INTO "destinationport" VALUES(1325,'D8','switch_port');
INSERT INTO "destinationport" VALUES(1326,'D9','switch_port');
INSERT INTO "destinationport" VALUES(1327,'D10','switch_port');
INSERT INTO "destinationport" VALUES(1328,'D11','switch_port');
INSERT INTO "destinationport" VALUES(1329,'B17','switch_port');
INSERT INTO "destinationport" VALUES(1330,'B18','switch_port');
INSERT INTO "destinationport" VALUES(1331,'B19','switch_port');
INSERT INTO "destinationport" VALUES(1332,'B20','switch_port');
INSERT INTO "destinationport" VALUES(1333,'G3','switch_port');
INSERT INTO "destinationport" VALUES(1334,'G4','switch_port');
INSERT INTO "destinationport" VALUES(1335,'B1','switch_port');
INSERT INTO "destinationport" VALUES(1336,'B2','switch_port');
INSERT INTO "destinationport" VALUES(1337,'B3','switch_port');
INSERT INTO "destinationport" VALUES(1338,'B4','switch_port');
INSERT INTO "destinationport" VALUES(1339,'B5','switch_port');
INSERT INTO "destinationport" VALUES(1340,'B6','switch_port');
INSERT INTO "destinationport" VALUES(1341,'B13','switch_port');
INSERT INTO "destinationport" VALUES(1342,'B14','switch_port');
INSERT INTO "destinationport" VALUES(1343,'B15','switch_port');
INSERT INTO "destinationport" VALUES(1344,'B7','switch_port');
INSERT INTO "destinationport" VALUES(1345,'B8','switch_port');
INSERT INTO "destinationport" VALUES(1346,'B9','switch_port');
INSERT INTO "destinationport" VALUES(1347,'B10','switch_port');
INSERT INTO "destinationport" VALUES(1348,'B11','switch_port');
INSERT INTO "destinationport" VALUES(1349,'B12','switch_port');
INSERT INTO "destinationport" VALUES(1350,'D16','switch_port');
INSERT INTO "destinationport" VALUES(1351,'D5','switch_port');
INSERT INTO "destinationport" VALUES(1352,'D6','switch_port');
INSERT INTO "destinationport" VALUES(1353,'D7','switch_port');
INSERT INTO "destinationport" VALUES(1354,'D8','switch_port');
INSERT INTO "destinationport" VALUES(1355,'D9','switch_port');
INSERT INTO "destinationport" VALUES(1356,'D10','switch_port');
INSERT INTO "destinationport" VALUES(1357,'D11','switch_port');
INSERT INTO "destinationport" VALUES(1358,'D12','switch_port');
INSERT INTO "destinationport" VALUES(1359,'D15','switch_port');
INSERT INTO "destinationport" VALUES(1360,'D18','switch_port');
INSERT INTO "destinationport" VALUES(1361,'D19','switch_port');
INSERT INTO "destinationport" VALUES(1362,'C13','switch_port');
INSERT INTO "destinationport" VALUES(1363,'C14','switch_port');
INSERT INTO "destinationport" VALUES(1364,'C15','switch_port');
INSERT INTO "destinationport" VALUES(1365,'C16','switch_port');
INSERT INTO "destinationport" VALUES(1366,'C17','switch_port');
INSERT INTO "destinationport" VALUES(1367,'C18','switch_port');
INSERT INTO "destinationport" VALUES(1368,'C19','switch_port');
INSERT INTO "destinationport" VALUES(1369,'C20','switch_port');
INSERT INTO "destinationport" VALUES(1370,'C21','switch_port');
INSERT INTO "destinationport" VALUES(1371,'C22','switch_port');
INSERT INTO "destinationport" VALUES(1372,'C23','switch_port');
INSERT INTO "destinationport" VALUES(1373,'C24','switch_port');
INSERT INTO "destinationport" VALUES(1374,'D21','switch_port');
INSERT INTO "destinationport" VALUES(1375,'D2','switch_port');
INSERT INTO "destinationport" VALUES(1376,'C1','switch_port');
INSERT INTO "destinationport" VALUES(1377,'C2','switch_port');
INSERT INTO "destinationport" VALUES(1378,'C3','switch_port');
INSERT INTO "destinationport" VALUES(1379,'C4','switch_port');
INSERT INTO "destinationport" VALUES(1380,'C5','switch_port');
INSERT INTO "destinationport" VALUES(1381,'D17','switch_port');
INSERT INTO "destinationport" VALUES(1382,'C7','switch_port');
INSERT INTO "destinationport" VALUES(1383,'C8','switch_port');
INSERT INTO "destinationport" VALUES(1384,'C9','switch_port');
INSERT INTO "destinationport" VALUES(1385,'C10','switch_port');
INSERT INTO "destinationport" VALUES(1386,'C11','switch_port');
INSERT INTO "destinationport" VALUES(1387,'C12','switch_port');
INSERT INTO "destinationport" VALUES(1388,'B17','switch_port');
INSERT INTO "destinationport" VALUES(1389,'B18','switch_port');
INSERT INTO "destinationport" VALUES(1390,'B19','switch_port');
INSERT INTO "destinationport" VALUES(1391,'B20','switch_port');
INSERT INTO "destinationport" VALUES(1392,'B1','switch_port');
INSERT INTO "destinationport" VALUES(1393,'B2','switch_port');
INSERT INTO "destinationport" VALUES(1394,'B3','switch_port');
INSERT INTO "destinationport" VALUES(1395,'B4','switch_port');
INSERT INTO "destinationport" VALUES(1396,'B5','switch_port');
INSERT INTO "destinationport" VALUES(1397,'B6','switch_port');
INSERT INTO "destinationport" VALUES(1398,'B7','switch_port');
INSERT INTO "destinationport" VALUES(1399,'B8','switch_port');
INSERT INTO "destinationport" VALUES(1400,'B9','switch_port');
INSERT INTO "destinationport" VALUES(1401,'B10','switch_port');
INSERT INTO "destinationport" VALUES(1402,'B11','switch_port');
INSERT INTO "destinationport" VALUES(1403,'B12','switch_port');
INSERT INTO "destinationport" VALUES(1404,'B13','switch_port');
INSERT INTO "destinationport" VALUES(1405,'B14','switch_port');
INSERT INTO "destinationport" VALUES(1406,'B15','switch_port');
INSERT INTO "destinationport" VALUES(1407,'B16','switch_port');
INSERT INTO "destinationport" VALUES(1408,'A1','switch_port');
INSERT INTO "destinationport" VALUES(1409,'A2','switch_port');
INSERT INTO "destinationport" VALUES(1410,'A3','switch_port');
INSERT INTO "destinationport" VALUES(1411,'A4','switch_port');
INSERT INTO "destinationport" VALUES(1412,'A5','switch_port');
INSERT INTO "destinationport" VALUES(1413,'A6','switch_port');
INSERT INTO "destinationport" VALUES(1414,'A7','switch_port');
INSERT INTO "destinationport" VALUES(1415,'A8','switch_port');
INSERT INTO "destinationport" VALUES(1416,'A9','switch_port');
INSERT INTO "destinationport" VALUES(1417,'A10','switch_port');
INSERT INTO "destinationport" VALUES(1418,'A11','switch_port');
INSERT INTO "destinationport" VALUES(1419,'A12','switch_port');
INSERT INTO "destinationport" VALUES(1420,'A13','switch_port');
INSERT INTO "destinationport" VALUES(1421,'A14','switch_port');
CREATE TABLE subnet (
	id INTEGER NOT NULL, 
	address VARCHAR(51) NOT NULL, 
	gateway VARCHAR(51) NOT NULL, 
	dns_domain VARCHAR,
	reserved_addresses INTEGER NOT NULL,
	PRIMARY KEY (id)
);
INSERT INTO "subnet" VALUES(1,'141.30.228.0/24','141.30.228.1','wh2.tu-dresden.de', 40);
INSERT INTO "subnet" VALUES(2,'141.30.227.0/24','141.30.227.1','wh3.tu-dresden.de', 10);
INSERT INTO "subnet" VALUES(3,'141.30.242.128/26','141.30.242.129','whunep.tu-dresden.de', 10);
INSERT INTO "subnet" VALUES(4,'141.30.216.0/24','141.30.216.1','wh16.tu-dresden.de', 10);
INSERT INTO "subnet" VALUES(5,'141.30.202.0/24','141.30.202.1','wh30.tu-dresden.de', 10);
INSERT INTO "subnet" VALUES(6,'141.30.224.0/24','141.30.224.1','wh6.tu-dresden.de', 10);
INSERT INTO "subnet" VALUES(7,'141.30.223.0/24','141.30.223.1','wh5.tu-dresden.de', 10);
INSERT INTO "subnet" VALUES(8,'141.30.226.0/24','141.30.226.1','wh7.tu-dresden.de', 10);
INSERT INTO "subnet" VALUES(9,'141.30.222.0/24','141.30.222.1','wh4.tu-dresden.de', 10);
CREATE TABLE dormitory (
	id INTEGER NOT NULL, 
	number VARCHAR(3) NOT NULL, 
	short_name VARCHAR(5) NOT NULL, 
	street VARCHAR(20) NOT NULL, 
	PRIMARY KEY (id), 
	UNIQUE (number), 
	UNIQUE (short_name)
);
INSERT INTO "dormitory" VALUES(1,'5','Wu5','Wundtstrasse');
INSERT INTO "dormitory" VALUES(2,'41A','ZW41A','Zellescher Weg');
INSERT INTO "dormitory" VALUES(3,'41','ZW41','Zellescher Weg');
INSERT INTO "dormitory" VALUES(4,'41B','ZW41B','Zellescher Weg');
INSERT INTO "dormitory" VALUES(5,'41C','ZW41C','Zellescher Weg');
INSERT INTO "dormitory" VALUES(6,'41D','ZW41D','Zellescher Weg');
INSERT INTO "dormitory" VALUES(7,'9','Wu9','Wundtstrasse');
INSERT INTO "dormitory" VALUES(8,'7','Wu7','Wundtstrasse');
INSERT INTO "dormitory" VALUES(9,'3','Wu3','Wundtstrasse');
INSERT INTO "dormitory" VALUES(10,'11','Wu11','Wundtstrasse');
INSERT INTO "dormitory" VALUES(11,'1','Wu1','Wundtstrasse');
CREATE TABLE vlan (
	id INTEGER NOT NULL, 
	name VARCHAR(127) NOT NULL, 
	tag INTEGER NOT NULL, 
	PRIMARY KEY (id)
);
INSERT INTO "vlan" VALUES(1,'Wu5',15);
INSERT INTO "vlan" VALUES(2,'ZellescherWeg',41);
INSERT INTO "vlan" VALUES(3,'UNEPWeb',348);
INSERT INTO "vlan" VALUES(4,'ZellescherWeg',41);
INSERT INTO "vlan" VALUES(5,'Wu9',19);
INSERT INTO "vlan" VALUES(6,'Wu7',17);
INSERT INTO "vlan" VALUES(7,'Wu3',13);
INSERT INTO "vlan" VALUES(8,'Wu11',5);
INSERT INTO "vlan" VALUES(9,'Wu1',11);
CREATE TABLE association_dormitory_vlan (
	dormitory_id INTEGER, 
	vlan_id INTEGER, 
	FOREIGN KEY(dormitory_id) REFERENCES dormitory (id), 
	FOREIGN KEY(vlan_id) REFERENCES vlan (id)
);
INSERT INTO "association_dormitory_vlan" VALUES(9,7);
INSERT INTO "association_dormitory_vlan" VALUES(11,9);
INSERT INTO "association_dormitory_vlan" VALUES(10,8);
INSERT INTO "association_dormitory_vlan" VALUES(3,4);
INSERT INTO "association_dormitory_vlan" VALUES(2,4);
INSERT INTO "association_dormitory_vlan" VALUES(4,4);
INSERT INTO "association_dormitory_vlan" VALUES(5,4);
INSERT INTO "association_dormitory_vlan" VALUES(6,4);
INSERT INTO "association_dormitory_vlan" VALUES(3,2);
INSERT INTO "association_dormitory_vlan" VALUES(2,2);
INSERT INTO "association_dormitory_vlan" VALUES(4,2);
INSERT INTO "association_dormitory_vlan" VALUES(5,2);
INSERT INTO "association_dormitory_vlan" VALUES(6,2);
INSERT INTO "association_dormitory_vlan" VALUES(5,3);
INSERT INTO "association_dormitory_vlan" VALUES(8,6);
INSERT INTO "association_dormitory_vlan" VALUES(1,1);
INSERT INTO "association_dormitory_vlan" VALUES(7,5);
CREATE TABLE association_subnet_vlan (
	subnet_id INTEGER, 
	vlan_id INTEGER, 
	FOREIGN KEY(subnet_id) REFERENCES subnet (id), 
	FOREIGN KEY(vlan_id) REFERENCES vlan (id)
);
INSERT INTO "association_subnet_vlan" VALUES(9,9);
INSERT INTO "association_subnet_vlan" VALUES(1,1);
INSERT INTO "association_subnet_vlan" VALUES(2,2);
INSERT INTO "association_subnet_vlan" VALUES(3,3);
INSERT INTO "association_subnet_vlan" VALUES(4,4);
INSERT INTO "association_subnet_vlan" VALUES(6,6);
INSERT INTO "association_subnet_vlan" VALUES(8,8);
INSERT INTO "association_subnet_vlan" VALUES(5,5);
INSERT INTO "association_subnet_vlan" VALUES(7,7);
CREATE TABLE room (
	id INTEGER NOT NULL, 
	number VARCHAR(36) NOT NULL, 
	level INTEGER NOT NULL, 
	inhabitable BOOLEAN NOT NULL, 
	dormitory_id INTEGER NOT NULL, 
	PRIMARY KEY (id), 
	CHECK (inhabitable IN (0, 1)), 
	FOREIGN KEY(dormitory_id) REFERENCES dormitory (id)
);
INSERT INTO "room" VALUES(1,'1',0,1,1);
INSERT INTO "room" VALUES(2,'A001',0,1,2);
INSERT INTO "room" VALUES(3,'A008',0,1,3);
INSERT INTO "room" VALUES(4,'A008',0,1,3);
INSERT INTO "room" VALUES(5,'A009',0,1,3);
INSERT INTO "room" VALUES(6,'A009',0,1,3);
INSERT INTO "room" VALUES(7,'B008',0,1,3);
INSERT INTO "room" VALUES(8,'B009',0,1,3);
INSERT INTO "room" VALUES(9,'A101',1,1,3);
INSERT INTO "room" VALUES(10,'A102',1,1,3);
INSERT INTO "room" VALUES(11,'A103',1,1,3);
INSERT INTO "room" VALUES(12,'A104',1,1,3);
INSERT INTO "room" VALUES(13,'A105',1,1,3);
INSERT INTO "room" VALUES(14,'A106',1,1,3);
INSERT INTO "room" VALUES(15,'A107',1,1,3);
INSERT INTO "room" VALUES(16,'A107',1,1,3);
INSERT INTO "room" VALUES(17,'A108',1,1,3);
INSERT INTO "room" VALUES(18,'A109',1,1,3);
INSERT INTO "room" VALUES(19,'A110',1,1,3);
INSERT INTO "room" VALUES(20,'A111',1,1,3);
INSERT INTO "room" VALUES(21,'A112',1,1,3);
INSERT INTO "room" VALUES(22,'A113',1,1,3);
INSERT INTO "room" VALUES(23,'A114',1,1,3);
INSERT INTO "room" VALUES(24,'B101',1,1,3);
INSERT INTO "room" VALUES(25,'B102',1,1,3);
INSERT INTO "room" VALUES(26,'B103',1,1,3);
INSERT INTO "room" VALUES(27,'B104',1,1,3);
INSERT INTO "room" VALUES(28,'B104',1,1,3);
INSERT INTO "room" VALUES(29,'B105',1,1,3);
INSERT INTO "room" VALUES(30,'B106',1,1,3);
INSERT INTO "room" VALUES(31,'B107',1,1,3);
INSERT INTO "room" VALUES(32,'B108',1,1,3);
INSERT INTO "room" VALUES(33,'B109',1,1,3);
INSERT INTO "room" VALUES(34,'B110',1,1,3);
INSERT INTO "room" VALUES(35,'B111',1,1,3);
INSERT INTO "room" VALUES(36,'C101',1,1,3);
INSERT INTO "room" VALUES(37,'C102',1,1,3);
INSERT INTO "room" VALUES(38,'C103',1,1,3);
INSERT INTO "room" VALUES(39,'C104',1,1,3);
INSERT INTO "room" VALUES(40,'D101',1,1,3);
INSERT INTO "room" VALUES(41,'D102',1,1,3);
INSERT INTO "room" VALUES(42,'D103',1,1,3);
INSERT INTO "room" VALUES(43,'D104',1,1,3);
INSERT INTO "room" VALUES(44,'A201',2,1,3);
INSERT INTO "room" VALUES(45,'A202',2,1,3);
INSERT INTO "room" VALUES(46,'A203',2,1,3);
INSERT INTO "room" VALUES(47,'A204',2,1,3);
INSERT INTO "room" VALUES(48,'A205',2,1,3);
INSERT INTO "room" VALUES(49,'A206',2,1,3);
INSERT INTO "room" VALUES(50,'A207',2,1,3);
INSERT INTO "room" VALUES(51,'A207',2,1,3);
INSERT INTO "room" VALUES(52,'A208',2,1,3);
INSERT INTO "room" VALUES(53,'A209',2,1,3);
INSERT INTO "room" VALUES(54,'A210',2,1,3);
INSERT INTO "room" VALUES(55,'A211',2,1,3);
INSERT INTO "room" VALUES(56,'A212',2,1,3);
INSERT INTO "room" VALUES(57,'A213',2,1,3);
INSERT INTO "room" VALUES(58,'A214',2,1,3);
INSERT INTO "room" VALUES(59,'B201',2,1,3);
INSERT INTO "room" VALUES(60,'B202',2,1,3);
INSERT INTO "room" VALUES(61,'B203',2,1,3);
INSERT INTO "room" VALUES(62,'B204',2,1,3);
INSERT INTO "room" VALUES(63,'B204',2,1,3);
INSERT INTO "room" VALUES(64,'B205',2,1,3);
INSERT INTO "room" VALUES(65,'B206',2,1,3);
INSERT INTO "room" VALUES(66,'B207',2,1,3);
INSERT INTO "room" VALUES(67,'B208',2,1,3);
INSERT INTO "room" VALUES(68,'B209',2,1,3);
INSERT INTO "room" VALUES(69,'B210',2,1,3);
INSERT INTO "room" VALUES(70,'B211',2,1,3);
INSERT INTO "room" VALUES(71,'C201',2,1,3);
INSERT INTO "room" VALUES(72,'C202',2,1,3);
INSERT INTO "room" VALUES(73,'C203',2,1,3);
INSERT INTO "room" VALUES(74,'C204',2,1,3);
INSERT INTO "room" VALUES(75,'D201',2,1,3);
INSERT INTO "room" VALUES(76,'D202',2,1,3);
INSERT INTO "room" VALUES(77,'D203',2,1,3);
INSERT INTO "room" VALUES(78,'D204',2,1,3);
INSERT INTO "room" VALUES(79,'A301',3,1,3);
INSERT INTO "room" VALUES(80,'A302',3,1,3);
INSERT INTO "room" VALUES(81,'A303',3,1,3);
INSERT INTO "room" VALUES(82,'A304',3,1,3);
INSERT INTO "room" VALUES(83,'A305',3,1,3);
INSERT INTO "room" VALUES(84,'A306',3,1,3);
INSERT INTO "room" VALUES(85,'A307',3,1,3);
INSERT INTO "room" VALUES(86,'A308',3,1,3);
INSERT INTO "room" VALUES(87,'A309',3,1,3);
INSERT INTO "room" VALUES(88,'A310',3,1,3);
INSERT INTO "room" VALUES(89,'B301',3,1,3);
INSERT INTO "room" VALUES(90,'B302',3,1,3);
INSERT INTO "room" VALUES(91,'B303',3,1,3);
INSERT INTO "room" VALUES(92,'B304',3,1,3);
INSERT INTO "room" VALUES(93,'B305',3,1,3);
INSERT INTO "room" VALUES(94,'B306',3,1,3);
INSERT INTO "room" VALUES(95,'B307',3,1,3);
INSERT INTO "room" VALUES(96,'A002',0,1,4);
INSERT INTO "room" VALUES(97,'A002',0,1,4);
INSERT INTO "room" VALUES(98,'A003',0,1,4);
INSERT INTO "room" VALUES(99,'A003',0,1,4);
INSERT INTO "room" VALUES(100,'B001',0,1,4);
INSERT INTO "room" VALUES(101,'B002',0,1,4);
INSERT INTO "room" VALUES(102,'B002',0,1,4);
INSERT INTO "room" VALUES(103,'B003',0,1,4);
INSERT INTO "room" VALUES(104,'B003',0,1,4);
INSERT INTO "room" VALUES(105,'c001',0,1,4);
INSERT INTO "room" VALUES(106,'A101',1,1,4);
INSERT INTO "room" VALUES(107,'A101',1,1,4);
INSERT INTO "room" VALUES(108,'A102',1,1,4);
INSERT INTO "room" VALUES(109,'A103',1,1,4);
INSERT INTO "room" VALUES(110,'A104',1,1,4);
INSERT INTO "room" VALUES(111,'A105',1,1,4);
INSERT INTO "room" VALUES(112,'A105',1,1,4);
INSERT INTO "room" VALUES(113,'A106',1,1,4);
INSERT INTO "room" VALUES(114,'A106',1,1,4);
INSERT INTO "room" VALUES(115,'A107',1,1,4);
INSERT INTO "room" VALUES(116,'A108',1,1,4);
INSERT INTO "room" VALUES(117,'A109',1,1,4);
INSERT INTO "room" VALUES(118,'A110',1,1,4);
INSERT INTO "room" VALUES(119,'A111',1,1,4);
INSERT INTO "room" VALUES(120,'B101',1,1,4);
INSERT INTO "room" VALUES(121,'B101',1,1,4);
INSERT INTO "room" VALUES(122,'B102',1,1,4);
INSERT INTO "room" VALUES(123,'B103',1,1,4);
INSERT INTO "room" VALUES(124,'B104',1,1,4);
INSERT INTO "room" VALUES(125,'B105',1,1,4);
INSERT INTO "room" VALUES(126,'B105',1,1,4);
INSERT INTO "room" VALUES(127,'B106',1,1,4);
INSERT INTO "room" VALUES(128,'B106',1,1,4);
INSERT INTO "room" VALUES(129,'B107',1,1,4);
INSERT INTO "room" VALUES(130,'B108',1,1,4);
INSERT INTO "room" VALUES(131,'B109',1,1,4);
INSERT INTO "room" VALUES(132,'B110',1,1,4);
INSERT INTO "room" VALUES(133,'B111',1,1,4);
INSERT INTO "room" VALUES(134,'A201',2,1,4);
INSERT INTO "room" VALUES(135,'A201',2,1,4);
INSERT INTO "room" VALUES(136,'A202',2,1,4);
INSERT INTO "room" VALUES(137,'A203',2,1,4);
INSERT INTO "room" VALUES(138,'A204',2,1,4);
INSERT INTO "room" VALUES(139,'A205',2,1,4);
INSERT INTO "room" VALUES(140,'A205',2,1,4);
INSERT INTO "room" VALUES(141,'A206',2,1,4);
INSERT INTO "room" VALUES(142,'A206',2,1,4);
INSERT INTO "room" VALUES(143,'A207',2,1,4);
INSERT INTO "room" VALUES(144,'A208',2,1,4);
INSERT INTO "room" VALUES(145,'A209',2,1,4);
INSERT INTO "room" VALUES(146,'A210',2,1,4);
INSERT INTO "room" VALUES(147,'A211',2,1,4);
INSERT INTO "room" VALUES(148,'B201',2,1,4);
INSERT INTO "room" VALUES(149,'B201',2,1,4);
INSERT INTO "room" VALUES(150,'B202',2,1,4);
INSERT INTO "room" VALUES(151,'B203',2,1,4);
INSERT INTO "room" VALUES(152,'B204',2,1,4);
INSERT INTO "room" VALUES(153,'B205',2,1,4);
INSERT INTO "room" VALUES(154,'B205',2,1,4);
INSERT INTO "room" VALUES(155,'B206',2,1,4);
INSERT INTO "room" VALUES(156,'B206',2,1,4);
INSERT INTO "room" VALUES(157,'B207',2,1,4);
INSERT INTO "room" VALUES(158,'B208',2,1,4);
INSERT INTO "room" VALUES(159,'B209',2,1,4);
INSERT INTO "room" VALUES(160,'B210',2,1,4);
INSERT INTO "room" VALUES(161,'B211',2,1,4);
INSERT INTO "room" VALUES(162,'A301',3,1,4);
INSERT INTO "room" VALUES(163,'A302',3,1,4);
INSERT INTO "room" VALUES(164,'A303',3,1,4);
INSERT INTO "room" VALUES(165,'A304',3,1,4);
INSERT INTO "room" VALUES(166,'A305',3,1,4);
INSERT INTO "room" VALUES(167,'A306',3,1,4);
INSERT INTO "room" VALUES(168,'A307',3,1,4);
INSERT INTO "room" VALUES(169,'A308',3,1,4);
INSERT INTO "room" VALUES(170,'B301',3,1,4);
INSERT INTO "room" VALUES(171,'B302',3,1,4);
INSERT INTO "room" VALUES(172,'B302',3,1,4);
INSERT INTO "room" VALUES(173,'B303',3,1,4);
INSERT INTO "room" VALUES(174,'B303',3,1,4);
INSERT INTO "room" VALUES(175,'B304',3,1,4);
INSERT INTO "room" VALUES(176,'B304',3,1,4);
INSERT INTO "room" VALUES(177,'01 1',1,1,5);
INSERT INTO "room" VALUES(178,'02 1',1,1,5);
INSERT INTO "room" VALUES(179,'03 1',1,1,5);
INSERT INTO "room" VALUES(180,'04 1',1,1,5);
INSERT INTO "room" VALUES(181,'05 1',1,1,5);
INSERT INTO "room" VALUES(182,'12 1',1,1,5);
INSERT INTO "room" VALUES(183,'13 1',1,1,5);
INSERT INTO "room" VALUES(184,'14 1',1,1,5);
INSERT INTO "room" VALUES(185,'15 1',1,1,5);
INSERT INTO "room" VALUES(186,'16 1',1,1,5);
INSERT INTO "room" VALUES(187,'17 1',1,1,5);
INSERT INTO "room" VALUES(188,'18 1',1,1,5);
INSERT INTO "room" VALUES(189,'01 1',2,1,5);
INSERT INTO "room" VALUES(190,'02 1',2,1,5);
INSERT INTO "room" VALUES(191,'03 1',2,1,5);
INSERT INTO "room" VALUES(192,'04 1',2,1,5);
INSERT INTO "room" VALUES(193,'05 1',2,1,5);
INSERT INTO "room" VALUES(194,'06 1',2,1,5);
INSERT INTO "room" VALUES(195,'07 1',2,1,5);
INSERT INTO "room" VALUES(196,'08 1',2,1,5);
INSERT INTO "room" VALUES(197,'09 1',2,1,5);
INSERT INTO "room" VALUES(198,'10 1',2,1,5);
INSERT INTO "room" VALUES(199,'11 1',2,1,5);
INSERT INTO "room" VALUES(200,'12 1',2,1,5);
INSERT INTO "room" VALUES(201,'13 1',2,1,5);
INSERT INTO "room" VALUES(202,'14 1',2,1,5);
INSERT INTO "room" VALUES(203,'15 1',2,1,5);
INSERT INTO "room" VALUES(204,'16 1',2,1,5);
INSERT INTO "room" VALUES(205,'17 1',2,1,5);
INSERT INTO "room" VALUES(206,'18 1',2,1,5);
INSERT INTO "room" VALUES(207,'01 1',3,1,5);
INSERT INTO "room" VALUES(208,'02 1',3,1,5);
INSERT INTO "room" VALUES(209,'02 2',3,1,5);
INSERT INTO "room" VALUES(210,'02 3',3,1,5);
INSERT INTO "room" VALUES(211,'02 4',3,1,5);
INSERT INTO "room" VALUES(212,'03 1',3,1,5);
INSERT INTO "room" VALUES(213,'03 2',3,1,5);
INSERT INTO "room" VALUES(214,'03 3',3,1,5);
INSERT INTO "room" VALUES(215,'03 4',3,1,5);
INSERT INTO "room" VALUES(216,'03 5',3,1,5);
INSERT INTO "room" VALUES(217,'03 6',3,1,5);
INSERT INTO "room" VALUES(218,'03 7',3,1,5);
INSERT INTO "room" VALUES(219,'03 8',3,1,5);
INSERT INTO "room" VALUES(220,'01 1',1,1,6);
INSERT INTO "room" VALUES(221,'02 1',1,1,6);
INSERT INTO "room" VALUES(222,'03 1',1,1,6);
INSERT INTO "room" VALUES(223,'04 1',1,1,6);
INSERT INTO "room" VALUES(224,'05 1',1,1,6);
INSERT INTO "room" VALUES(225,'06 1',1,1,6);
INSERT INTO "room" VALUES(226,'07 1',1,1,6);
INSERT INTO "room" VALUES(227,'13 1',1,1,6);
INSERT INTO "room" VALUES(228,'01 1',2,1,6);
INSERT INTO "room" VALUES(229,'02 1',2,1,6);
INSERT INTO "room" VALUES(230,'03 1',2,1,6);
INSERT INTO "room" VALUES(231,'04 1',2,1,6);
INSERT INTO "room" VALUES(232,'05 1',2,1,6);
INSERT INTO "room" VALUES(233,'06 1',2,1,6);
INSERT INTO "room" VALUES(234,'07 1',2,1,6);
INSERT INTO "room" VALUES(235,'08 1',2,1,6);
INSERT INTO "room" VALUES(236,'09 1',2,1,6);
INSERT INTO "room" VALUES(237,'10 1',2,1,6);
INSERT INTO "room" VALUES(238,'11 1',2,1,6);
INSERT INTO "room" VALUES(239,'12 1',2,1,6);
INSERT INTO "room" VALUES(240,'13 1',2,1,6);
INSERT INTO "room" VALUES(241,'14 1',2,1,6);
INSERT INTO "room" VALUES(242,'15 1',2,1,6);
INSERT INTO "room" VALUES(243,'16 1',2,1,6);
INSERT INTO "room" VALUES(244,'17 1',2,1,6);
INSERT INTO "room" VALUES(245,'18 1',2,1,6);
INSERT INTO "room" VALUES(246,'01 1',3,1,6);
INSERT INTO "room" VALUES(247,'02 1',3,1,6);
INSERT INTO "room" VALUES(248,'02 2',3,1,6);
INSERT INTO "room" VALUES(249,'03 1',3,1,6);
INSERT INTO "room" VALUES(250,'03 2',3,1,6);
INSERT INTO "room" VALUES(251,'04 1',3,1,6);
INSERT INTO "room" VALUES(252,'04 2',3,1,6);
INSERT INTO "room" VALUES(253,'05 1',3,1,6);
INSERT INTO "room" VALUES(254,'05 2',3,1,6);
INSERT INTO "room" VALUES(255,'06 1',3,1,6);
INSERT INTO "room" VALUES(256,'06 2',3,1,6);
INSERT INTO "room" VALUES(257,'07 1',3,1,6);
INSERT INTO "room" VALUES(258,'07 2',3,1,6);
INSERT INTO "room" VALUES(259,'A001',0,1,2);
INSERT INTO "room" VALUES(260,'A002',0,1,2);
INSERT INTO "room" VALUES(261,'A002',0,1,2);
INSERT INTO "room" VALUES(262,'B001',0,1,2);
INSERT INTO "room" VALUES(263,'B001',0,1,2);
INSERT INTO "room" VALUES(264,'B002',0,1,2);
INSERT INTO "room" VALUES(265,'B002',0,1,2);
INSERT INTO "room" VALUES(266,'A101',1,1,2);
INSERT INTO "room" VALUES(267,'A102',1,1,2);
INSERT INTO "room" VALUES(268,'A102',1,1,2);
INSERT INTO "room" VALUES(269,'A103',1,1,2);
INSERT INTO "room" VALUES(270,'A104',1,1,2);
INSERT INTO "room" VALUES(271,'A104',1,1,2);
INSERT INTO "room" VALUES(272,'A105',1,1,2);
INSERT INTO "room" VALUES(273,'A106',1,1,2);
INSERT INTO "room" VALUES(274,'A107',1,1,2);
INSERT INTO "room" VALUES(275,'A108',1,1,2);
INSERT INTO "room" VALUES(276,'A109',1,1,2);
INSERT INTO "room" VALUES(277,'B101',1,1,2);
INSERT INTO "room" VALUES(278,'B102',1,1,2);
INSERT INTO "room" VALUES(279,'B102',1,1,2);
INSERT INTO "room" VALUES(280,'B103',1,1,2);
INSERT INTO "room" VALUES(281,'B104',1,1,2);
INSERT INTO "room" VALUES(282,'B104',1,1,2);
INSERT INTO "room" VALUES(283,'B105',1,1,2);
INSERT INTO "room" VALUES(284,'B106',1,1,2);
INSERT INTO "room" VALUES(285,'B107',1,1,2);
INSERT INTO "room" VALUES(286,'B108',1,1,2);
INSERT INTO "room" VALUES(287,'B109',1,1,2);
INSERT INTO "room" VALUES(288,'A201',2,1,2);
INSERT INTO "room" VALUES(289,'A202',2,1,2);
INSERT INTO "room" VALUES(290,'A202',2,1,2);
INSERT INTO "room" VALUES(291,'A203',2,1,2);
INSERT INTO "room" VALUES(292,'A204',2,1,2);
INSERT INTO "room" VALUES(293,'A204',2,1,2);
INSERT INTO "room" VALUES(294,'A205',2,1,2);
INSERT INTO "room" VALUES(295,'A206',2,1,2);
INSERT INTO "room" VALUES(296,'A207',2,1,2);
INSERT INTO "room" VALUES(297,'A208',2,1,2);
INSERT INTO "room" VALUES(298,'A209',2,1,2);
INSERT INTO "room" VALUES(299,'B201',2,1,2);
INSERT INTO "room" VALUES(300,'B202',2,1,2);
INSERT INTO "room" VALUES(301,'B202',2,1,2);
INSERT INTO "room" VALUES(302,'B203',2,1,2);
INSERT INTO "room" VALUES(303,'B204',2,1,2);
INSERT INTO "room" VALUES(304,'B204',2,1,2);
INSERT INTO "room" VALUES(305,'B205',2,1,2);
INSERT INTO "room" VALUES(306,'B206',2,1,2);
INSERT INTO "room" VALUES(307,'B207',2,1,2);
INSERT INTO "room" VALUES(308,'B208',2,1,2);
INSERT INTO "room" VALUES(309,'B209',2,1,2);
INSERT INTO "room" VALUES(310,'A301',3,1,2);
INSERT INTO "room" VALUES(311,'A302',3,1,2);
INSERT INTO "room" VALUES(312,'A303',3,1,2);
INSERT INTO "room" VALUES(313,'A304',3,1,2);
INSERT INTO "room" VALUES(314,'A305',3,1,2);
INSERT INTO "room" VALUES(315,'A306',3,1,2);
INSERT INTO "room" VALUES(316,'A307',3,1,2);
INSERT INTO "room" VALUES(317,'B301',3,1,2);
INSERT INTO "room" VALUES(318,'B302',3,1,2);
INSERT INTO "room" VALUES(319,'B303',3,1,2);
INSERT INTO "room" VALUES(320,'B304',3,1,2);
INSERT INTO "room" VALUES(321,'B305',3,1,2);
INSERT INTO "room" VALUES(322,'B306',3,1,2);
INSERT INTO "room" VALUES(323,'B307',3,1,2);
INSERT INTO "room" VALUES(324,'11',10,1,7);
INSERT INTO "room" VALUES(325,'11',1,1,7);
INSERT INTO "room" VALUES(326,'12',1,1,7);
INSERT INTO "room" VALUES(327,'21',1,1,7);
INSERT INTO "room" VALUES(328,'41',1,1,7);
INSERT INTO "room" VALUES(329,'61',1,1,7);
INSERT INTO "room" VALUES(330,'12',10,1,7);
INSERT INTO "room" VALUES(331,'21',10,1,7);
INSERT INTO "room" VALUES(332,'31',10,1,7);
INSERT INTO "room" VALUES(333,'32',10,1,7);
INSERT INTO "room" VALUES(334,'41',10,1,7);
INSERT INTO "room" VALUES(335,'42',10,1,7);
INSERT INTO "room" VALUES(336,'51',10,1,7);
INSERT INTO "room" VALUES(337,'52',10,1,7);
INSERT INTO "room" VALUES(338,'61',10,1,7);
INSERT INTO "room" VALUES(339,'62',10,1,7);
INSERT INTO "room" VALUES(340,'71',10,1,7);
INSERT INTO "room" VALUES(341,'81',10,1,7);
INSERT INTO "room" VALUES(342,'82',10,1,7);
INSERT INTO "room" VALUES(343,'11',11,1,7);
INSERT INTO "room" VALUES(344,'12',11,1,7);
INSERT INTO "room" VALUES(345,'21',11,1,7);
INSERT INTO "room" VALUES(346,'31',11,1,7);
INSERT INTO "room" VALUES(347,'32',11,1,7);
INSERT INTO "room" VALUES(348,'41',11,1,7);
INSERT INTO "room" VALUES(349,'42',11,1,7);
INSERT INTO "room" VALUES(350,'51',11,1,7);
INSERT INTO "room" VALUES(351,'52',11,1,7);
INSERT INTO "room" VALUES(352,'61',11,1,7);
INSERT INTO "room" VALUES(353,'62',11,1,7);
INSERT INTO "room" VALUES(354,'71',11,1,7);
INSERT INTO "room" VALUES(355,'81',11,1,7);
INSERT INTO "room" VALUES(356,'82',11,1,7);
INSERT INTO "room" VALUES(357,'11',12,1,7);
INSERT INTO "room" VALUES(358,'12',12,1,7);
INSERT INTO "room" VALUES(359,'21',12,1,7);
INSERT INTO "room" VALUES(360,'31',12,1,7);
INSERT INTO "room" VALUES(361,'32',12,1,7);
INSERT INTO "room" VALUES(362,'41',12,1,7);
INSERT INTO "room" VALUES(363,'42',12,1,7);
INSERT INTO "room" VALUES(364,'51',12,1,7);
INSERT INTO "room" VALUES(365,'52',12,1,7);
INSERT INTO "room" VALUES(366,'61',12,1,7);
INSERT INTO "room" VALUES(367,'62',12,1,7);
INSERT INTO "room" VALUES(368,'71',12,1,7);
INSERT INTO "room" VALUES(369,'81',12,1,7);
INSERT INTO "room" VALUES(370,'82',12,1,7);
INSERT INTO "room" VALUES(371,'11',13,1,7);
INSERT INTO "room" VALUES(372,'12',13,1,7);
INSERT INTO "room" VALUES(373,'21',13,1,7);
INSERT INTO "room" VALUES(374,'31',13,1,7);
INSERT INTO "room" VALUES(375,'32',13,1,7);
INSERT INTO "room" VALUES(376,'41',13,1,7);
INSERT INTO "room" VALUES(377,'42',13,1,7);
INSERT INTO "room" VALUES(378,'51',13,1,7);
INSERT INTO "room" VALUES(379,'52',13,1,7);
INSERT INTO "room" VALUES(380,'61',13,1,7);
INSERT INTO "room" VALUES(381,'62',13,1,7);
INSERT INTO "room" VALUES(382,'71',13,1,7);
INSERT INTO "room" VALUES(383,'81',13,1,7);
INSERT INTO "room" VALUES(384,'82',13,1,7);
INSERT INTO "room" VALUES(385,'11',14,1,7);
INSERT INTO "room" VALUES(386,'12',14,1,7);
INSERT INTO "room" VALUES(387,'21',14,1,7);
INSERT INTO "room" VALUES(388,'31',14,1,7);
INSERT INTO "room" VALUES(389,'32',14,1,7);
INSERT INTO "room" VALUES(390,'41',14,1,7);
INSERT INTO "room" VALUES(391,'42',14,1,7);
INSERT INTO "room" VALUES(392,'51',14,1,7);
INSERT INTO "room" VALUES(393,'61',14,1,7);
INSERT INTO "room" VALUES(394,'62',14,1,7);
INSERT INTO "room" VALUES(395,'71',14,1,7);
INSERT INTO "room" VALUES(396,'72',14,1,7);
INSERT INTO "room" VALUES(397,'81',14,1,7);
INSERT INTO "room" VALUES(398,'91',14,1,7);
INSERT INTO "room" VALUES(399,'92',14,1,7);
INSERT INTO "room" VALUES(400,'11',15,1,7);
INSERT INTO "room" VALUES(401,'12',15,1,7);
INSERT INTO "room" VALUES(402,'21',15,1,7);
INSERT INTO "room" VALUES(403,'31',15,1,7);
INSERT INTO "room" VALUES(404,'32',15,1,7);
INSERT INTO "room" VALUES(405,'41',15,1,7);
INSERT INTO "room" VALUES(406,'42',15,1,7);
INSERT INTO "room" VALUES(407,'51',15,1,7);
INSERT INTO "room" VALUES(408,'61',15,1,7);
INSERT INTO "room" VALUES(409,'62',15,1,7);
INSERT INTO "room" VALUES(410,'71',15,1,7);
INSERT INTO "room" VALUES(411,'72',15,1,7);
INSERT INTO "room" VALUES(412,'81',15,1,7);
INSERT INTO "room" VALUES(413,'91',15,1,7);
INSERT INTO "room" VALUES(414,'92',15,1,7);
INSERT INTO "room" VALUES(415,'11',2,1,7);
INSERT INTO "room" VALUES(416,'12',2,1,7);
INSERT INTO "room" VALUES(417,'21',2,1,7);
INSERT INTO "room" VALUES(418,'31',2,1,7);
INSERT INTO "room" VALUES(419,'32',2,1,7);
INSERT INTO "room" VALUES(420,'41',2,1,7);
INSERT INTO "room" VALUES(421,'42',2,1,7);
INSERT INTO "room" VALUES(422,'51',2,1,7);
INSERT INTO "room" VALUES(423,'61',2,1,7);
INSERT INTO "room" VALUES(424,'62',2,1,7);
INSERT INTO "room" VALUES(425,'71',2,1,7);
INSERT INTO "room" VALUES(426,'72',2,1,7);
INSERT INTO "room" VALUES(427,'81',2,1,7);
INSERT INTO "room" VALUES(428,'91',2,1,7);
INSERT INTO "room" VALUES(429,'92',2,1,7);
INSERT INTO "room" VALUES(430,'11',3,1,7);
INSERT INTO "room" VALUES(431,'12',3,1,7);
INSERT INTO "room" VALUES(432,'21',3,1,7);
INSERT INTO "room" VALUES(433,'31',3,1,7);
INSERT INTO "room" VALUES(434,'32',3,1,7);
INSERT INTO "room" VALUES(435,'41',3,1,7);
INSERT INTO "room" VALUES(436,'42',3,1,7);
INSERT INTO "room" VALUES(437,'51',3,1,7);
INSERT INTO "room" VALUES(438,'61',3,1,7);
INSERT INTO "room" VALUES(439,'62',3,1,7);
INSERT INTO "room" VALUES(440,'71',3,1,7);
INSERT INTO "room" VALUES(441,'72',3,1,7);
INSERT INTO "room" VALUES(442,'81',3,1,7);
INSERT INTO "room" VALUES(443,'91',3,1,7);
INSERT INTO "room" VALUES(444,'92',3,1,7);
INSERT INTO "room" VALUES(445,'11',4,1,7);
INSERT INTO "room" VALUES(446,'12',4,1,7);
INSERT INTO "room" VALUES(447,'21',4,1,7);
INSERT INTO "room" VALUES(448,'31',4,1,7);
INSERT INTO "room" VALUES(449,'32',4,1,7);
INSERT INTO "room" VALUES(450,'41',4,1,7);
INSERT INTO "room" VALUES(451,'42',4,1,7);
INSERT INTO "room" VALUES(452,'51',4,1,7);
INSERT INTO "room" VALUES(453,'61',4,1,7);
INSERT INTO "room" VALUES(454,'62',4,1,7);
INSERT INTO "room" VALUES(455,'71',4,1,7);
INSERT INTO "room" VALUES(456,'72',4,1,7);
INSERT INTO "room" VALUES(457,'81',4,1,7);
INSERT INTO "room" VALUES(458,'91',4,1,7);
INSERT INTO "room" VALUES(459,'92',4,1,7);
INSERT INTO "room" VALUES(460,'11',5,1,7);
INSERT INTO "room" VALUES(461,'12',5,1,7);
INSERT INTO "room" VALUES(462,'21',5,1,7);
INSERT INTO "room" VALUES(463,'31',5,1,7);
INSERT INTO "room" VALUES(464,'32',5,1,7);
INSERT INTO "room" VALUES(465,'41',5,1,7);
INSERT INTO "room" VALUES(466,'42',5,1,7);
INSERT INTO "room" VALUES(467,'51',5,1,7);
INSERT INTO "room" VALUES(468,'61',5,1,7);
INSERT INTO "room" VALUES(469,'62',5,1,7);
INSERT INTO "room" VALUES(470,'71',5,1,7);
INSERT INTO "room" VALUES(471,'72',5,1,7);
INSERT INTO "room" VALUES(472,'81',5,1,7);
INSERT INTO "room" VALUES(473,'91',5,1,7);
INSERT INTO "room" VALUES(474,'92',5,1,7);
INSERT INTO "room" VALUES(475,'11',6,1,7);
INSERT INTO "room" VALUES(476,'12',6,1,7);
INSERT INTO "room" VALUES(477,'21',6,1,7);
INSERT INTO "room" VALUES(478,'31',6,1,7);
INSERT INTO "room" VALUES(479,'32',6,1,7);
INSERT INTO "room" VALUES(480,'41',6,1,7);
INSERT INTO "room" VALUES(481,'42',6,1,7);
INSERT INTO "room" VALUES(482,'51',6,1,7);
INSERT INTO "room" VALUES(483,'61',6,1,7);
INSERT INTO "room" VALUES(484,'62',6,1,7);
INSERT INTO "room" VALUES(485,'71',6,1,7);
INSERT INTO "room" VALUES(486,'72',6,1,7);
INSERT INTO "room" VALUES(487,'81',6,1,7);
INSERT INTO "room" VALUES(488,'91',6,1,7);
INSERT INTO "room" VALUES(489,'92',6,1,7);
INSERT INTO "room" VALUES(490,'11',7,1,7);
INSERT INTO "room" VALUES(491,'12',7,1,7);
INSERT INTO "room" VALUES(492,'21',7,1,7);
INSERT INTO "room" VALUES(493,'31',7,1,7);
INSERT INTO "room" VALUES(494,'32',7,1,7);
INSERT INTO "room" VALUES(495,'41',7,1,7);
INSERT INTO "room" VALUES(496,'42',7,1,7);
INSERT INTO "room" VALUES(497,'51',7,1,7);
INSERT INTO "room" VALUES(498,'61',7,1,7);
INSERT INTO "room" VALUES(499,'62',7,1,7);
INSERT INTO "room" VALUES(500,'71',7,1,7);
INSERT INTO "room" VALUES(501,'72',7,1,7);
INSERT INTO "room" VALUES(502,'81',7,1,7);
INSERT INTO "room" VALUES(503,'91',7,1,7);
INSERT INTO "room" VALUES(504,'92',7,1,7);
INSERT INTO "room" VALUES(505,'11',8,1,7);
INSERT INTO "room" VALUES(506,'12',8,1,7);
INSERT INTO "room" VALUES(507,'21',8,1,7);
INSERT INTO "room" VALUES(508,'31',8,1,7);
INSERT INTO "room" VALUES(509,'32',8,1,7);
INSERT INTO "room" VALUES(510,'41',8,1,7);
INSERT INTO "room" VALUES(511,'42',8,1,7);
INSERT INTO "room" VALUES(512,'51',8,1,7);
INSERT INTO "room" VALUES(513,'61',8,1,7);
INSERT INTO "room" VALUES(514,'62',8,1,7);
INSERT INTO "room" VALUES(515,'71',8,1,7);
INSERT INTO "room" VALUES(516,'72',8,1,7);
INSERT INTO "room" VALUES(517,'81',8,1,7);
INSERT INTO "room" VALUES(518,'91',8,1,7);
INSERT INTO "room" VALUES(519,'92',8,1,7);
INSERT INTO "room" VALUES(520,'11',9,1,7);
INSERT INTO "room" VALUES(521,'12',9,1,7);
INSERT INTO "room" VALUES(522,'21',9,1,7);
INSERT INTO "room" VALUES(523,'31',9,1,7);
INSERT INTO "room" VALUES(524,'32',9,1,7);
INSERT INTO "room" VALUES(525,'41',9,1,7);
INSERT INTO "room" VALUES(526,'42',9,1,7);
INSERT INTO "room" VALUES(527,'51',9,1,7);
INSERT INTO "room" VALUES(528,'61',9,1,7);
INSERT INTO "room" VALUES(529,'62',9,1,7);
INSERT INTO "room" VALUES(530,'71',9,1,7);
INSERT INTO "room" VALUES(531,'72',9,1,7);
INSERT INTO "room" VALUES(532,'81',9,1,7);
INSERT INTO "room" VALUES(533,'91',9,1,7);
INSERT INTO "room" VALUES(534,'92',9,1,7);
INSERT INTO "room" VALUES(535,'01 1',11,1,8);
INSERT INTO "room" VALUES(536,'01 1',1,1,8);
INSERT INTO "room" VALUES(537,'01 2',1,1,8);
INSERT INTO "room" VALUES(538,'02 1',1,1,8);
INSERT INTO "room" VALUES(539,'02 2',1,1,8);
INSERT INTO "room" VALUES(540,'03 1',1,1,8);
INSERT INTO "room" VALUES(541,'04 1',1,1,8);
INSERT INTO "room" VALUES(542,'04 2',1,1,8);
INSERT INTO "room" VALUES(543,'05 1',1,1,8);
INSERT INTO "room" VALUES(544,'05 2',1,1,8);
INSERT INTO "room" VALUES(545,'06 1',1,1,8);
INSERT INTO "room" VALUES(546,'06 2',1,1,8);
INSERT INTO "room" VALUES(547,'08 1',1,1,8);
INSERT INTO "room" VALUES(548,'08 2',1,1,8);
INSERT INTO "room" VALUES(549,'08 3',1,1,8);
INSERT INTO "room" VALUES(550,'01 1',10,1,8);
INSERT INTO "room" VALUES(551,'02 1',10,1,8);
INSERT INTO "room" VALUES(552,'03 1',10,1,8);
INSERT INTO "room" VALUES(553,'03 2',10,1,8);
INSERT INTO "room" VALUES(554,'04 1',10,1,8);
INSERT INTO "room" VALUES(555,'05 1',10,1,8);
INSERT INTO "room" VALUES(556,'05 2',10,1,8);
INSERT INTO "room" VALUES(557,'06 1',10,1,8);
INSERT INTO "room" VALUES(558,'07 1',10,1,8);
INSERT INTO "room" VALUES(559,'07 2',10,1,8);
INSERT INTO "room" VALUES(560,'08 1',10,1,8);
INSERT INTO "room" VALUES(561,'09 1',10,1,8);
INSERT INTO "room" VALUES(562,'09 2',10,1,8);
INSERT INTO "room" VALUES(563,'10 1',10,1,8);
INSERT INTO "room" VALUES(564,'11 1',10,1,8);
INSERT INTO "room" VALUES(565,'02 1',11,1,8);
INSERT INTO "room" VALUES(566,'03 1',11,1,8);
INSERT INTO "room" VALUES(567,'03 2',11,1,8);
INSERT INTO "room" VALUES(568,'04 1',11,1,8);
INSERT INTO "room" VALUES(569,'05 1',11,1,8);
INSERT INTO "room" VALUES(570,'05 2',11,1,8);
INSERT INTO "room" VALUES(571,'06 1',11,1,8);
INSERT INTO "room" VALUES(572,'07 1',11,1,8);
INSERT INTO "room" VALUES(573,'07 2',11,1,8);
INSERT INTO "room" VALUES(574,'08 1',11,1,8);
INSERT INTO "room" VALUES(575,'09 1',11,1,8);
INSERT INTO "room" VALUES(576,'09 2',11,1,8);
INSERT INTO "room" VALUES(577,'10 1',11,1,8);
INSERT INTO "room" VALUES(578,'11 1',11,1,8);
INSERT INTO "room" VALUES(579,'01 1',12,1,8);
INSERT INTO "room" VALUES(580,'02 1',12,1,8);
INSERT INTO "room" VALUES(581,'03 1',12,1,8);
INSERT INTO "room" VALUES(582,'03 2',12,1,8);
INSERT INTO "room" VALUES(583,'04 1',12,1,8);
INSERT INTO "room" VALUES(584,'05 1',12,1,8);
INSERT INTO "room" VALUES(585,'05 2',12,1,8);
INSERT INTO "room" VALUES(586,'06 1',12,1,8);
INSERT INTO "room" VALUES(587,'07 1',12,1,8);
INSERT INTO "room" VALUES(588,'07 2',12,1,8);
INSERT INTO "room" VALUES(589,'08 1',12,1,8);
INSERT INTO "room" VALUES(590,'09 1',12,1,8);
INSERT INTO "room" VALUES(591,'09 2',12,1,8);
INSERT INTO "room" VALUES(592,'10 1',12,1,8);
INSERT INTO "room" VALUES(593,'11 1',12,1,8);
INSERT INTO "room" VALUES(594,'01 1',13,1,8);
INSERT INTO "room" VALUES(595,'02 1',13,1,8);
INSERT INTO "room" VALUES(596,'03 1',13,1,8);
INSERT INTO "room" VALUES(597,'03 2',13,1,8);
INSERT INTO "room" VALUES(598,'04 1',13,1,8);
INSERT INTO "room" VALUES(599,'05 1',13,1,8);
INSERT INTO "room" VALUES(600,'05 2',13,1,8);
INSERT INTO "room" VALUES(601,'06 1',13,1,8);
INSERT INTO "room" VALUES(602,'07 1',13,1,8);
INSERT INTO "room" VALUES(603,'07 2',13,1,8);
INSERT INTO "room" VALUES(604,'08 1',13,1,8);
INSERT INTO "room" VALUES(605,'09 1',13,1,8);
INSERT INTO "room" VALUES(606,'09 2',13,1,8);
INSERT INTO "room" VALUES(607,'10 1',13,1,8);
INSERT INTO "room" VALUES(608,'11 1',13,1,8);
INSERT INTO "room" VALUES(609,'01 1',14,1,8);
INSERT INTO "room" VALUES(610,'02 1',14,1,8);
INSERT INTO "room" VALUES(611,'03 1',14,1,8);
INSERT INTO "room" VALUES(612,'03 2',14,1,8);
INSERT INTO "room" VALUES(613,'04 1',14,1,8);
INSERT INTO "room" VALUES(614,'05 1',14,1,8);
INSERT INTO "room" VALUES(615,'05 2',14,1,8);
INSERT INTO "room" VALUES(616,'06 1',14,1,8);
INSERT INTO "room" VALUES(617,'07 1',14,1,8);
INSERT INTO "room" VALUES(618,'07 2',14,1,8);
INSERT INTO "room" VALUES(619,'08 1',14,1,8);
INSERT INTO "room" VALUES(620,'09 1',14,1,8);
INSERT INTO "room" VALUES(621,'09 2',14,1,8);
INSERT INTO "room" VALUES(622,'10 1',14,1,8);
INSERT INTO "room" VALUES(623,'11 1',14,1,8);
INSERT INTO "room" VALUES(624,'01 1',15,1,8);
INSERT INTO "room" VALUES(625,'02 1',15,1,8);
INSERT INTO "room" VALUES(626,'03 1',15,1,8);
INSERT INTO "room" VALUES(627,'03 2',15,1,8);
INSERT INTO "room" VALUES(628,'04 1',15,1,8);
INSERT INTO "room" VALUES(629,'05 1',15,1,8);
INSERT INTO "room" VALUES(630,'05 2',15,1,8);
INSERT INTO "room" VALUES(631,'06 1',15,1,8);
INSERT INTO "room" VALUES(632,'07 1',15,1,8);
INSERT INTO "room" VALUES(633,'07 2',15,1,8);
INSERT INTO "room" VALUES(634,'08 1',15,1,8);
INSERT INTO "room" VALUES(635,'09 1',15,1,8);
INSERT INTO "room" VALUES(636,'09 2',15,1,8);
INSERT INTO "room" VALUES(637,'10 1',15,1,8);
INSERT INTO "room" VALUES(638,'11 1',15,1,8);
INSERT INTO "room" VALUES(639,'01 1',2,1,8);
INSERT INTO "room" VALUES(640,'02 1',2,1,8);
INSERT INTO "room" VALUES(641,'03 1',2,1,8);
INSERT INTO "room" VALUES(642,'03 2',2,1,8);
INSERT INTO "room" VALUES(643,'04 1',2,1,8);
INSERT INTO "room" VALUES(644,'05 1',2,1,8);
INSERT INTO "room" VALUES(645,'05 2',2,1,8);
INSERT INTO "room" VALUES(646,'06 1',2,1,8);
INSERT INTO "room" VALUES(647,'07 1',2,1,8);
INSERT INTO "room" VALUES(648,'07 2',2,1,8);
INSERT INTO "room" VALUES(649,'08 1',2,1,8);
INSERT INTO "room" VALUES(650,'09 1',2,1,8);
INSERT INTO "room" VALUES(651,'09 2',2,1,8);
INSERT INTO "room" VALUES(652,'10 1',2,1,8);
INSERT INTO "room" VALUES(653,'11 1',2,1,8);
INSERT INTO "room" VALUES(654,'01 1',3,1,8);
INSERT INTO "room" VALUES(655,'02 1',3,1,8);
INSERT INTO "room" VALUES(656,'03 1',3,1,8);
INSERT INTO "room" VALUES(657,'03 2',3,1,8);
INSERT INTO "room" VALUES(658,'04 1',3,1,8);
INSERT INTO "room" VALUES(659,'05 1',3,1,8);
INSERT INTO "room" VALUES(660,'05 2',3,1,8);
INSERT INTO "room" VALUES(661,'06 1',3,1,8);
INSERT INTO "room" VALUES(662,'07 1',3,1,8);
INSERT INTO "room" VALUES(663,'07 2',3,1,8);
INSERT INTO "room" VALUES(664,'08 1',3,1,8);
INSERT INTO "room" VALUES(665,'09 1',3,1,8);
INSERT INTO "room" VALUES(666,'09 2',3,1,8);
INSERT INTO "room" VALUES(667,'10 1',3,1,8);
INSERT INTO "room" VALUES(668,'11 1',3,1,8);
INSERT INTO "room" VALUES(669,'01 1',4,1,8);
INSERT INTO "room" VALUES(670,'02 1',4,1,8);
INSERT INTO "room" VALUES(671,'03 1',4,1,8);
INSERT INTO "room" VALUES(672,'03 2',4,1,8);
INSERT INTO "room" VALUES(673,'04 1',4,1,8);
INSERT INTO "room" VALUES(674,'05 1',4,1,8);
INSERT INTO "room" VALUES(675,'05 2',4,1,8);
INSERT INTO "room" VALUES(676,'06 1',4,1,8);
INSERT INTO "room" VALUES(677,'07 1',4,1,8);
INSERT INTO "room" VALUES(678,'07 2',4,1,8);
INSERT INTO "room" VALUES(679,'08 1',4,1,8);
INSERT INTO "room" VALUES(680,'09 1',4,1,8);
INSERT INTO "room" VALUES(681,'09 2',4,1,8);
INSERT INTO "room" VALUES(682,'10 1',4,1,8);
INSERT INTO "room" VALUES(683,'11 1',4,1,8);
INSERT INTO "room" VALUES(684,'01 1',5,1,8);
INSERT INTO "room" VALUES(685,'02 1',5,1,8);
INSERT INTO "room" VALUES(686,'03 1',5,1,8);
INSERT INTO "room" VALUES(687,'03 2',5,1,8);
INSERT INTO "room" VALUES(688,'04 1',5,1,8);
INSERT INTO "room" VALUES(689,'05 1',5,1,8);
INSERT INTO "room" VALUES(690,'05 2',5,1,8);
INSERT INTO "room" VALUES(691,'06 1',5,1,8);
INSERT INTO "room" VALUES(692,'07 1',5,1,8);
INSERT INTO "room" VALUES(693,'07 2',5,1,8);
INSERT INTO "room" VALUES(694,'08 1',5,1,8);
INSERT INTO "room" VALUES(695,'09 1',5,1,8);
INSERT INTO "room" VALUES(696,'09 2',5,1,8);
INSERT INTO "room" VALUES(697,'10 1',5,1,8);
INSERT INTO "room" VALUES(698,'11 1',5,1,8);
INSERT INTO "room" VALUES(699,'01 1',6,1,8);
INSERT INTO "room" VALUES(700,'02 1',6,1,8);
INSERT INTO "room" VALUES(701,'03 1',6,1,8);
INSERT INTO "room" VALUES(702,'03 2',6,1,8);
INSERT INTO "room" VALUES(703,'04 1',6,1,8);
INSERT INTO "room" VALUES(704,'05 1',6,1,8);
INSERT INTO "room" VALUES(705,'05 2',6,1,8);
INSERT INTO "room" VALUES(706,'06 1',6,1,8);
INSERT INTO "room" VALUES(707,'07 1',6,1,8);
INSERT INTO "room" VALUES(708,'07 2',6,1,8);
INSERT INTO "room" VALUES(709,'08 1',6,1,8);
INSERT INTO "room" VALUES(710,'09 1',6,1,8);
INSERT INTO "room" VALUES(711,'09 2',6,1,8);
INSERT INTO "room" VALUES(712,'10 1',6,1,8);
INSERT INTO "room" VALUES(713,'11 1',6,1,8);
INSERT INTO "room" VALUES(714,'01 1',7,1,8);
INSERT INTO "room" VALUES(715,'02 1',7,1,8);
INSERT INTO "room" VALUES(716,'03 1',7,1,8);
INSERT INTO "room" VALUES(717,'03 2',7,1,8);
INSERT INTO "room" VALUES(718,'04 1',7,1,8);
INSERT INTO "room" VALUES(719,'05 1',7,1,8);
INSERT INTO "room" VALUES(720,'05 2',7,1,8);
INSERT INTO "room" VALUES(721,'06 1',7,1,8);
INSERT INTO "room" VALUES(722,'07 1',7,1,8);
INSERT INTO "room" VALUES(723,'07 2',7,1,8);
INSERT INTO "room" VALUES(724,'08 1',7,1,8);
INSERT INTO "room" VALUES(725,'09 1',7,1,8);
INSERT INTO "room" VALUES(726,'09 2',7,1,8);
INSERT INTO "room" VALUES(727,'10 1',7,1,8);
INSERT INTO "room" VALUES(728,'11 1',7,1,8);
INSERT INTO "room" VALUES(729,'01 1',8,1,8);
INSERT INTO "room" VALUES(730,'02 1',8,1,8);
INSERT INTO "room" VALUES(731,'03 1',8,1,8);
INSERT INTO "room" VALUES(732,'03 2',8,1,8);
INSERT INTO "room" VALUES(733,'04 1',8,1,8);
INSERT INTO "room" VALUES(734,'05 1',8,1,8);
INSERT INTO "room" VALUES(735,'05 2',8,1,8);
INSERT INTO "room" VALUES(736,'06 1',8,1,8);
INSERT INTO "room" VALUES(737,'07 1',8,1,8);
INSERT INTO "room" VALUES(738,'07 2',8,1,8);
INSERT INTO "room" VALUES(739,'08 1',8,1,8);
INSERT INTO "room" VALUES(740,'09 1',8,1,8);
INSERT INTO "room" VALUES(741,'09 2',8,1,8);
INSERT INTO "room" VALUES(742,'10 1',8,1,8);
INSERT INTO "room" VALUES(743,'11 1',8,1,8);
INSERT INTO "room" VALUES(744,'01 1',9,1,8);
INSERT INTO "room" VALUES(745,'02 1',9,1,8);
INSERT INTO "room" VALUES(746,'03 1',9,1,8);
INSERT INTO "room" VALUES(747,'03 2',9,1,8);
INSERT INTO "room" VALUES(748,'04 1',9,1,8);
INSERT INTO "room" VALUES(749,'05 1',9,1,8);
INSERT INTO "room" VALUES(750,'05 2',9,1,8);
INSERT INTO "room" VALUES(751,'06 1',9,1,8);
INSERT INTO "room" VALUES(752,'07 1',9,1,8);
INSERT INTO "room" VALUES(753,'07 2',9,1,8);
INSERT INTO "room" VALUES(754,'08 1',9,1,8);
INSERT INTO "room" VALUES(755,'09 1',9,1,8);
INSERT INTO "room" VALUES(756,'09 2',9,1,8);
INSERT INTO "room" VALUES(757,'10 1',9,1,8);
INSERT INTO "room" VALUES(758,'11 1',9,1,8);
INSERT INTO "room" VALUES(759,'21',0,1,9);
INSERT INTO "room" VALUES(760,'41',0,1,9);
INSERT INTO "room" VALUES(761,'51',0,1,9);
INSERT INTO "room" VALUES(762,'83',0,1,9);
INSERT INTO "room" VALUES(763,'11',1,1,9);
INSERT INTO "room" VALUES(764,'13',1,1,9);
INSERT INTO "room" VALUES(765,'14',1,1,9);
INSERT INTO "room" VALUES(766,'30',1,1,9);
INSERT INTO "room" VALUES(767,'41',1,1,9);
INSERT INTO "room" VALUES(768,'42',1,1,9);
INSERT INTO "room" VALUES(769,'43',1,1,9);
INSERT INTO "room" VALUES(770,'44',1,1,9);
INSERT INTO "room" VALUES(771,'45',1,1,9);
INSERT INTO "room" VALUES(772,'11',10,1,9);
INSERT INTO "room" VALUES(773,'21',10,1,9);
INSERT INTO "room" VALUES(774,'22',10,1,9);
INSERT INTO "room" VALUES(775,'23',10,1,9);
INSERT INTO "room" VALUES(776,'31',10,1,9);
INSERT INTO "room" VALUES(777,'41',10,1,9);
INSERT INTO "room" VALUES(778,'42',10,1,9);
INSERT INTO "room" VALUES(779,'43',10,1,9);
INSERT INTO "room" VALUES(780,'44',10,1,9);
INSERT INTO "room" VALUES(781,'45',10,1,9);
INSERT INTO "room" VALUES(782,'51',10,1,9);
INSERT INTO "room" VALUES(783,'61',10,1,9);
INSERT INTO "room" VALUES(784,'62',10,1,9);
INSERT INTO "room" VALUES(785,'63',10,1,9);
INSERT INTO "room" VALUES(786,'71',10,1,9);
INSERT INTO "room" VALUES(787,'11',11,1,9);
INSERT INTO "room" VALUES(788,'21',11,1,9);
INSERT INTO "room" VALUES(789,'22',11,1,9);
INSERT INTO "room" VALUES(790,'23',11,1,9);
INSERT INTO "room" VALUES(791,'31',11,1,9);
INSERT INTO "room" VALUES(792,'41',11,1,9);
INSERT INTO "room" VALUES(793,'42',11,1,9);
INSERT INTO "room" VALUES(794,'43',11,1,9);
INSERT INTO "room" VALUES(795,'44',11,1,9);
INSERT INTO "room" VALUES(796,'45',11,1,9);
INSERT INTO "room" VALUES(797,'51',11,1,9);
INSERT INTO "room" VALUES(798,'61',11,1,9);
INSERT INTO "room" VALUES(799,'62',11,1,9);
INSERT INTO "room" VALUES(800,'63',11,1,9);
INSERT INTO "room" VALUES(801,'71',11,1,9);
INSERT INTO "room" VALUES(802,'11',12,1,9);
INSERT INTO "room" VALUES(803,'21',12,1,9);
INSERT INTO "room" VALUES(804,'22',12,1,9);
INSERT INTO "room" VALUES(805,'23',12,1,9);
INSERT INTO "room" VALUES(806,'31',12,1,9);
INSERT INTO "room" VALUES(807,'41',12,1,9);
INSERT INTO "room" VALUES(808,'42',12,1,9);
INSERT INTO "room" VALUES(809,'43',12,1,9);
INSERT INTO "room" VALUES(810,'44',12,1,9);
INSERT INTO "room" VALUES(811,'45',12,1,9);
INSERT INTO "room" VALUES(812,'51',12,1,9);
INSERT INTO "room" VALUES(813,'61',12,1,9);
INSERT INTO "room" VALUES(814,'62',12,1,9);
INSERT INTO "room" VALUES(815,'63',12,1,9);
INSERT INTO "room" VALUES(816,'71',12,1,9);
INSERT INTO "room" VALUES(817,'11',13,1,9);
INSERT INTO "room" VALUES(818,'21',13,1,9);
INSERT INTO "room" VALUES(819,'22',13,1,9);
INSERT INTO "room" VALUES(820,'23',13,1,9);
INSERT INTO "room" VALUES(821,'31',13,1,9);
INSERT INTO "room" VALUES(822,'41',13,1,9);
INSERT INTO "room" VALUES(823,'42',13,1,9);
INSERT INTO "room" VALUES(824,'43',13,1,9);
INSERT INTO "room" VALUES(825,'44',13,1,9);
INSERT INTO "room" VALUES(826,'45',13,1,9);
INSERT INTO "room" VALUES(827,'51',13,1,9);
INSERT INTO "room" VALUES(828,'61',13,1,9);
INSERT INTO "room" VALUES(829,'62',13,1,9);
INSERT INTO "room" VALUES(830,'63',13,1,9);
INSERT INTO "room" VALUES(831,'71',13,1,9);
INSERT INTO "room" VALUES(832,'11',14,1,9);
INSERT INTO "room" VALUES(833,'21',14,1,9);
INSERT INTO "room" VALUES(834,'22',14,1,9);
INSERT INTO "room" VALUES(835,'23',14,1,9);
INSERT INTO "room" VALUES(836,'31',14,1,9);
INSERT INTO "room" VALUES(837,'41',14,1,9);
INSERT INTO "room" VALUES(838,'42',14,1,9);
INSERT INTO "room" VALUES(839,'43',14,1,9);
INSERT INTO "room" VALUES(840,'44',14,1,9);
INSERT INTO "room" VALUES(841,'45',14,1,9);
INSERT INTO "room" VALUES(842,'51',14,1,9);
INSERT INTO "room" VALUES(843,'61',14,1,9);
INSERT INTO "room" VALUES(844,'62',14,1,9);
INSERT INTO "room" VALUES(845,'63',14,1,9);
INSERT INTO "room" VALUES(846,'71',14,1,9);
INSERT INTO "room" VALUES(847,'11',15,1,9);
INSERT INTO "room" VALUES(848,'21',15,1,9);
INSERT INTO "room" VALUES(849,'22',15,1,9);
INSERT INTO "room" VALUES(850,'23',15,1,9);
INSERT INTO "room" VALUES(851,'31',15,1,9);
INSERT INTO "room" VALUES(852,'41',15,1,9);
INSERT INTO "room" VALUES(853,'42',15,1,9);
INSERT INTO "room" VALUES(854,'43',15,1,9);
INSERT INTO "room" VALUES(855,'44',15,1,9);
INSERT INTO "room" VALUES(856,'45',15,1,9);
INSERT INTO "room" VALUES(857,'51',15,1,9);
INSERT INTO "room" VALUES(858,'61',15,1,9);
INSERT INTO "room" VALUES(859,'62',15,1,9);
INSERT INTO "room" VALUES(860,'63',15,1,9);
INSERT INTO "room" VALUES(861,'71',15,1,9);
INSERT INTO "room" VALUES(862,'11',16,1,9);
INSERT INTO "room" VALUES(863,'12',16,1,9);
INSERT INTO "room" VALUES(864,'13',16,1,9);
INSERT INTO "room" VALUES(865,'14',16,1,9);
INSERT INTO "room" VALUES(866,'15',16,1,9);
INSERT INTO "room" VALUES(867,'11',2,1,9);
INSERT INTO "room" VALUES(868,'21',2,1,9);
INSERT INTO "room" VALUES(869,'22',2,1,9);
INSERT INTO "room" VALUES(870,'23',2,1,9);
INSERT INTO "room" VALUES(871,'31',2,1,9);
INSERT INTO "room" VALUES(872,'41',2,1,9);
INSERT INTO "room" VALUES(873,'42',2,1,9);
INSERT INTO "room" VALUES(874,'43',2,1,9);
INSERT INTO "room" VALUES(875,'44',2,1,9);
INSERT INTO "room" VALUES(876,'45',2,1,9);
INSERT INTO "room" VALUES(877,'51',2,1,9);
INSERT INTO "room" VALUES(878,'61',2,1,9);
INSERT INTO "room" VALUES(879,'62',2,1,9);
INSERT INTO "room" VALUES(880,'63',2,1,9);
INSERT INTO "room" VALUES(881,'71',2,1,9);
INSERT INTO "room" VALUES(882,'11',3,1,9);
INSERT INTO "room" VALUES(883,'21',3,1,9);
INSERT INTO "room" VALUES(884,'22',3,1,9);
INSERT INTO "room" VALUES(885,'23',3,1,9);
INSERT INTO "room" VALUES(886,'31',3,1,9);
INSERT INTO "room" VALUES(887,'41',3,1,9);
INSERT INTO "room" VALUES(888,'42',3,1,9);
INSERT INTO "room" VALUES(889,'43',3,1,9);
INSERT INTO "room" VALUES(890,'44',3,1,9);
INSERT INTO "room" VALUES(891,'45',3,1,9);
INSERT INTO "room" VALUES(892,'51',3,1,9);
INSERT INTO "room" VALUES(893,'61',3,1,9);
INSERT INTO "room" VALUES(894,'62',3,1,9);
INSERT INTO "room" VALUES(895,'63',3,1,9);
INSERT INTO "room" VALUES(896,'71',3,1,9);
INSERT INTO "room" VALUES(897,'11',4,1,9);
INSERT INTO "room" VALUES(898,'21',4,1,9);
INSERT INTO "room" VALUES(899,'22',4,1,9);
INSERT INTO "room" VALUES(900,'23',4,1,9);
INSERT INTO "room" VALUES(901,'31',4,1,9);
INSERT INTO "room" VALUES(902,'41',4,1,9);
INSERT INTO "room" VALUES(903,'42',4,1,9);
INSERT INTO "room" VALUES(904,'43',4,1,9);
INSERT INTO "room" VALUES(905,'44',4,1,9);
INSERT INTO "room" VALUES(906,'45',4,1,9);
INSERT INTO "room" VALUES(907,'51',4,1,9);
INSERT INTO "room" VALUES(908,'61',4,1,9);
INSERT INTO "room" VALUES(909,'62',4,1,9);
INSERT INTO "room" VALUES(910,'63',4,1,9);
INSERT INTO "room" VALUES(911,'71',4,1,9);
INSERT INTO "room" VALUES(912,'11',5,1,9);
INSERT INTO "room" VALUES(913,'21',5,1,9);
INSERT INTO "room" VALUES(914,'22',5,1,9);
INSERT INTO "room" VALUES(915,'23',5,1,9);
INSERT INTO "room" VALUES(916,'31',5,1,9);
INSERT INTO "room" VALUES(917,'41',5,1,9);
INSERT INTO "room" VALUES(918,'42',5,1,9);
INSERT INTO "room" VALUES(919,'43',5,1,9);
INSERT INTO "room" VALUES(920,'44',5,1,9);
INSERT INTO "room" VALUES(921,'45',5,1,9);
INSERT INTO "room" VALUES(922,'51',5,1,9);
INSERT INTO "room" VALUES(923,'61',5,1,9);
INSERT INTO "room" VALUES(924,'62',5,1,9);
INSERT INTO "room" VALUES(925,'63',5,1,9);
INSERT INTO "room" VALUES(926,'71',5,1,9);
INSERT INTO "room" VALUES(927,'11',6,1,9);
INSERT INTO "room" VALUES(928,'21',6,1,9);
INSERT INTO "room" VALUES(929,'22',6,1,9);
INSERT INTO "room" VALUES(930,'23',6,1,9);
INSERT INTO "room" VALUES(931,'31',6,1,9);
INSERT INTO "room" VALUES(932,'41',6,1,9);
INSERT INTO "room" VALUES(933,'42',6,1,9);
INSERT INTO "room" VALUES(934,'43',6,1,9);
INSERT INTO "room" VALUES(935,'44',6,1,9);
INSERT INTO "room" VALUES(936,'45',6,1,9);
INSERT INTO "room" VALUES(937,'51',6,1,9);
INSERT INTO "room" VALUES(938,'61',6,1,9);
INSERT INTO "room" VALUES(939,'62',6,1,9);
INSERT INTO "room" VALUES(940,'63',6,1,9);
INSERT INTO "room" VALUES(941,'71',6,1,9);
INSERT INTO "room" VALUES(942,'11',7,1,9);
INSERT INTO "room" VALUES(943,'21',7,1,9);
INSERT INTO "room" VALUES(944,'22',7,1,9);
INSERT INTO "room" VALUES(945,'23',7,1,9);
INSERT INTO "room" VALUES(946,'31',7,1,9);
INSERT INTO "room" VALUES(947,'41',7,1,9);
INSERT INTO "room" VALUES(948,'42',7,1,9);
INSERT INTO "room" VALUES(949,'43',7,1,9);
INSERT INTO "room" VALUES(950,'44',7,1,9);
INSERT INTO "room" VALUES(951,'45',7,1,9);
INSERT INTO "room" VALUES(952,'51',7,1,9);
INSERT INTO "room" VALUES(953,'61',7,1,9);
INSERT INTO "room" VALUES(954,'62',7,1,9);
INSERT INTO "room" VALUES(955,'63',7,1,9);
INSERT INTO "room" VALUES(956,'71',7,1,9);
INSERT INTO "room" VALUES(957,'11',8,1,9);
INSERT INTO "room" VALUES(958,'21',8,1,9);
INSERT INTO "room" VALUES(959,'22',8,1,9);
INSERT INTO "room" VALUES(960,'23',8,1,9);
INSERT INTO "room" VALUES(961,'31',8,1,9);
INSERT INTO "room" VALUES(962,'41',8,1,9);
INSERT INTO "room" VALUES(963,'42',8,1,9);
INSERT INTO "room" VALUES(964,'43',8,1,9);
INSERT INTO "room" VALUES(965,'44',8,1,9);
INSERT INTO "room" VALUES(966,'45',8,1,9);
INSERT INTO "room" VALUES(967,'51',8,1,9);
INSERT INTO "room" VALUES(968,'61',8,1,9);
INSERT INTO "room" VALUES(969,'62',8,1,9);
INSERT INTO "room" VALUES(970,'63',8,1,9);
INSERT INTO "room" VALUES(971,'71',8,1,9);
INSERT INTO "room" VALUES(972,'11',9,1,9);
INSERT INTO "room" VALUES(973,'21',9,1,9);
INSERT INTO "room" VALUES(974,'22',9,1,9);
INSERT INTO "room" VALUES(975,'23',9,1,9);
INSERT INTO "room" VALUES(976,'31',9,1,9);
INSERT INTO "room" VALUES(977,'41',9,1,9);
INSERT INTO "room" VALUES(978,'42',9,1,9);
INSERT INTO "room" VALUES(979,'43',9,1,9);
INSERT INTO "room" VALUES(980,'44',9,1,9);
INSERT INTO "room" VALUES(981,'45',9,1,9);
INSERT INTO "room" VALUES(982,'51',9,1,9);
INSERT INTO "room" VALUES(983,'61',9,1,9);
INSERT INTO "room" VALUES(984,'62',9,1,9);
INSERT INTO "room" VALUES(985,'63',9,1,9);
INSERT INTO "room" VALUES(986,'71',9,1,9);
INSERT INTO "room" VALUES(987,'11',8,1,10);
INSERT INTO "room" VALUES(988,'11',1,1,10);
INSERT INTO "room" VALUES(989,'12',1,1,10);
INSERT INTO "room" VALUES(990,'21',1,1,10);
INSERT INTO "room" VALUES(991,'22',1,1,10);
INSERT INTO "room" VALUES(992,'31',1,1,10);
INSERT INTO "room" VALUES(993,'41',1,1,10);
INSERT INTO "room" VALUES(994,'41',1,1,10);
INSERT INTO "room" VALUES(995,'41',1,1,10);
INSERT INTO "room" VALUES(996,'51',1,1,10);
INSERT INTO "room" VALUES(997,'61',1,1,10);
INSERT INTO "room" VALUES(998,'71',1,1,10);
INSERT INTO "room" VALUES(999,'72',1,1,10);
INSERT INTO "room" VALUES(1000,'80',1,1,10);
INSERT INTO "room" VALUES(1001,'11',2,1,10);
INSERT INTO "room" VALUES(1002,'12',2,1,10);
INSERT INTO "room" VALUES(1003,'13',2,1,10);
INSERT INTO "room" VALUES(1004,'14',2,1,10);
INSERT INTO "room" VALUES(1005,'21',2,1,10);
INSERT INTO "room" VALUES(1006,'22',2,1,10);
INSERT INTO "room" VALUES(1007,'31',2,1,10);
INSERT INTO "room" VALUES(1008,'32',2,1,10);
INSERT INTO "room" VALUES(1009,'33',2,1,10);
INSERT INTO "room" VALUES(1010,'41',2,1,10);
INSERT INTO "room" VALUES(1011,'42',2,1,10);
INSERT INTO "room" VALUES(1012,'43',2,1,10);
INSERT INTO "room" VALUES(1013,'44',2,1,10);
INSERT INTO "room" VALUES(1014,'11',3,1,10);
INSERT INTO "room" VALUES(1015,'21',3,1,10);
INSERT INTO "room" VALUES(1016,'22',3,1,10);
INSERT INTO "room" VALUES(1017,'23',3,1,10);
INSERT INTO "room" VALUES(1018,'31',3,1,10);
INSERT INTO "room" VALUES(1019,'41',3,1,10);
INSERT INTO "room" VALUES(1020,'42',3,1,10);
INSERT INTO "room" VALUES(1021,'51',3,1,10);
INSERT INTO "room" VALUES(1022,'52',3,1,10);
INSERT INTO "room" VALUES(1023,'53',3,1,10);
INSERT INTO "room" VALUES(1024,'61',3,1,10);
INSERT INTO "room" VALUES(1025,'71',3,1,10);
INSERT INTO "room" VALUES(1026,'72',3,1,10);
INSERT INTO "room" VALUES(1027,'73',3,1,10);
INSERT INTO "room" VALUES(1028,'81',3,1,10);
INSERT INTO "room" VALUES(1029,'11',4,1,10);
INSERT INTO "room" VALUES(1030,'12',4,1,10);
INSERT INTO "room" VALUES(1031,'13',4,1,10);
INSERT INTO "room" VALUES(1032,'14',4,1,10);
INSERT INTO "room" VALUES(1033,'21',4,1,10);
INSERT INTO "room" VALUES(1034,'22',4,1,10);
INSERT INTO "room" VALUES(1035,'31',4,1,10);
INSERT INTO "room" VALUES(1036,'32',4,1,10);
INSERT INTO "room" VALUES(1037,'33',4,1,10);
INSERT INTO "room" VALUES(1038,'41',4,1,10);
INSERT INTO "room" VALUES(1039,'42',4,1,10);
INSERT INTO "room" VALUES(1040,'43',4,1,10);
INSERT INTO "room" VALUES(1041,'44',4,1,10);
INSERT INTO "room" VALUES(1042,'11',5,1,10);
INSERT INTO "room" VALUES(1043,'21',5,1,10);
INSERT INTO "room" VALUES(1044,'22',5,1,10);
INSERT INTO "room" VALUES(1045,'23',5,1,10);
INSERT INTO "room" VALUES(1046,'31',5,1,10);
INSERT INTO "room" VALUES(1047,'41',5,1,10);
INSERT INTO "room" VALUES(1048,'42',5,1,10);
INSERT INTO "room" VALUES(1049,'51',5,1,10);
INSERT INTO "room" VALUES(1050,'52',5,1,10);
INSERT INTO "room" VALUES(1051,'53',5,1,10);
INSERT INTO "room" VALUES(1052,'61',5,1,10);
INSERT INTO "room" VALUES(1053,'71',5,1,10);
INSERT INTO "room" VALUES(1054,'72',5,1,10);
INSERT INTO "room" VALUES(1055,'73',5,1,10);
INSERT INTO "room" VALUES(1056,'81',5,1,10);
INSERT INTO "room" VALUES(1057,'11',6,1,10);
INSERT INTO "room" VALUES(1058,'12',6,1,10);
INSERT INTO "room" VALUES(1059,'13',6,1,10);
INSERT INTO "room" VALUES(1060,'14',6,1,10);
INSERT INTO "room" VALUES(1061,'21',6,1,10);
INSERT INTO "room" VALUES(1062,'22',6,1,10);
INSERT INTO "room" VALUES(1063,'31',6,1,10);
INSERT INTO "room" VALUES(1064,'32',6,1,10);
INSERT INTO "room" VALUES(1065,'33',6,1,10);
INSERT INTO "room" VALUES(1066,'41',6,1,10);
INSERT INTO "room" VALUES(1067,'42',6,1,10);
INSERT INTO "room" VALUES(1068,'43',6,1,10);
INSERT INTO "room" VALUES(1069,'44',6,1,10);
INSERT INTO "room" VALUES(1070,'11',7,1,10);
INSERT INTO "room" VALUES(1071,'21',7,1,10);
INSERT INTO "room" VALUES(1072,'22',7,1,10);
INSERT INTO "room" VALUES(1073,'23',7,1,10);
INSERT INTO "room" VALUES(1074,'31',7,1,10);
INSERT INTO "room" VALUES(1075,'41',7,1,10);
INSERT INTO "room" VALUES(1076,'42',7,1,10);
INSERT INTO "room" VALUES(1077,'51',7,1,10);
INSERT INTO "room" VALUES(1078,'52',7,1,10);
INSERT INTO "room" VALUES(1079,'53',7,1,10);
INSERT INTO "room" VALUES(1080,'61',7,1,10);
INSERT INTO "room" VALUES(1081,'71',7,1,10);
INSERT INTO "room" VALUES(1082,'72',7,1,10);
INSERT INTO "room" VALUES(1083,'73',7,1,10);
INSERT INTO "room" VALUES(1084,'81',7,1,10);
INSERT INTO "room" VALUES(1085,'12',8,1,10);
INSERT INTO "room" VALUES(1086,'13',8,1,10);
INSERT INTO "room" VALUES(1087,'14',8,1,10);
INSERT INTO "room" VALUES(1088,'21',8,1,10);
INSERT INTO "room" VALUES(1089,'22',8,1,10);
INSERT INTO "room" VALUES(1090,'31',8,1,10);
INSERT INTO "room" VALUES(1091,'32',8,1,10);
INSERT INTO "room" VALUES(1092,'33',8,1,10);
INSERT INTO "room" VALUES(1093,'41',8,1,10);
INSERT INTO "room" VALUES(1094,'42',8,1,10);
INSERT INTO "room" VALUES(1095,'43',8,1,10);
INSERT INTO "room" VALUES(1096,'44',8,1,10);
INSERT INTO "room" VALUES(1097,'11',9,1,10);
INSERT INTO "room" VALUES(1098,'21',9,1,10);
INSERT INTO "room" VALUES(1099,'22',9,1,10);
INSERT INTO "room" VALUES(1100,'23',9,1,10);
INSERT INTO "room" VALUES(1101,'31',9,1,10);
INSERT INTO "room" VALUES(1102,'41',9,1,10);
INSERT INTO "room" VALUES(1103,'42',9,1,10);
INSERT INTO "room" VALUES(1104,'51',9,1,10);
INSERT INTO "room" VALUES(1105,'52',9,1,10);
INSERT INTO "room" VALUES(1106,'53',9,1,10);
INSERT INTO "room" VALUES(1107,'61',9,1,10);
INSERT INTO "room" VALUES(1108,'71',9,1,10);
INSERT INTO "room" VALUES(1109,'72',9,1,10);
INSERT INTO "room" VALUES(1110,'73',9,1,10);
INSERT INTO "room" VALUES(1111,'81',9,1,10);
INSERT INTO "room" VALUES(1112,'11',10,1,10);
INSERT INTO "room" VALUES(1113,'12',10,1,10);
INSERT INTO "room" VALUES(1114,'13',10,1,10);
INSERT INTO "room" VALUES(1115,'14',10,1,10);
INSERT INTO "room" VALUES(1116,'21',10,1,10);
INSERT INTO "room" VALUES(1117,'22',10,1,10);
INSERT INTO "room" VALUES(1118,'31',10,1,10);
INSERT INTO "room" VALUES(1119,'32',10,1,10);
INSERT INTO "room" VALUES(1120,'33',10,1,10);
INSERT INTO "room" VALUES(1121,'41',10,1,10);
INSERT INTO "room" VALUES(1122,'42',10,1,10);
INSERT INTO "room" VALUES(1123,'43',10,1,10);
INSERT INTO "room" VALUES(1124,'44',10,1,10);
INSERT INTO "room" VALUES(1125,'11',11,1,10);
INSERT INTO "room" VALUES(1126,'21',11,1,10);
INSERT INTO "room" VALUES(1127,'22',11,1,10);
INSERT INTO "room" VALUES(1128,'23',11,1,10);
INSERT INTO "room" VALUES(1129,'31',11,1,10);
INSERT INTO "room" VALUES(1130,'41',11,1,10);
INSERT INTO "room" VALUES(1131,'42',11,1,10);
INSERT INTO "room" VALUES(1132,'51',11,1,10);
INSERT INTO "room" VALUES(1133,'52',11,1,10);
INSERT INTO "room" VALUES(1134,'53',11,1,10);
INSERT INTO "room" VALUES(1135,'61',11,1,10);
INSERT INTO "room" VALUES(1136,'71',11,1,10);
INSERT INTO "room" VALUES(1137,'72',11,1,10);
INSERT INTO "room" VALUES(1138,'73',11,1,10);
INSERT INTO "room" VALUES(1139,'81',11,1,10);
INSERT INTO "room" VALUES(1140,'11',12,1,10);
INSERT INTO "room" VALUES(1141,'12',12,1,10);
INSERT INTO "room" VALUES(1142,'13',12,1,10);
INSERT INTO "room" VALUES(1143,'14',12,1,10);
INSERT INTO "room" VALUES(1144,'21',12,1,10);
INSERT INTO "room" VALUES(1145,'22',12,1,10);
INSERT INTO "room" VALUES(1146,'31',12,1,10);
INSERT INTO "room" VALUES(1147,'32',12,1,10);
INSERT INTO "room" VALUES(1148,'33',12,1,10);
INSERT INTO "room" VALUES(1149,'41',12,1,10);
INSERT INTO "room" VALUES(1150,'42',12,1,10);
INSERT INTO "room" VALUES(1151,'43',12,1,10);
INSERT INTO "room" VALUES(1152,'44',12,1,10);
INSERT INTO "room" VALUES(1153,'11',13,1,10);
INSERT INTO "room" VALUES(1154,'21',13,1,10);
INSERT INTO "room" VALUES(1155,'22',13,1,10);
INSERT INTO "room" VALUES(1156,'23',13,1,10);
INSERT INTO "room" VALUES(1157,'31',13,1,10);
INSERT INTO "room" VALUES(1158,'41',13,1,10);
INSERT INTO "room" VALUES(1159,'42',13,1,10);
INSERT INTO "room" VALUES(1160,'51',13,1,10);
INSERT INTO "room" VALUES(1161,'52',13,1,10);
INSERT INTO "room" VALUES(1162,'53',13,1,10);
INSERT INTO "room" VALUES(1163,'61',13,1,10);
INSERT INTO "room" VALUES(1164,'71',13,1,10);
INSERT INTO "room" VALUES(1165,'72',13,1,10);
INSERT INTO "room" VALUES(1166,'73',13,1,10);
INSERT INTO "room" VALUES(1167,'81',13,1,10);
INSERT INTO "room" VALUES(1168,'11',14,1,10);
INSERT INTO "room" VALUES(1169,'12',14,1,10);
INSERT INTO "room" VALUES(1170,'13',14,1,10);
INSERT INTO "room" VALUES(1171,'14',14,1,10);
INSERT INTO "room" VALUES(1172,'21',14,1,10);
INSERT INTO "room" VALUES(1173,'22',14,1,10);
INSERT INTO "room" VALUES(1174,'31',14,1,10);
INSERT INTO "room" VALUES(1175,'32',14,1,10);
INSERT INTO "room" VALUES(1176,'33',14,1,10);
INSERT INTO "room" VALUES(1177,'41',14,1,10);
INSERT INTO "room" VALUES(1178,'42',14,1,10);
INSERT INTO "room" VALUES(1179,'43',14,1,10);
INSERT INTO "room" VALUES(1180,'44',14,1,10);
INSERT INTO "room" VALUES(1181,'45',14,1,10);
INSERT INTO "room" VALUES(1182,'11',15,1,10);
INSERT INTO "room" VALUES(1183,'21',15,1,10);
INSERT INTO "room" VALUES(1184,'22',15,1,10);
INSERT INTO "room" VALUES(1185,'23',15,1,10);
INSERT INTO "room" VALUES(1186,'31',15,1,10);
INSERT INTO "room" VALUES(1187,'41',15,1,10);
INSERT INTO "room" VALUES(1188,'42',15,1,10);
INSERT INTO "room" VALUES(1189,'51',15,1,10);
INSERT INTO "room" VALUES(1190,'52',15,1,10);
INSERT INTO "room" VALUES(1191,'53',15,1,10);
INSERT INTO "room" VALUES(1192,'61',15,1,10);
INSERT INTO "room" VALUES(1193,'71',15,1,10);
INSERT INTO "room" VALUES(1194,'72',15,1,10);
INSERT INTO "room" VALUES(1195,'73',15,1,10);
INSERT INTO "room" VALUES(1196,'81',15,1,10);
INSERT INTO "room" VALUES(1197,'11',16,1,10);
INSERT INTO "room" VALUES(1198,'12',16,1,10);
INSERT INTO "room" VALUES(1199,'13',16,1,10);
INSERT INTO "room" VALUES(1200,'14',16,1,10);
INSERT INTO "room" VALUES(1201,'15',16,1,10);
INSERT INTO "room" VALUES(1202,'16',16,1,10);
INSERT INTO "room" VALUES(1203,'MR',0,1,1);
INSERT INTO "room" VALUES(1204,'11',1,1,1);
INSERT INTO "room" VALUES(1205,'12',1,1,1);
INSERT INTO "room" VALUES(1206,'13',1,1,1);
INSERT INTO "room" VALUES(1207,'14',1,1,1);
INSERT INTO "room" VALUES(1208,'15',1,1,1);
INSERT INTO "room" VALUES(1209,'16',1,1,1);
INSERT INTO "room" VALUES(1210,'21',1,1,1);
INSERT INTO "room" VALUES(1211,'22',1,1,1);
INSERT INTO "room" VALUES(1212,'41',1,1,1);
INSERT INTO "room" VALUES(1213,'PR',1,1,1);
INSERT INTO "room" VALUES(1214,'PR',1,1,1);
INSERT INTO "room" VALUES(1215,'11',10,1,1);
INSERT INTO "room" VALUES(1216,'12',10,1,1);
INSERT INTO "room" VALUES(1217,'21',10,1,1);
INSERT INTO "room" VALUES(1218,'22',10,1,1);
INSERT INTO "room" VALUES(1219,'31',10,1,1);
INSERT INTO "room" VALUES(1220,'32',10,1,1);
INSERT INTO "room" VALUES(1221,'33',10,1,1);
INSERT INTO "room" VALUES(1222,'34',10,1,1);
INSERT INTO "room" VALUES(1223,'35',10,1,1);
INSERT INTO "room" VALUES(1224,'36',10,1,1);
INSERT INTO "room" VALUES(1225,'41',10,1,1);
INSERT INTO "room" VALUES(1226,'42',10,1,1);
INSERT INTO "room" VALUES(1227,'51',10,1,1);
INSERT INTO "room" VALUES(1228,'52',10,1,1);
INSERT INTO "room" VALUES(1229,'11',11,1,1);
INSERT INTO "room" VALUES(1230,'12',11,1,1);
INSERT INTO "room" VALUES(1231,'13',11,1,1);
INSERT INTO "room" VALUES(1232,'21',11,1,1);
INSERT INTO "room" VALUES(1233,'22',11,1,1);
INSERT INTO "room" VALUES(1234,'31',11,1,1);
INSERT INTO "room" VALUES(1235,'32',11,1,1);
INSERT INTO "room" VALUES(1236,'33',11,1,1);
INSERT INTO "room" VALUES(1237,'34',11,1,1);
INSERT INTO "room" VALUES(1238,'35',11,1,1);
INSERT INTO "room" VALUES(1239,'36',11,1,1);
INSERT INTO "room" VALUES(1240,'41',11,1,1);
INSERT INTO "room" VALUES(1241,'42',11,1,1);
INSERT INTO "room" VALUES(1242,'43',11,1,1);
INSERT INTO "room" VALUES(1243,'51',11,1,1);
INSERT INTO "room" VALUES(1244,'52',11,1,1);
INSERT INTO "room" VALUES(1245,'11',12,1,1);
INSERT INTO "room" VALUES(1246,'12',12,1,1);
INSERT INTO "room" VALUES(1247,'21',12,1,1);
INSERT INTO "room" VALUES(1248,'22',12,1,1);
INSERT INTO "room" VALUES(1249,'23',12,1,1);
INSERT INTO "room" VALUES(1250,'24',12,1,1);
INSERT INTO "room" VALUES(1251,'25',12,1,1);
INSERT INTO "room" VALUES(1252,'31',12,1,1);
INSERT INTO "room" VALUES(1253,'32',12,1,1);
INSERT INTO "room" VALUES(1254,'33',12,1,1);
INSERT INTO "room" VALUES(1255,'34',12,1,1);
INSERT INTO "room" VALUES(1256,'35',12,1,1);
INSERT INTO "room" VALUES(1257,'41',12,1,1);
INSERT INTO "room" VALUES(1258,'42',12,1,1);
INSERT INTO "room" VALUES(1259,'11',13,1,1);
INSERT INTO "room" VALUES(1260,'12',13,1,1);
INSERT INTO "room" VALUES(1261,'21',13,1,1);
INSERT INTO "room" VALUES(1262,'22',13,1,1);
INSERT INTO "room" VALUES(1263,'23',13,1,1);
INSERT INTO "room" VALUES(1264,'24',13,1,1);
INSERT INTO "room" VALUES(1265,'25',13,1,1);
INSERT INTO "room" VALUES(1266,'31',13,1,1);
INSERT INTO "room" VALUES(1267,'32',13,1,1);
INSERT INTO "room" VALUES(1268,'33',13,1,1);
INSERT INTO "room" VALUES(1269,'34',13,1,1);
INSERT INTO "room" VALUES(1270,'35',13,1,1);
INSERT INTO "room" VALUES(1271,'41',13,1,1);
INSERT INTO "room" VALUES(1272,'42',13,1,1);
INSERT INTO "room" VALUES(1273,'11',14,1,1);
INSERT INTO "room" VALUES(1274,'12',14,1,1);
INSERT INTO "room" VALUES(1275,'21',14,1,1);
INSERT INTO "room" VALUES(1276,'22',14,1,1);
INSERT INTO "room" VALUES(1277,'23',14,1,1);
INSERT INTO "room" VALUES(1278,'24',14,1,1);
INSERT INTO "room" VALUES(1279,'25',14,1,1);
INSERT INTO "room" VALUES(1280,'31',14,1,1);
INSERT INTO "room" VALUES(1281,'32',14,1,1);
INSERT INTO "room" VALUES(1282,'33',14,1,1);
INSERT INTO "room" VALUES(1283,'34',14,1,1);
INSERT INTO "room" VALUES(1284,'35',14,1,1);
INSERT INTO "room" VALUES(1285,'41',14,1,1);
INSERT INTO "room" VALUES(1286,'42',14,1,1);
INSERT INTO "room" VALUES(1287,'11',15,1,1);
INSERT INTO "room" VALUES(1288,'12',15,1,1);
INSERT INTO "room" VALUES(1289,'21',15,1,1);
INSERT INTO "room" VALUES(1290,'22',15,1,1);
INSERT INTO "room" VALUES(1291,'23',15,1,1);
INSERT INTO "room" VALUES(1292,'24',15,1,1);
INSERT INTO "room" VALUES(1293,'25',15,1,1);
INSERT INTO "room" VALUES(1294,'31',15,1,1);
INSERT INTO "room" VALUES(1295,'32',15,1,1);
INSERT INTO "room" VALUES(1296,'41',15,1,1);
INSERT INTO "room" VALUES(1297,'42',15,1,1);
INSERT INTO "room" VALUES(1298,'1',16,1,1);
INSERT INTO "room" VALUES(1299,'11',16,1,1);
INSERT INTO "room" VALUES(1300,'12',16,1,1);
INSERT INTO "room" VALUES(1301,'13',16,1,1);
INSERT INTO "room" VALUES(1302,'11',2,1,1);
INSERT INTO "room" VALUES(1303,'12',2,1,1);
INSERT INTO "room" VALUES(1304,'21',2,1,1);
INSERT INTO "room" VALUES(1305,'22',2,1,1);
INSERT INTO "room" VALUES(1306,'31',2,1,1);
INSERT INTO "room" VALUES(1307,'32',2,1,1);
INSERT INTO "room" VALUES(1308,'33',2,1,1);
INSERT INTO "room" VALUES(1309,'34',2,1,1);
INSERT INTO "room" VALUES(1310,'35',2,1,1);
INSERT INTO "room" VALUES(1311,'36',2,1,1);
INSERT INTO "room" VALUES(1312,'41',2,1,1);
INSERT INTO "room" VALUES(1313,'42',2,1,1);
INSERT INTO "room" VALUES(1314,'51',2,1,1);
INSERT INTO "room" VALUES(1315,'52',2,1,1);
INSERT INTO "room" VALUES(1316,'11',3,1,1);
INSERT INTO "room" VALUES(1317,'12',3,1,1);
INSERT INTO "room" VALUES(1318,'13',3,1,1);
INSERT INTO "room" VALUES(1319,'21',3,1,1);
INSERT INTO "room" VALUES(1320,'22',3,1,1);
INSERT INTO "room" VALUES(1321,'31',3,1,1);
INSERT INTO "room" VALUES(1322,'32',3,1,1);
INSERT INTO "room" VALUES(1323,'33',3,1,1);
INSERT INTO "room" VALUES(1324,'34',3,1,1);
INSERT INTO "room" VALUES(1325,'35',3,1,1);
INSERT INTO "room" VALUES(1326,'36',3,1,1);
INSERT INTO "room" VALUES(1327,'41',3,1,1);
INSERT INTO "room" VALUES(1328,'42',3,1,1);
INSERT INTO "room" VALUES(1329,'43',3,1,1);
INSERT INTO "room" VALUES(1330,'51',3,1,1);
INSERT INTO "room" VALUES(1331,'52',3,1,1);
INSERT INTO "room" VALUES(1332,'11',4,1,1);
INSERT INTO "room" VALUES(1333,'12',4,1,1);
INSERT INTO "room" VALUES(1334,'13',4,1,1);
INSERT INTO "room" VALUES(1335,'21',4,1,1);
INSERT INTO "room" VALUES(1336,'22',4,1,1);
INSERT INTO "room" VALUES(1337,'31',4,1,1);
INSERT INTO "room" VALUES(1338,'32',4,1,1);
INSERT INTO "room" VALUES(1339,'33',4,1,1);
INSERT INTO "room" VALUES(1340,'34',4,1,1);
INSERT INTO "room" VALUES(1341,'35',4,1,1);
INSERT INTO "room" VALUES(1342,'36',4,1,1);
INSERT INTO "room" VALUES(1343,'41',4,1,1);
INSERT INTO "room" VALUES(1344,'42',4,1,1);
INSERT INTO "room" VALUES(1345,'43',4,1,1);
INSERT INTO "room" VALUES(1346,'51',4,1,1);
INSERT INTO "room" VALUES(1347,'52',4,1,1);
INSERT INTO "room" VALUES(1348,'11',5,1,1);
INSERT INTO "room" VALUES(1349,'12',5,1,1);
INSERT INTO "room" VALUES(1350,'21',5,1,1);
INSERT INTO "room" VALUES(1351,'22',5,1,1);
INSERT INTO "room" VALUES(1352,'31',5,1,1);
INSERT INTO "room" VALUES(1353,'32',5,1,1);
INSERT INTO "room" VALUES(1354,'33',5,1,1);
INSERT INTO "room" VALUES(1355,'34',5,1,1);
INSERT INTO "room" VALUES(1356,'35',5,1,1);
INSERT INTO "room" VALUES(1357,'36',5,1,1);
INSERT INTO "room" VALUES(1358,'41',5,1,1);
INSERT INTO "room" VALUES(1359,'42',5,1,1);
INSERT INTO "room" VALUES(1360,'51',5,1,1);
INSERT INTO "room" VALUES(1361,'52',5,1,1);
INSERT INTO "room" VALUES(1362,'11',6,1,1);
INSERT INTO "room" VALUES(1363,'12',6,1,1);
INSERT INTO "room" VALUES(1364,'21',6,1,1);
INSERT INTO "room" VALUES(1365,'22',6,1,1);
INSERT INTO "room" VALUES(1366,'31',6,1,1);
INSERT INTO "room" VALUES(1367,'32',6,1,1);
INSERT INTO "room" VALUES(1368,'33',6,1,1);
INSERT INTO "room" VALUES(1369,'34',6,1,1);
INSERT INTO "room" VALUES(1370,'35',6,1,1);
INSERT INTO "room" VALUES(1371,'36',6,1,1);
INSERT INTO "room" VALUES(1372,'41',6,1,1);
INSERT INTO "room" VALUES(1373,'42',6,1,1);
INSERT INTO "room" VALUES(1374,'51',6,1,1);
INSERT INTO "room" VALUES(1375,'52',6,1,1);
INSERT INTO "room" VALUES(1376,'11',7,1,1);
INSERT INTO "room" VALUES(1377,'12',7,1,1);
INSERT INTO "room" VALUES(1378,'13',7,1,1);
INSERT INTO "room" VALUES(1379,'21',7,1,1);
INSERT INTO "room" VALUES(1380,'22',7,1,1);
INSERT INTO "room" VALUES(1381,'31',7,1,1);
INSERT INTO "room" VALUES(1382,'32',7,1,1);
INSERT INTO "room" VALUES(1383,'33',7,1,1);
INSERT INTO "room" VALUES(1384,'34',7,1,1);
INSERT INTO "room" VALUES(1385,'35',7,1,1);
INSERT INTO "room" VALUES(1386,'36',7,1,1);
INSERT INTO "room" VALUES(1387,'41',7,1,1);
INSERT INTO "room" VALUES(1388,'42',7,1,1);
INSERT INTO "room" VALUES(1389,'43',7,1,1);
INSERT INTO "room" VALUES(1390,'51',7,1,1);
INSERT INTO "room" VALUES(1391,'52',7,1,1);
INSERT INTO "room" VALUES(1392,'11',8,1,1);
INSERT INTO "room" VALUES(1393,'12',8,1,1);
INSERT INTO "room" VALUES(1394,'13',8,1,1);
INSERT INTO "room" VALUES(1395,'21',8,1,1);
INSERT INTO "room" VALUES(1396,'22',8,1,1);
INSERT INTO "room" VALUES(1397,'31',8,1,1);
INSERT INTO "room" VALUES(1398,'32',8,1,1);
INSERT INTO "room" VALUES(1399,'33',8,1,1);
INSERT INTO "room" VALUES(1400,'34',8,1,1);
INSERT INTO "room" VALUES(1401,'35',8,1,1);
INSERT INTO "room" VALUES(1402,'36',8,1,1);
INSERT INTO "room" VALUES(1403,'41',8,1,1);
INSERT INTO "room" VALUES(1404,'42',8,1,1);
INSERT INTO "room" VALUES(1405,'43',8,1,1);
INSERT INTO "room" VALUES(1406,'51',8,1,1);
INSERT INTO "room" VALUES(1407,'52',8,1,1);
INSERT INTO "room" VALUES(1408,'11',9,1,1);
INSERT INTO "room" VALUES(1409,'12',9,1,1);
INSERT INTO "room" VALUES(1410,'21',9,1,1);
INSERT INTO "room" VALUES(1411,'22',9,1,1);
INSERT INTO "room" VALUES(1412,'31',9,1,1);
INSERT INTO "room" VALUES(1413,'32',9,1,1);
INSERT INTO "room" VALUES(1414,'33',9,1,1);
INSERT INTO "room" VALUES(1415,'34',9,1,1);
INSERT INTO "room" VALUES(1416,'35',9,1,1);
INSERT INTO "room" VALUES(1417,'36',9,1,1);
INSERT INTO "room" VALUES(1418,'41',9,1,1);
INSERT INTO "room" VALUES(1419,'42',9,1,1);
INSERT INTO "room" VALUES(1420,'51',9,1,1);
INSERT INTO "room" VALUES(1421,'52',9,1,1);
CREATE TABLE phoneport (
	name VARCHAR(4) NOT NULL, 
	id INTEGER NOT NULL, 
	PRIMARY KEY (id), 
	FOREIGN KEY(id) REFERENCES destinationport (id)
);
CREATE TABLE patchport (
	id INTEGER NOT NULL, 
	name VARCHAR(4) NOT NULL, 
	destination_port_id INTEGER, 
	room_id INTEGER NOT NULL, 
	PRIMARY KEY (id), 
	FOREIGN KEY(destination_port_id) REFERENCES destinationport (id), 
	FOREIGN KEY(room_id) REFERENCES room (id)
);
INSERT INTO "patchport" VALUES(1,'0/1',1,1);
INSERT INTO "patchport" VALUES(2,'11/11',2,1229);
INSERT INTO "patchport" VALUES(3,'11/12',3,1230);
INSERT INTO "patchport" VALUES(4,'11/13',4,1231);
INSERT INTO "patchport" VALUES(5,'11/21',5,1232);
INSERT INTO "patchport" VALUES(6,'11/22',6,1233);
INSERT INTO "patchport" VALUES(7,'11/31',7,1234);
INSERT INTO "patchport" VALUES(8,'11/32',8,1235);
INSERT INTO "patchport" VALUES(9,'11/33',9,1236);
INSERT INTO "patchport" VALUES(10,'11/34',10,1237);
INSERT INTO "patchport" VALUES(11,'11/35',11,1238);
INSERT INTO "patchport" VALUES(12,'11/36',12,1239);
INSERT INTO "patchport" VALUES(13,'11/41',13,1240);
INSERT INTO "patchport" VALUES(14,'11/42',14,1241);
INSERT INTO "patchport" VALUES(15,'11/43',15,1242);
INSERT INTO "patchport" VALUES(16,'11/51',16,1243);
INSERT INTO "patchport" VALUES(17,'11/52',17,1244);
INSERT INTO "patchport" VALUES(18,'12/11',18,1245);
INSERT INTO "patchport" VALUES(19,'12/12',19,1246);
INSERT INTO "patchport" VALUES(20,'12/21',20,1247);
INSERT INTO "patchport" VALUES(21,'12/22',21,1248);
INSERT INTO "patchport" VALUES(22,'12/23',22,1249);
INSERT INTO "patchport" VALUES(23,'12/24',23,1250);
INSERT INTO "patchport" VALUES(24,'12/25',24,1251);
INSERT INTO "patchport" VALUES(25,'12/31',25,1252);
INSERT INTO "patchport" VALUES(26,'12/32',26,1253);
INSERT INTO "patchport" VALUES(27,'12/33',27,1254);
INSERT INTO "patchport" VALUES(28,'12/34',28,1255);
INSERT INTO "patchport" VALUES(29,'12/35',29,1256);
INSERT INTO "patchport" VALUES(30,'12/41',30,1257);
INSERT INTO "patchport" VALUES(31,'12/42',31,1258);
INSERT INTO "patchport" VALUES(32,'13/11',32,1259);
INSERT INTO "patchport" VALUES(33,'13/12',33,1260);
INSERT INTO "patchport" VALUES(34,'13/21',34,1261);
INSERT INTO "patchport" VALUES(35,'13/22',35,1262);
INSERT INTO "patchport" VALUES(36,'13/23',36,1263);
INSERT INTO "patchport" VALUES(37,'13/24',37,1264);
INSERT INTO "patchport" VALUES(38,'13/25',38,1265);
INSERT INTO "patchport" VALUES(39,'13/31',39,1266);
INSERT INTO "patchport" VALUES(40,'13/32',40,1267);
INSERT INTO "patchport" VALUES(41,'13/33',41,1268);
INSERT INTO "patchport" VALUES(42,'13/34',42,1269);
INSERT INTO "patchport" VALUES(43,'13/35',43,1270);
INSERT INTO "patchport" VALUES(44,'13/41',44,1271);
INSERT INTO "patchport" VALUES(45,'13/42',45,1272);
INSERT INTO "patchport" VALUES(46,'14/11',46,1273);
INSERT INTO "patchport" VALUES(47,'14/12',47,1274);
INSERT INTO "patchport" VALUES(48,'14/21',48,1275);
INSERT INTO "patchport" VALUES(49,'14/22',49,1276);
INSERT INTO "patchport" VALUES(50,'14/23',50,1277);
INSERT INTO "patchport" VALUES(51,'14/24',51,1278);
INSERT INTO "patchport" VALUES(52,'14/25',52,1279);
INSERT INTO "patchport" VALUES(53,'14/31',53,1280);
INSERT INTO "patchport" VALUES(54,'14/32',54,1281);
INSERT INTO "patchport" VALUES(55,'14/33',55,1282);
INSERT INTO "patchport" VALUES(56,'14/34',56,1283);
INSERT INTO "patchport" VALUES(57,'14/35',57,1284);
INSERT INTO "patchport" VALUES(58,'14/41',58,1285);
INSERT INTO "patchport" VALUES(59,'14/42',59,1286);
INSERT INTO "patchport" VALUES(60,'15/11',60,1287);
INSERT INTO "patchport" VALUES(61,'15/12',61,1288);
INSERT INTO "patchport" VALUES(62,'15/21',62,1289);
INSERT INTO "patchport" VALUES(63,'15/22',63,1290);
INSERT INTO "patchport" VALUES(64,'15/23',64,1291);
INSERT INTO "patchport" VALUES(65,'15/24',65,1292);
INSERT INTO "patchport" VALUES(66,'15/25',66,1293);
INSERT INTO "patchport" VALUES(67,'15/31',67,1294);
INSERT INTO "patchport" VALUES(68,'15/32',68,1295);
INSERT INTO "patchport" VALUES(69,'15/41',69,1296);
INSERT INTO "patchport" VALUES(70,'15/42',70,1297);
INSERT INTO "patchport" VALUES(71,'16/1',71,1298);
INSERT INTO "patchport" VALUES(72,'16/11',72,1299);
INSERT INTO "patchport" VALUES(73,'16/12',73,1300);
INSERT INTO "patchport" VALUES(74,'16/13',74,1301);
INSERT INTO "patchport" VALUES(75,'0/A001',75,2);
INSERT INTO "patchport" VALUES(76,'0/A008',76,3);
INSERT INTO "patchport" VALUES(77,'0/A008',77,4);
INSERT INTO "patchport" VALUES(78,'0/A009',78,5);
INSERT INTO "patchport" VALUES(79,'0/A009',79,6);
INSERT INTO "patchport" VALUES(80,'0/B008',80,7);
INSERT INTO "patchport" VALUES(81,'0/B009',81,8);
INSERT INTO "patchport" VALUES(82,'1/A101',82,9);
INSERT INTO "patchport" VALUES(83,'1/A102',83,10);
INSERT INTO "patchport" VALUES(84,'1/A103',84,11);
INSERT INTO "patchport" VALUES(85,'1/A104',85,12);
INSERT INTO "patchport" VALUES(86,'1/A105',86,13);
INSERT INTO "patchport" VALUES(87,'1/A106',87,14);
INSERT INTO "patchport" VALUES(88,'1/A107',88,15);
INSERT INTO "patchport" VALUES(89,'1/A107',89,16);
INSERT INTO "patchport" VALUES(90,'1/A108',90,17);
INSERT INTO "patchport" VALUES(91,'1/A109',91,18);
INSERT INTO "patchport" VALUES(92,'1/A110',92,19);
INSERT INTO "patchport" VALUES(93,'1/A111',93,20);
INSERT INTO "patchport" VALUES(94,'1/A112',94,21);
INSERT INTO "patchport" VALUES(95,'1/A113',95,22);
INSERT INTO "patchport" VALUES(96,'1/A114',96,23);
INSERT INTO "patchport" VALUES(97,'1/B101',97,24);
INSERT INTO "patchport" VALUES(98,'1/B102',98,25);
INSERT INTO "patchport" VALUES(99,'1/B103',99,26);
INSERT INTO "patchport" VALUES(100,'1/B104',100,27);
INSERT INTO "patchport" VALUES(101,'1/B104',101,28);
INSERT INTO "patchport" VALUES(102,'1/B105',102,29);
INSERT INTO "patchport" VALUES(103,'1/B106',103,30);
INSERT INTO "patchport" VALUES(104,'1/B107',104,31);
INSERT INTO "patchport" VALUES(105,'1/B108',105,32);
INSERT INTO "patchport" VALUES(106,'1/B109',106,33);
INSERT INTO "patchport" VALUES(107,'1/B110',107,34);
INSERT INTO "patchport" VALUES(108,'1/B111',108,35);
INSERT INTO "patchport" VALUES(109,'1/C101',109,36);
INSERT INTO "patchport" VALUES(110,'1/C102',110,37);
INSERT INTO "patchport" VALUES(111,'1/C103',111,38);
INSERT INTO "patchport" VALUES(112,'1/C104',112,39);
INSERT INTO "patchport" VALUES(113,'1/D101',113,40);
INSERT INTO "patchport" VALUES(114,'1/D102',114,41);
INSERT INTO "patchport" VALUES(115,'1/D103',115,42);
INSERT INTO "patchport" VALUES(116,'1/D104',116,43);
INSERT INTO "patchport" VALUES(117,'2/A201',117,44);
INSERT INTO "patchport" VALUES(118,'2/A202',118,45);
INSERT INTO "patchport" VALUES(119,'2/A203',119,46);
INSERT INTO "patchport" VALUES(120,'2/A204',120,47);
INSERT INTO "patchport" VALUES(121,'2/A205',121,48);
INSERT INTO "patchport" VALUES(122,'2/A206',122,49);
INSERT INTO "patchport" VALUES(123,'2/A207',123,50);
INSERT INTO "patchport" VALUES(124,'2/A207',124,51);
INSERT INTO "patchport" VALUES(125,'2/A208',125,52);
INSERT INTO "patchport" VALUES(126,'2/A209',126,53);
INSERT INTO "patchport" VALUES(127,'2/A210',127,54);
INSERT INTO "patchport" VALUES(128,'2/A211',128,55);
INSERT INTO "patchport" VALUES(129,'2/A212',129,56);
INSERT INTO "patchport" VALUES(130,'2/A213',130,57);
INSERT INTO "patchport" VALUES(131,'2/A214',131,58);
INSERT INTO "patchport" VALUES(132,'2/B201',132,59);
INSERT INTO "patchport" VALUES(133,'2/B202',133,60);
INSERT INTO "patchport" VALUES(134,'2/B203',134,61);
INSERT INTO "patchport" VALUES(135,'2/B204',135,62);
INSERT INTO "patchport" VALUES(136,'2/B204',136,63);
INSERT INTO "patchport" VALUES(137,'2/B205',137,64);
INSERT INTO "patchport" VALUES(138,'2/B206',138,65);
INSERT INTO "patchport" VALUES(139,'2/B207',139,66);
INSERT INTO "patchport" VALUES(140,'2/B208',140,67);
INSERT INTO "patchport" VALUES(141,'2/B209',141,68);
INSERT INTO "patchport" VALUES(142,'2/B210',142,69);
INSERT INTO "patchport" VALUES(143,'2/B211',143,70);
INSERT INTO "patchport" VALUES(144,'2/C201',144,71);
INSERT INTO "patchport" VALUES(145,'2/C202',145,72);
INSERT INTO "patchport" VALUES(146,'2/C203',146,73);
INSERT INTO "patchport" VALUES(147,'2/C204',147,74);
INSERT INTO "patchport" VALUES(148,'2/D201',148,75);
INSERT INTO "patchport" VALUES(149,'2/D202',149,76);
INSERT INTO "patchport" VALUES(150,'2/D203',150,77);
INSERT INTO "patchport" VALUES(151,'2/D204',151,78);
INSERT INTO "patchport" VALUES(152,'3/A301',152,79);
INSERT INTO "patchport" VALUES(153,'3/A302',153,80);
INSERT INTO "patchport" VALUES(154,'3/A303',154,81);
INSERT INTO "patchport" VALUES(155,'3/A304',155,82);
INSERT INTO "patchport" VALUES(156,'3/A305',156,83);
INSERT INTO "patchport" VALUES(157,'3/A306',157,84);
INSERT INTO "patchport" VALUES(158,'3/A307',158,85);
INSERT INTO "patchport" VALUES(159,'3/A308',159,86);
INSERT INTO "patchport" VALUES(160,'3/A309',160,87);
INSERT INTO "patchport" VALUES(161,'3/A310',161,88);
INSERT INTO "patchport" VALUES(162,'3/B301',162,89);
INSERT INTO "patchport" VALUES(163,'3/B302',163,90);
INSERT INTO "patchport" VALUES(164,'3/B303',164,91);
INSERT INTO "patchport" VALUES(165,'3/B304',165,92);
INSERT INTO "patchport" VALUES(166,'3/B305',166,93);
INSERT INTO "patchport" VALUES(167,'3/B306',167,94);
INSERT INTO "patchport" VALUES(168,'3/B307',168,95);
INSERT INTO "patchport" VALUES(169,'0/A002',169,96);
INSERT INTO "patchport" VALUES(170,'0/A002',170,97);
INSERT INTO "patchport" VALUES(171,'0/A003',171,98);
INSERT INTO "patchport" VALUES(172,'0/A003',172,99);
INSERT INTO "patchport" VALUES(173,'0/B001',173,100);
INSERT INTO "patchport" VALUES(174,'0/B002',174,101);
INSERT INTO "patchport" VALUES(175,'0/B002',175,102);
INSERT INTO "patchport" VALUES(176,'0/B003',176,103);
INSERT INTO "patchport" VALUES(177,'0/B003',177,104);
INSERT INTO "patchport" VALUES(178,'0/c001',178,105);
INSERT INTO "patchport" VALUES(179,'1/A101',179,106);
INSERT INTO "patchport" VALUES(180,'1/A101',180,107);
INSERT INTO "patchport" VALUES(181,'1/A102',181,108);
INSERT INTO "patchport" VALUES(182,'1/A103',182,109);
INSERT INTO "patchport" VALUES(183,'1/A104',183,110);
INSERT INTO "patchport" VALUES(184,'1/A105',184,111);
INSERT INTO "patchport" VALUES(185,'1/A105',185,112);
INSERT INTO "patchport" VALUES(186,'1/A106',186,113);
INSERT INTO "patchport" VALUES(187,'1/A106',187,114);
INSERT INTO "patchport" VALUES(188,'1/A107',188,115);
INSERT INTO "patchport" VALUES(189,'1/A108',189,116);
INSERT INTO "patchport" VALUES(190,'1/A109',190,117);
INSERT INTO "patchport" VALUES(191,'1/A110',191,118);
INSERT INTO "patchport" VALUES(192,'1/A111',192,119);
INSERT INTO "patchport" VALUES(193,'1/B101',193,120);
INSERT INTO "patchport" VALUES(194,'1/B101',194,121);
INSERT INTO "patchport" VALUES(195,'1/B102',195,122);
INSERT INTO "patchport" VALUES(196,'1/B103',196,123);
INSERT INTO "patchport" VALUES(197,'1/B104',197,124);
INSERT INTO "patchport" VALUES(198,'1/B105',198,125);
INSERT INTO "patchport" VALUES(199,'1/B105',199,126);
INSERT INTO "patchport" VALUES(200,'1/B106',200,127);
INSERT INTO "patchport" VALUES(201,'1/B106',201,128);
INSERT INTO "patchport" VALUES(202,'1/B107',202,129);
INSERT INTO "patchport" VALUES(203,'1/B108',203,130);
INSERT INTO "patchport" VALUES(204,'1/B109',204,131);
INSERT INTO "patchport" VALUES(205,'1/B110',205,132);
INSERT INTO "patchport" VALUES(206,'1/B111',206,133);
INSERT INTO "patchport" VALUES(207,'2/A201',207,134);
INSERT INTO "patchport" VALUES(208,'2/A201',208,135);
INSERT INTO "patchport" VALUES(209,'2/A202',209,136);
INSERT INTO "patchport" VALUES(210,'2/A203',210,137);
INSERT INTO "patchport" VALUES(211,'2/A204',211,138);
INSERT INTO "patchport" VALUES(212,'2/A205',212,139);
INSERT INTO "patchport" VALUES(213,'2/A205',213,140);
INSERT INTO "patchport" VALUES(214,'2/A206',214,141);
INSERT INTO "patchport" VALUES(215,'2/A206',215,142);
INSERT INTO "patchport" VALUES(216,'2/A207',216,143);
INSERT INTO "patchport" VALUES(217,'2/A208',217,144);
INSERT INTO "patchport" VALUES(218,'2/A209',218,145);
INSERT INTO "patchport" VALUES(219,'2/A210',219,146);
INSERT INTO "patchport" VALUES(220,'2/A211',220,147);
INSERT INTO "patchport" VALUES(221,'2/B201',221,148);
INSERT INTO "patchport" VALUES(222,'2/B201',222,149);
INSERT INTO "patchport" VALUES(223,'2/B202',223,150);
INSERT INTO "patchport" VALUES(224,'2/B203',224,151);
INSERT INTO "patchport" VALUES(225,'2/B204',225,152);
INSERT INTO "patchport" VALUES(226,'2/B205',226,153);
INSERT INTO "patchport" VALUES(227,'2/B205',227,154);
INSERT INTO "patchport" VALUES(228,'2/B206',228,155);
INSERT INTO "patchport" VALUES(229,'2/B206',229,156);
INSERT INTO "patchport" VALUES(230,'2/B207',230,157);
INSERT INTO "patchport" VALUES(231,'2/B208',231,158);
INSERT INTO "patchport" VALUES(232,'2/B209',232,159);
INSERT INTO "patchport" VALUES(233,'2/B210',233,160);
INSERT INTO "patchport" VALUES(234,'2/B211',234,161);
INSERT INTO "patchport" VALUES(235,'3/A301',235,162);
INSERT INTO "patchport" VALUES(236,'3/A302',236,163);
INSERT INTO "patchport" VALUES(237,'3/A303',237,164);
INSERT INTO "patchport" VALUES(238,'3/A304',238,165);
INSERT INTO "patchport" VALUES(239,'3/A305',239,166);
INSERT INTO "patchport" VALUES(240,'3/A306',240,167);
INSERT INTO "patchport" VALUES(241,'3/A307',241,168);
INSERT INTO "patchport" VALUES(242,'3/A308',242,169);
INSERT INTO "patchport" VALUES(243,'3/B301',243,170);
INSERT INTO "patchport" VALUES(244,'3/B302',244,171);
INSERT INTO "patchport" VALUES(245,'3/B302',245,172);
INSERT INTO "patchport" VALUES(246,'3/B303',246,173);
INSERT INTO "patchport" VALUES(247,'3/B303',247,174);
INSERT INTO "patchport" VALUES(248,'3/B304',248,175);
INSERT INTO "patchport" VALUES(249,'3/B304',249,176);
INSERT INTO "patchport" VALUES(250,'1/01 1',250,177);
INSERT INTO "patchport" VALUES(251,'1/02 1',251,178);
INSERT INTO "patchport" VALUES(252,'1/03 1',252,179);
INSERT INTO "patchport" VALUES(253,'1/04 1',253,180);
INSERT INTO "patchport" VALUES(254,'1/05 1',254,181);
INSERT INTO "patchport" VALUES(255,'1/12 1',255,182);
INSERT INTO "patchport" VALUES(256,'1/13 1',256,183);
INSERT INTO "patchport" VALUES(257,'1/14 1',257,184);
INSERT INTO "patchport" VALUES(258,'1/15 1',258,185);
INSERT INTO "patchport" VALUES(259,'1/16 1',259,186);
INSERT INTO "patchport" VALUES(260,'1/17 1',260,187);
INSERT INTO "patchport" VALUES(261,'1/18 1',261,188);
INSERT INTO "patchport" VALUES(262,'2/01 1',262,189);
INSERT INTO "patchport" VALUES(263,'2/02 1',263,190);
INSERT INTO "patchport" VALUES(264,'2/03 1',264,191);
INSERT INTO "patchport" VALUES(265,'2/04 1',265,192);
INSERT INTO "patchport" VALUES(266,'2/05 1',266,193);
INSERT INTO "patchport" VALUES(267,'2/06 1',267,194);
INSERT INTO "patchport" VALUES(268,'2/07 1',268,195);
INSERT INTO "patchport" VALUES(269,'2/08 1',269,196);
INSERT INTO "patchport" VALUES(270,'2/09 1',270,197);
INSERT INTO "patchport" VALUES(271,'2/10 1',271,198);
INSERT INTO "patchport" VALUES(272,'2/11 1',272,199);
INSERT INTO "patchport" VALUES(273,'2/12 1',273,200);
INSERT INTO "patchport" VALUES(274,'2/13 1',274,201);
INSERT INTO "patchport" VALUES(275,'2/14 1',275,202);
INSERT INTO "patchport" VALUES(276,'2/15 1',276,203);
INSERT INTO "patchport" VALUES(277,'2/16 1',277,204);
INSERT INTO "patchport" VALUES(278,'2/17 1',278,205);
INSERT INTO "patchport" VALUES(279,'2/18 1',279,206);
INSERT INTO "patchport" VALUES(280,'3/01 1',280,207);
INSERT INTO "patchport" VALUES(281,'3/02 1',281,208);
INSERT INTO "patchport" VALUES(282,'3/02 2',282,209);
INSERT INTO "patchport" VALUES(283,'3/02 3',283,210);
INSERT INTO "patchport" VALUES(284,'3/02 4',284,211);
INSERT INTO "patchport" VALUES(285,'3/03 1',285,212);
INSERT INTO "patchport" VALUES(286,'3/03 2',286,213);
INSERT INTO "patchport" VALUES(287,'3/03 3',287,214);
INSERT INTO "patchport" VALUES(288,'3/03 4',288,215);
INSERT INTO "patchport" VALUES(289,'3/03 5',289,216);
INSERT INTO "patchport" VALUES(290,'3/03 6',290,217);
INSERT INTO "patchport" VALUES(291,'3/03 7',291,218);
INSERT INTO "patchport" VALUES(292,'3/03 8',292,219);
INSERT INTO "patchport" VALUES(293,'1/01 1',293,220);
INSERT INTO "patchport" VALUES(294,'1/02 1',294,221);
INSERT INTO "patchport" VALUES(295,'1/03 1',295,222);
INSERT INTO "patchport" VALUES(296,'1/04 1',296,223);
INSERT INTO "patchport" VALUES(297,'1/05 1',297,224);
INSERT INTO "patchport" VALUES(298,'1/06 1',298,225);
INSERT INTO "patchport" VALUES(299,'1/07 1',299,226);
INSERT INTO "patchport" VALUES(300,'1/13 1',300,227);
INSERT INTO "patchport" VALUES(301,'2/01 1',301,228);
INSERT INTO "patchport" VALUES(302,'2/02 1',302,229);
INSERT INTO "patchport" VALUES(303,'2/03 1',303,230);
INSERT INTO "patchport" VALUES(304,'2/04 1',304,231);
INSERT INTO "patchport" VALUES(305,'2/05 1',305,232);
INSERT INTO "patchport" VALUES(306,'2/06 1',306,233);
INSERT INTO "patchport" VALUES(307,'2/07 1',307,234);
INSERT INTO "patchport" VALUES(308,'2/08 1',308,235);
INSERT INTO "patchport" VALUES(309,'2/09 1',309,236);
INSERT INTO "patchport" VALUES(310,'2/10 1',310,237);
INSERT INTO "patchport" VALUES(311,'2/11 1',311,238);
INSERT INTO "patchport" VALUES(312,'2/12 1',312,239);
INSERT INTO "patchport" VALUES(313,'2/13 1',313,240);
INSERT INTO "patchport" VALUES(314,'2/14 1',314,241);
INSERT INTO "patchport" VALUES(315,'2/15 1',315,242);
INSERT INTO "patchport" VALUES(316,'2/16 1',316,243);
INSERT INTO "patchport" VALUES(317,'2/17 1',317,244);
INSERT INTO "patchport" VALUES(318,'2/18 1',318,245);
INSERT INTO "patchport" VALUES(319,'3/01 1',319,246);
INSERT INTO "patchport" VALUES(320,'3/02 1',320,247);
INSERT INTO "patchport" VALUES(321,'3/02 2',321,248);
INSERT INTO "patchport" VALUES(322,'3/03 1',322,249);
INSERT INTO "patchport" VALUES(323,'3/03 2',323,250);
INSERT INTO "patchport" VALUES(324,'3/04 1',324,251);
INSERT INTO "patchport" VALUES(325,'3/04 2',325,252);
INSERT INTO "patchport" VALUES(326,'3/05 1',326,253);
INSERT INTO "patchport" VALUES(327,'3/05 2',327,254);
INSERT INTO "patchport" VALUES(328,'3/06 1',328,255);
INSERT INTO "patchport" VALUES(329,'3/06 2',329,256);
INSERT INTO "patchport" VALUES(330,'3/07 1',330,257);
INSERT INTO "patchport" VALUES(331,'3/07 2',331,258);
INSERT INTO "patchport" VALUES(332,'0/A001',332,259);
INSERT INTO "patchport" VALUES(333,'0/A002',333,260);
INSERT INTO "patchport" VALUES(334,'0/A002',334,261);
INSERT INTO "patchport" VALUES(335,'0/B001',335,262);
INSERT INTO "patchport" VALUES(336,'0/B001',336,263);
INSERT INTO "patchport" VALUES(337,'0/B002',337,264);
INSERT INTO "patchport" VALUES(338,'0/B002',338,265);
INSERT INTO "patchport" VALUES(339,'1/A101',339,266);
INSERT INTO "patchport" VALUES(340,'1/A102',340,267);
INSERT INTO "patchport" VALUES(341,'1/A102',341,268);
INSERT INTO "patchport" VALUES(342,'1/A103',342,269);
INSERT INTO "patchport" VALUES(343,'1/A104',343,270);
INSERT INTO "patchport" VALUES(344,'1/A104',344,271);
INSERT INTO "patchport" VALUES(345,'1/A105',345,272);
INSERT INTO "patchport" VALUES(346,'1/A106',346,273);
INSERT INTO "patchport" VALUES(347,'1/A107',347,274);
INSERT INTO "patchport" VALUES(348,'1/A108',348,275);
INSERT INTO "patchport" VALUES(349,'1/A109',349,276);
INSERT INTO "patchport" VALUES(350,'1/B101',350,277);
INSERT INTO "patchport" VALUES(351,'1/B102',351,278);
INSERT INTO "patchport" VALUES(352,'1/B102',352,279);
INSERT INTO "patchport" VALUES(353,'1/B103',353,280);
INSERT INTO "patchport" VALUES(354,'1/B104',354,281);
INSERT INTO "patchport" VALUES(355,'1/B104',355,282);
INSERT INTO "patchport" VALUES(356,'1/B105',356,283);
INSERT INTO "patchport" VALUES(357,'1/B106',357,284);
INSERT INTO "patchport" VALUES(358,'1/B107',358,285);
INSERT INTO "patchport" VALUES(359,'1/B108',359,286);
INSERT INTO "patchport" VALUES(360,'1/B109',360,287);
INSERT INTO "patchport" VALUES(361,'2/A201',361,288);
INSERT INTO "patchport" VALUES(362,'2/A202',362,289);
INSERT INTO "patchport" VALUES(363,'2/A202',363,290);
INSERT INTO "patchport" VALUES(364,'2/A203',364,291);
INSERT INTO "patchport" VALUES(365,'2/A204',365,292);
INSERT INTO "patchport" VALUES(366,'2/A204',366,293);
INSERT INTO "patchport" VALUES(367,'2/A205',367,294);
INSERT INTO "patchport" VALUES(368,'2/A206',368,295);
INSERT INTO "patchport" VALUES(369,'2/A207',369,296);
INSERT INTO "patchport" VALUES(370,'2/A208',370,297);
INSERT INTO "patchport" VALUES(371,'2/A209',371,298);
INSERT INTO "patchport" VALUES(372,'2/B201',372,299);
INSERT INTO "patchport" VALUES(373,'2/B202',373,300);
INSERT INTO "patchport" VALUES(374,'2/B202',374,301);
INSERT INTO "patchport" VALUES(375,'2/B203',375,302);
INSERT INTO "patchport" VALUES(376,'2/B204',376,303);
INSERT INTO "patchport" VALUES(377,'2/B204',377,304);
INSERT INTO "patchport" VALUES(378,'2/B205',378,305);
INSERT INTO "patchport" VALUES(379,'2/B206',379,306);
INSERT INTO "patchport" VALUES(380,'2/B207',380,307);
INSERT INTO "patchport" VALUES(381,'2/B208',381,308);
INSERT INTO "patchport" VALUES(382,'2/B209',382,309);
INSERT INTO "patchport" VALUES(383,'3/A301',383,310);
INSERT INTO "patchport" VALUES(384,'3/A302',384,311);
INSERT INTO "patchport" VALUES(385,'3/A303',385,312);
INSERT INTO "patchport" VALUES(386,'3/A304',386,313);
INSERT INTO "patchport" VALUES(387,'3/A305',387,314);
INSERT INTO "patchport" VALUES(388,'3/A306',388,315);
INSERT INTO "patchport" VALUES(389,'3/A307',389,316);
INSERT INTO "patchport" VALUES(390,'3/B301',390,317);
INSERT INTO "patchport" VALUES(391,'3/B302',391,318);
INSERT INTO "patchport" VALUES(392,'3/B303',392,319);
INSERT INTO "patchport" VALUES(393,'3/B304',393,320);
INSERT INTO "patchport" VALUES(394,'3/B305',394,321);
INSERT INTO "patchport" VALUES(395,'3/B306',395,322);
INSERT INTO "patchport" VALUES(396,'3/B307',396,323);
INSERT INTO "patchport" VALUES(397,'10/11',397,324);
INSERT INTO "patchport" VALUES(398,'1/11',398,325);
INSERT INTO "patchport" VALUES(399,'1/12',399,326);
INSERT INTO "patchport" VALUES(400,'1/21',400,327);
INSERT INTO "patchport" VALUES(401,'1/41',401,328);
INSERT INTO "patchport" VALUES(402,'1/61',402,329);
INSERT INTO "patchport" VALUES(403,'10/12',493,330);
INSERT INTO "patchport" VALUES(404,'10/21',494,331);
INSERT INTO "patchport" VALUES(405,'10/31',495,332);
INSERT INTO "patchport" VALUES(406,'10/32',496,333);
INSERT INTO "patchport" VALUES(407,'10/41',497,334);
INSERT INTO "patchport" VALUES(408,'10/42',498,335);
INSERT INTO "patchport" VALUES(409,'10/51',499,336);
INSERT INTO "patchport" VALUES(410,'10/52',500,337);
INSERT INTO "patchport" VALUES(411,'10/61',501,338);
INSERT INTO "patchport" VALUES(412,'10/62',502,339);
INSERT INTO "patchport" VALUES(413,'10/71',503,340);
INSERT INTO "patchport" VALUES(414,'10/81',504,341);
INSERT INTO "patchport" VALUES(415,'10/82',505,342);
INSERT INTO "patchport" VALUES(416,'11/11',506,343);
INSERT INTO "patchport" VALUES(417,'11/12',507,344);
INSERT INTO "patchport" VALUES(418,'11/21',508,345);
INSERT INTO "patchport" VALUES(419,'11/31',509,346);
INSERT INTO "patchport" VALUES(420,'11/32',510,347);
INSERT INTO "patchport" VALUES(421,'11/41',511,348);
INSERT INTO "patchport" VALUES(422,'11/42',512,349);
INSERT INTO "patchport" VALUES(423,'11/51',513,350);
INSERT INTO "patchport" VALUES(424,'11/52',514,351);
INSERT INTO "patchport" VALUES(425,'11/61',515,352);
INSERT INTO "patchport" VALUES(426,'11/62',516,353);
INSERT INTO "patchport" VALUES(427,'11/71',517,354);
INSERT INTO "patchport" VALUES(428,'11/81',518,355);
INSERT INTO "patchport" VALUES(429,'11/82',519,356);
INSERT INTO "patchport" VALUES(430,'12/11',520,357);
INSERT INTO "patchport" VALUES(431,'12/12',521,358);
INSERT INTO "patchport" VALUES(432,'12/21',522,359);
INSERT INTO "patchport" VALUES(433,'12/31',523,360);
INSERT INTO "patchport" VALUES(434,'12/32',524,361);
INSERT INTO "patchport" VALUES(435,'12/41',525,362);
INSERT INTO "patchport" VALUES(436,'12/42',526,363);
INSERT INTO "patchport" VALUES(437,'12/51',527,364);
INSERT INTO "patchport" VALUES(438,'12/52',528,365);
INSERT INTO "patchport" VALUES(439,'12/61',529,366);
INSERT INTO "patchport" VALUES(440,'12/62',530,367);
INSERT INTO "patchport" VALUES(441,'12/71',531,368);
INSERT INTO "patchport" VALUES(442,'12/81',532,369);
INSERT INTO "patchport" VALUES(443,'12/82',533,370);
INSERT INTO "patchport" VALUES(444,'13/11',534,371);
INSERT INTO "patchport" VALUES(445,'13/12',535,372);
INSERT INTO "patchport" VALUES(446,'13/21',536,373);
INSERT INTO "patchport" VALUES(447,'13/31',537,374);
INSERT INTO "patchport" VALUES(448,'13/32',538,375);
INSERT INTO "patchport" VALUES(449,'13/41',539,376);
INSERT INTO "patchport" VALUES(450,'13/42',540,377);
INSERT INTO "patchport" VALUES(451,'13/51',541,378);
INSERT INTO "patchport" VALUES(452,'13/52',542,379);
INSERT INTO "patchport" VALUES(453,'13/61',543,380);
INSERT INTO "patchport" VALUES(454,'13/62',544,381);
INSERT INTO "patchport" VALUES(455,'13/71',545,382);
INSERT INTO "patchport" VALUES(456,'13/81',546,383);
INSERT INTO "patchport" VALUES(457,'13/82',547,384);
INSERT INTO "patchport" VALUES(458,'14/11',548,385);
INSERT INTO "patchport" VALUES(459,'14/12',549,386);
INSERT INTO "patchport" VALUES(460,'14/21',550,387);
INSERT INTO "patchport" VALUES(461,'14/31',551,388);
INSERT INTO "patchport" VALUES(462,'14/32',552,389);
INSERT INTO "patchport" VALUES(463,'14/41',553,390);
INSERT INTO "patchport" VALUES(464,'14/42',554,391);
INSERT INTO "patchport" VALUES(465,'14/51',555,392);
INSERT INTO "patchport" VALUES(466,'14/61',556,393);
INSERT INTO "patchport" VALUES(467,'14/62',557,394);
INSERT INTO "patchport" VALUES(468,'14/71',558,395);
INSERT INTO "patchport" VALUES(469,'14/72',559,396);
INSERT INTO "patchport" VALUES(470,'14/81',560,397);
INSERT INTO "patchport" VALUES(471,'14/91',561,398);
INSERT INTO "patchport" VALUES(472,'14/92',562,399);
INSERT INTO "patchport" VALUES(473,'15/11',563,400);
INSERT INTO "patchport" VALUES(474,'15/12',564,401);
INSERT INTO "patchport" VALUES(475,'15/21',565,402);
INSERT INTO "patchport" VALUES(476,'15/31',566,403);
INSERT INTO "patchport" VALUES(477,'15/32',567,404);
INSERT INTO "patchport" VALUES(478,'15/41',568,405);
INSERT INTO "patchport" VALUES(479,'15/42',569,406);
INSERT INTO "patchport" VALUES(480,'15/51',570,407);
INSERT INTO "patchport" VALUES(481,'15/61',571,408);
INSERT INTO "patchport" VALUES(482,'15/62',572,409);
INSERT INTO "patchport" VALUES(483,'15/71',573,410);
INSERT INTO "patchport" VALUES(484,'15/72',574,411);
INSERT INTO "patchport" VALUES(485,'15/81',575,412);
INSERT INTO "patchport" VALUES(486,'15/91',576,413);
INSERT INTO "patchport" VALUES(487,'15/92',577,414);
INSERT INTO "patchport" VALUES(488,'2/11',403,415);
INSERT INTO "patchport" VALUES(489,'2/12',404,416);
INSERT INTO "patchport" VALUES(490,'2/21',405,417);
INSERT INTO "patchport" VALUES(491,'2/31',406,418);
INSERT INTO "patchport" VALUES(492,'2/32',407,419);
INSERT INTO "patchport" VALUES(493,'2/41',408,420);
INSERT INTO "patchport" VALUES(494,'2/42',409,421);
INSERT INTO "patchport" VALUES(495,'2/51',410,422);
INSERT INTO "patchport" VALUES(496,'2/61',411,423);
INSERT INTO "patchport" VALUES(497,'2/62',412,424);
INSERT INTO "patchport" VALUES(498,'2/71',413,425);
INSERT INTO "patchport" VALUES(499,'2/72',414,426);
INSERT INTO "patchport" VALUES(500,'2/81',415,427);
INSERT INTO "patchport" VALUES(501,'2/91',416,428);
INSERT INTO "patchport" VALUES(502,'2/92',417,429);
INSERT INTO "patchport" VALUES(503,'3/11',418,430);
INSERT INTO "patchport" VALUES(504,'3/12',419,431);
INSERT INTO "patchport" VALUES(505,'3/21',420,432);
INSERT INTO "patchport" VALUES(506,'3/31',421,433);
INSERT INTO "patchport" VALUES(507,'3/32',422,434);
INSERT INTO "patchport" VALUES(508,'3/41',423,435);
INSERT INTO "patchport" VALUES(509,'3/42',424,436);
INSERT INTO "patchport" VALUES(510,'3/51',425,437);
INSERT INTO "patchport" VALUES(511,'3/61',426,438);
INSERT INTO "patchport" VALUES(512,'3/62',427,439);
INSERT INTO "patchport" VALUES(513,'3/71',428,440);
INSERT INTO "patchport" VALUES(514,'3/72',429,441);
INSERT INTO "patchport" VALUES(515,'3/81',430,442);
INSERT INTO "patchport" VALUES(516,'3/91',431,443);
INSERT INTO "patchport" VALUES(517,'3/92',432,444);
INSERT INTO "patchport" VALUES(518,'4/11',433,445);
INSERT INTO "patchport" VALUES(519,'4/12',434,446);
INSERT INTO "patchport" VALUES(520,'4/21',435,447);
INSERT INTO "patchport" VALUES(521,'4/31',436,448);
INSERT INTO "patchport" VALUES(522,'4/32',437,449);
INSERT INTO "patchport" VALUES(523,'4/41',438,450);
INSERT INTO "patchport" VALUES(524,'4/42',439,451);
INSERT INTO "patchport" VALUES(525,'4/51',440,452);
INSERT INTO "patchport" VALUES(526,'4/61',441,453);
INSERT INTO "patchport" VALUES(527,'4/62',442,454);
INSERT INTO "patchport" VALUES(528,'4/71',443,455);
INSERT INTO "patchport" VALUES(529,'4/72',444,456);
INSERT INTO "patchport" VALUES(530,'4/81',445,457);
INSERT INTO "patchport" VALUES(531,'4/91',446,458);
INSERT INTO "patchport" VALUES(532,'4/92',447,459);
INSERT INTO "patchport" VALUES(533,'5/11',448,460);
INSERT INTO "patchport" VALUES(534,'5/12',449,461);
INSERT INTO "patchport" VALUES(535,'5/21',450,462);
INSERT INTO "patchport" VALUES(536,'5/31',451,463);
INSERT INTO "patchport" VALUES(537,'5/32',452,464);
INSERT INTO "patchport" VALUES(538,'5/41',453,465);
INSERT INTO "patchport" VALUES(539,'5/42',454,466);
INSERT INTO "patchport" VALUES(540,'5/51',455,467);
INSERT INTO "patchport" VALUES(541,'5/61',456,468);
INSERT INTO "patchport" VALUES(542,'5/62',457,469);
INSERT INTO "patchport" VALUES(543,'5/71',458,470);
INSERT INTO "patchport" VALUES(544,'5/72',459,471);
INSERT INTO "patchport" VALUES(545,'5/81',460,472);
INSERT INTO "patchport" VALUES(546,'5/91',461,473);
INSERT INTO "patchport" VALUES(547,'5/92',462,474);
INSERT INTO "patchport" VALUES(548,'6/11',463,475);
INSERT INTO "patchport" VALUES(549,'6/12',464,476);
INSERT INTO "patchport" VALUES(550,'6/21',465,477);
INSERT INTO "patchport" VALUES(551,'6/31',466,478);
INSERT INTO "patchport" VALUES(552,'6/32',467,479);
INSERT INTO "patchport" VALUES(553,'6/41',468,480);
INSERT INTO "patchport" VALUES(554,'6/42',469,481);
INSERT INTO "patchport" VALUES(555,'6/51',470,482);
INSERT INTO "patchport" VALUES(556,'6/61',471,483);
INSERT INTO "patchport" VALUES(557,'6/62',472,484);
INSERT INTO "patchport" VALUES(558,'6/71',473,485);
INSERT INTO "patchport" VALUES(559,'6/72',474,486);
INSERT INTO "patchport" VALUES(560,'6/81',475,487);
INSERT INTO "patchport" VALUES(561,'6/91',476,488);
INSERT INTO "patchport" VALUES(562,'6/92',477,489);
INSERT INTO "patchport" VALUES(563,'7/11',478,490);
INSERT INTO "patchport" VALUES(564,'7/12',479,491);
INSERT INTO "patchport" VALUES(565,'7/21',480,492);
INSERT INTO "patchport" VALUES(566,'7/31',481,493);
INSERT INTO "patchport" VALUES(567,'7/32',482,494);
INSERT INTO "patchport" VALUES(568,'7/41',483,495);
INSERT INTO "patchport" VALUES(569,'7/42',484,496);
INSERT INTO "patchport" VALUES(570,'7/51',485,497);
INSERT INTO "patchport" VALUES(571,'7/61',486,498);
INSERT INTO "patchport" VALUES(572,'7/62',487,499);
INSERT INTO "patchport" VALUES(573,'7/71',488,500);
INSERT INTO "patchport" VALUES(574,'7/72',489,501);
INSERT INTO "patchport" VALUES(575,'7/81',490,502);
INSERT INTO "patchport" VALUES(576,'7/91',491,503);
INSERT INTO "patchport" VALUES(577,'7/92',492,504);
INSERT INTO "patchport" VALUES(578,'8/11',578,505);
INSERT INTO "patchport" VALUES(579,'8/12',579,506);
INSERT INTO "patchport" VALUES(580,'8/21',580,507);
INSERT INTO "patchport" VALUES(581,'8/31',581,508);
INSERT INTO "patchport" VALUES(582,'8/32',582,509);
INSERT INTO "patchport" VALUES(583,'8/41',583,510);
INSERT INTO "patchport" VALUES(584,'8/42',584,511);
INSERT INTO "patchport" VALUES(585,'8/51',585,512);
INSERT INTO "patchport" VALUES(586,'8/61',586,513);
INSERT INTO "patchport" VALUES(587,'8/62',587,514);
INSERT INTO "patchport" VALUES(588,'8/71',588,515);
INSERT INTO "patchport" VALUES(589,'8/72',589,516);
INSERT INTO "patchport" VALUES(590,'8/81',590,517);
INSERT INTO "patchport" VALUES(591,'8/91',591,518);
INSERT INTO "patchport" VALUES(592,'8/92',592,519);
INSERT INTO "patchport" VALUES(593,'9/11',593,520);
INSERT INTO "patchport" VALUES(594,'9/12',594,521);
INSERT INTO "patchport" VALUES(595,'9/21',595,522);
INSERT INTO "patchport" VALUES(596,'9/31',596,523);
INSERT INTO "patchport" VALUES(597,'9/32',597,524);
INSERT INTO "patchport" VALUES(598,'9/41',598,525);
INSERT INTO "patchport" VALUES(599,'9/42',599,526);
INSERT INTO "patchport" VALUES(600,'9/51',600,527);
INSERT INTO "patchport" VALUES(601,'9/61',601,528);
INSERT INTO "patchport" VALUES(602,'9/62',602,529);
INSERT INTO "patchport" VALUES(603,'9/71',603,530);
INSERT INTO "patchport" VALUES(604,'9/72',604,531);
INSERT INTO "patchport" VALUES(605,'9/81',605,532);
INSERT INTO "patchport" VALUES(606,'9/91',606,533);
INSERT INTO "patchport" VALUES(607,'9/92',607,534);
INSERT INTO "patchport" VALUES(608,'10/11',608,1215);
INSERT INTO "patchport" VALUES(609,'10/12',609,1216);
INSERT INTO "patchport" VALUES(610,'10/21',610,1217);
INSERT INTO "patchport" VALUES(611,'10/22',611,1218);
INSERT INTO "patchport" VALUES(612,'10/31',612,1219);
INSERT INTO "patchport" VALUES(613,'10/32',613,1220);
INSERT INTO "patchport" VALUES(614,'10/33',614,1221);
INSERT INTO "patchport" VALUES(615,'10/34',615,1222);
INSERT INTO "patchport" VALUES(616,'10/35',616,1223);
INSERT INTO "patchport" VALUES(617,'10/36',617,1224);
INSERT INTO "patchport" VALUES(618,'10/41',618,1225);
INSERT INTO "patchport" VALUES(619,'10/42',619,1226);
INSERT INTO "patchport" VALUES(620,'10/51',620,1227);
INSERT INTO "patchport" VALUES(621,'10/52',621,1228);
INSERT INTO "patchport" VALUES(622,'6/11',622,1362);
INSERT INTO "patchport" VALUES(623,'6/12',623,1363);
INSERT INTO "patchport" VALUES(624,'6/21',624,1364);
INSERT INTO "patchport" VALUES(625,'6/22',625,1365);
INSERT INTO "patchport" VALUES(626,'6/31',626,1366);
INSERT INTO "patchport" VALUES(627,'6/32',627,1367);
INSERT INTO "patchport" VALUES(628,'6/33',628,1368);
INSERT INTO "patchport" VALUES(629,'6/34',629,1369);
INSERT INTO "patchport" VALUES(630,'6/35',630,1370);
INSERT INTO "patchport" VALUES(631,'6/36',631,1371);
INSERT INTO "patchport" VALUES(632,'6/41',632,1372);
INSERT INTO "patchport" VALUES(633,'6/42',633,1373);
INSERT INTO "patchport" VALUES(634,'6/51',634,1374);
INSERT INTO "patchport" VALUES(635,'6/52',635,1375);
INSERT INTO "patchport" VALUES(636,'7/11',636,1376);
INSERT INTO "patchport" VALUES(637,'7/12',637,1377);
INSERT INTO "patchport" VALUES(638,'7/13',638,1378);
INSERT INTO "patchport" VALUES(639,'7/21',639,1379);
INSERT INTO "patchport" VALUES(640,'7/22',640,1380);
INSERT INTO "patchport" VALUES(641,'7/31',641,1381);
INSERT INTO "patchport" VALUES(642,'7/32',642,1382);
INSERT INTO "patchport" VALUES(643,'7/33',643,1383);
INSERT INTO "patchport" VALUES(644,'7/34',644,1384);
INSERT INTO "patchport" VALUES(645,'7/35',645,1385);
INSERT INTO "patchport" VALUES(646,'7/36',646,1386);
INSERT INTO "patchport" VALUES(647,'7/41',647,1387);
INSERT INTO "patchport" VALUES(648,'7/42',648,1388);
INSERT INTO "patchport" VALUES(649,'7/43',649,1389);
INSERT INTO "patchport" VALUES(650,'7/51',650,1390);
INSERT INTO "patchport" VALUES(651,'7/52',651,1391);
INSERT INTO "patchport" VALUES(652,'8/11',652,1392);
INSERT INTO "patchport" VALUES(653,'8/12',653,1393);
INSERT INTO "patchport" VALUES(654,'8/13',654,1394);
INSERT INTO "patchport" VALUES(655,'8/21',655,1395);
INSERT INTO "patchport" VALUES(656,'8/22',656,1396);
INSERT INTO "patchport" VALUES(657,'8/31',657,1397);
INSERT INTO "patchport" VALUES(658,'8/32',658,1398);
INSERT INTO "patchport" VALUES(659,'8/33',659,1399);
INSERT INTO "patchport" VALUES(660,'8/34',660,1400);
INSERT INTO "patchport" VALUES(661,'8/35',661,1401);
INSERT INTO "patchport" VALUES(662,'8/36',662,1402);
INSERT INTO "patchport" VALUES(663,'8/41',663,1403);
INSERT INTO "patchport" VALUES(664,'8/42',664,1404);
INSERT INTO "patchport" VALUES(665,'8/43',665,1405);
INSERT INTO "patchport" VALUES(666,'8/51',666,1406);
INSERT INTO "patchport" VALUES(667,'8/52',667,1407);
INSERT INTO "patchport" VALUES(668,'9/11',668,1408);
INSERT INTO "patchport" VALUES(669,'9/12',669,1409);
INSERT INTO "patchport" VALUES(670,'9/21',670,1410);
INSERT INTO "patchport" VALUES(671,'9/22',671,1411);
INSERT INTO "patchport" VALUES(672,'9/31',672,1412);
INSERT INTO "patchport" VALUES(673,'9/32',673,1413);
INSERT INTO "patchport" VALUES(674,'9/33',674,1414);
INSERT INTO "patchport" VALUES(675,'9/34',675,1415);
INSERT INTO "patchport" VALUES(676,'9/35',676,1416);
INSERT INTO "patchport" VALUES(677,'9/36',677,1417);
INSERT INTO "patchport" VALUES(678,'9/41',678,1418);
INSERT INTO "patchport" VALUES(679,'9/42',679,1419);
INSERT INTO "patchport" VALUES(680,'9/51',680,1420);
INSERT INTO "patchport" VALUES(681,'9/52',681,1421);
INSERT INTO "patchport" VALUES(682,'11/01 1',682,535);
INSERT INTO "patchport" VALUES(683,'1/01 1',683,536);
INSERT INTO "patchport" VALUES(684,'1/01 2',684,537);
INSERT INTO "patchport" VALUES(685,'1/02 1',685,538);
INSERT INTO "patchport" VALUES(686,'1/02 2',686,539);
INSERT INTO "patchport" VALUES(687,'1/03 1',687,540);
INSERT INTO "patchport" VALUES(688,'1/04 1',688,541);
INSERT INTO "patchport" VALUES(689,'1/04 2',689,542);
INSERT INTO "patchport" VALUES(690,'1/05 1',690,543);
INSERT INTO "patchport" VALUES(691,'1/05 2',691,544);
INSERT INTO "patchport" VALUES(692,'1/06 1',692,545);
INSERT INTO "patchport" VALUES(693,'1/06 2',693,546);
INSERT INTO "patchport" VALUES(694,'1/08 1',694,547);
INSERT INTO "patchport" VALUES(695,'1/08 2',695,548);
INSERT INTO "patchport" VALUES(696,'1/08 3',696,549);
INSERT INTO "patchport" VALUES(697,'10/01 1',697,550);
INSERT INTO "patchport" VALUES(698,'10/02 1',698,551);
INSERT INTO "patchport" VALUES(699,'10/03 1',699,552);
INSERT INTO "patchport" VALUES(700,'10/03 2',700,553);
INSERT INTO "patchport" VALUES(701,'10/04 1',701,554);
INSERT INTO "patchport" VALUES(702,'10/05 1',702,555);
INSERT INTO "patchport" VALUES(703,'10/05 2',703,556);
INSERT INTO "patchport" VALUES(704,'10/06 1',704,557);
INSERT INTO "patchport" VALUES(705,'10/07 1',705,558);
INSERT INTO "patchport" VALUES(706,'10/07 2',706,559);
INSERT INTO "patchport" VALUES(707,'10/08 1',707,560);
INSERT INTO "patchport" VALUES(708,'10/09 1',708,561);
INSERT INTO "patchport" VALUES(709,'10/09 2',709,562);
INSERT INTO "patchport" VALUES(710,'10/10 1',710,563);
INSERT INTO "patchport" VALUES(711,'10/11 1',711,564);
INSERT INTO "patchport" VALUES(712,'11/02 1',832,565);
INSERT INTO "patchport" VALUES(713,'11/03 1',833,566);
INSERT INTO "patchport" VALUES(714,'11/03 2',834,567);
INSERT INTO "patchport" VALUES(715,'11/04 1',835,568);
INSERT INTO "patchport" VALUES(716,'11/05 1',836,569);
INSERT INTO "patchport" VALUES(717,'11/05 2',837,570);
INSERT INTO "patchport" VALUES(718,'11/06 1',838,571);
INSERT INTO "patchport" VALUES(719,'11/07 1',839,572);
INSERT INTO "patchport" VALUES(720,'11/07 2',840,573);
INSERT INTO "patchport" VALUES(721,'11/08 1',841,574);
INSERT INTO "patchport" VALUES(722,'11/09 1',842,575);
INSERT INTO "patchport" VALUES(723,'11/09 2',843,576);
INSERT INTO "patchport" VALUES(724,'11/10 1',844,577);
INSERT INTO "patchport" VALUES(725,'11/11 1',845,578);
INSERT INTO "patchport" VALUES(726,'12/01 1',846,579);
INSERT INTO "patchport" VALUES(727,'12/02 1',847,580);
INSERT INTO "patchport" VALUES(728,'12/03 1',848,581);
INSERT INTO "patchport" VALUES(729,'12/03 2',849,582);
INSERT INTO "patchport" VALUES(730,'12/04 1',850,583);
INSERT INTO "patchport" VALUES(731,'12/05 1',851,584);
INSERT INTO "patchport" VALUES(732,'12/05 2',852,585);
INSERT INTO "patchport" VALUES(733,'12/06 1',853,586);
INSERT INTO "patchport" VALUES(734,'12/07 1',854,587);
INSERT INTO "patchport" VALUES(735,'12/07 2',855,588);
INSERT INTO "patchport" VALUES(736,'12/08 1',856,589);
INSERT INTO "patchport" VALUES(737,'12/09 1',857,590);
INSERT INTO "patchport" VALUES(738,'12/09 2',858,591);
INSERT INTO "patchport" VALUES(739,'12/10 1',859,592);
INSERT INTO "patchport" VALUES(740,'12/11 1',860,593);
INSERT INTO "patchport" VALUES(741,'13/01 1',861,594);
INSERT INTO "patchport" VALUES(742,'13/02 1',862,595);
INSERT INTO "patchport" VALUES(743,'13/03 1',863,596);
INSERT INTO "patchport" VALUES(744,'13/03 2',864,597);
INSERT INTO "patchport" VALUES(745,'13/04 1',865,598);
INSERT INTO "patchport" VALUES(746,'13/05 1',866,599);
INSERT INTO "patchport" VALUES(747,'13/05 2',867,600);
INSERT INTO "patchport" VALUES(748,'13/06 1',868,601);
INSERT INTO "patchport" VALUES(749,'13/07 1',869,602);
INSERT INTO "patchport" VALUES(750,'13/07 2',870,603);
INSERT INTO "patchport" VALUES(751,'13/08 1',871,604);
INSERT INTO "patchport" VALUES(752,'13/09 1',872,605);
INSERT INTO "patchport" VALUES(753,'13/09 2',873,606);
INSERT INTO "patchport" VALUES(754,'13/10 1',874,607);
INSERT INTO "patchport" VALUES(755,'13/11 1',875,608);
INSERT INTO "patchport" VALUES(756,'14/01 1',876,609);
INSERT INTO "patchport" VALUES(757,'14/02 1',877,610);
INSERT INTO "patchport" VALUES(758,'14/03 1',878,611);
INSERT INTO "patchport" VALUES(759,'14/03 2',879,612);
INSERT INTO "patchport" VALUES(760,'14/04 1',880,613);
INSERT INTO "patchport" VALUES(761,'14/05 1',881,614);
INSERT INTO "patchport" VALUES(762,'14/05 2',882,615);
INSERT INTO "patchport" VALUES(763,'14/06 1',883,616);
INSERT INTO "patchport" VALUES(764,'14/07 1',884,617);
INSERT INTO "patchport" VALUES(765,'14/07 2',885,618);
INSERT INTO "patchport" VALUES(766,'14/08 1',886,619);
INSERT INTO "patchport" VALUES(767,'14/09 1',887,620);
INSERT INTO "patchport" VALUES(768,'14/09 2',888,621);
INSERT INTO "patchport" VALUES(769,'14/10 1',889,622);
INSERT INTO "patchport" VALUES(770,'14/11 1',890,623);
INSERT INTO "patchport" VALUES(771,'15/01 1',891,624);
INSERT INTO "patchport" VALUES(772,'15/02 1',892,625);
INSERT INTO "patchport" VALUES(773,'15/03 1',893,626);
INSERT INTO "patchport" VALUES(774,'15/03 2',894,627);
INSERT INTO "patchport" VALUES(775,'15/04 1',895,628);
INSERT INTO "patchport" VALUES(776,'15/05 1',896,629);
INSERT INTO "patchport" VALUES(777,'15/05 2',897,630);
INSERT INTO "patchport" VALUES(778,'15/06 1',898,631);
INSERT INTO "patchport" VALUES(779,'15/07 1',899,632);
INSERT INTO "patchport" VALUES(780,'15/07 2',900,633);
INSERT INTO "patchport" VALUES(781,'15/08 1',901,634);
INSERT INTO "patchport" VALUES(782,'15/09 1',902,635);
INSERT INTO "patchport" VALUES(783,'15/09 2',903,636);
INSERT INTO "patchport" VALUES(784,'15/10 1',904,637);
INSERT INTO "patchport" VALUES(785,'15/11 1',905,638);
INSERT INTO "patchport" VALUES(786,'2/01 1',712,639);
INSERT INTO "patchport" VALUES(787,'2/02 1',713,640);
INSERT INTO "patchport" VALUES(788,'2/03 1',714,641);
INSERT INTO "patchport" VALUES(789,'2/03 2',715,642);
INSERT INTO "patchport" VALUES(790,'2/04 1',716,643);
INSERT INTO "patchport" VALUES(791,'2/05 1',717,644);
INSERT INTO "patchport" VALUES(792,'2/05 2',718,645);
INSERT INTO "patchport" VALUES(793,'2/06 1',719,646);
INSERT INTO "patchport" VALUES(794,'2/07 1',720,647);
INSERT INTO "patchport" VALUES(795,'2/07 2',721,648);
INSERT INTO "patchport" VALUES(796,'2/08 1',722,649);
INSERT INTO "patchport" VALUES(797,'2/09 1',723,650);
INSERT INTO "patchport" VALUES(798,'2/09 2',724,651);
INSERT INTO "patchport" VALUES(799,'2/10 1',725,652);
INSERT INTO "patchport" VALUES(800,'2/11 1',726,653);
INSERT INTO "patchport" VALUES(801,'3/01 1',727,654);
INSERT INTO "patchport" VALUES(802,'3/02 1',728,655);
INSERT INTO "patchport" VALUES(803,'3/03 1',729,656);
INSERT INTO "patchport" VALUES(804,'3/03 2',730,657);
INSERT INTO "patchport" VALUES(805,'3/04 1',731,658);
INSERT INTO "patchport" VALUES(806,'3/05 1',732,659);
INSERT INTO "patchport" VALUES(807,'3/05 2',733,660);
INSERT INTO "patchport" VALUES(808,'3/06 1',734,661);
INSERT INTO "patchport" VALUES(809,'3/07 1',735,662);
INSERT INTO "patchport" VALUES(810,'3/07 2',736,663);
INSERT INTO "patchport" VALUES(811,'3/08 1',737,664);
INSERT INTO "patchport" VALUES(812,'3/09 1',738,665);
INSERT INTO "patchport" VALUES(813,'3/09 2',739,666);
INSERT INTO "patchport" VALUES(814,'3/10 1',740,667);
INSERT INTO "patchport" VALUES(815,'3/11 1',741,668);
INSERT INTO "patchport" VALUES(816,'4/01 1',742,669);
INSERT INTO "patchport" VALUES(817,'4/02 1',743,670);
INSERT INTO "patchport" VALUES(818,'4/03 1',744,671);
INSERT INTO "patchport" VALUES(819,'4/03 2',745,672);
INSERT INTO "patchport" VALUES(820,'4/04 1',746,673);
INSERT INTO "patchport" VALUES(821,'4/05 1',747,674);
INSERT INTO "patchport" VALUES(822,'4/05 2',748,675);
INSERT INTO "patchport" VALUES(823,'4/06 1',749,676);
INSERT INTO "patchport" VALUES(824,'4/07 1',750,677);
INSERT INTO "patchport" VALUES(825,'4/07 2',751,678);
INSERT INTO "patchport" VALUES(826,'4/08 1',752,679);
INSERT INTO "patchport" VALUES(827,'4/09 1',753,680);
INSERT INTO "patchport" VALUES(828,'4/09 2',754,681);
INSERT INTO "patchport" VALUES(829,'4/10 1',755,682);
INSERT INTO "patchport" VALUES(830,'4/11 1',756,683);
INSERT INTO "patchport" VALUES(831,'5/01 1',757,684);
INSERT INTO "patchport" VALUES(832,'5/02 1',758,685);
INSERT INTO "patchport" VALUES(833,'5/03 1',759,686);
INSERT INTO "patchport" VALUES(834,'5/03 2',760,687);
INSERT INTO "patchport" VALUES(835,'5/04 1',761,688);
INSERT INTO "patchport" VALUES(836,'5/05 1',762,689);
INSERT INTO "patchport" VALUES(837,'5/05 2',763,690);
INSERT INTO "patchport" VALUES(838,'5/06 1',764,691);
INSERT INTO "patchport" VALUES(839,'5/07 1',765,692);
INSERT INTO "patchport" VALUES(840,'5/07 2',766,693);
INSERT INTO "patchport" VALUES(841,'5/08 1',767,694);
INSERT INTO "patchport" VALUES(842,'5/09 1',768,695);
INSERT INTO "patchport" VALUES(843,'5/09 2',769,696);
INSERT INTO "patchport" VALUES(844,'5/10 1',770,697);
INSERT INTO "patchport" VALUES(845,'5/11 1',771,698);
INSERT INTO "patchport" VALUES(846,'6/01 1',772,699);
INSERT INTO "patchport" VALUES(847,'6/02 1',773,700);
INSERT INTO "patchport" VALUES(848,'6/03 1',774,701);
INSERT INTO "patchport" VALUES(849,'6/03 2',775,702);
INSERT INTO "patchport" VALUES(850,'6/04 1',776,703);
INSERT INTO "patchport" VALUES(851,'6/05 1',777,704);
INSERT INTO "patchport" VALUES(852,'6/05 2',778,705);
INSERT INTO "patchport" VALUES(853,'6/06 1',779,706);
INSERT INTO "patchport" VALUES(854,'6/07 1',780,707);
INSERT INTO "patchport" VALUES(855,'6/07 2',781,708);
INSERT INTO "patchport" VALUES(856,'6/08 1',782,709);
INSERT INTO "patchport" VALUES(857,'6/09 1',783,710);
INSERT INTO "patchport" VALUES(858,'6/09 2',784,711);
INSERT INTO "patchport" VALUES(859,'6/10 1',785,712);
INSERT INTO "patchport" VALUES(860,'6/11 1',786,713);
INSERT INTO "patchport" VALUES(861,'7/01 1',787,714);
INSERT INTO "patchport" VALUES(862,'7/02 1',788,715);
INSERT INTO "patchport" VALUES(863,'7/03 1',789,716);
INSERT INTO "patchport" VALUES(864,'7/03 2',790,717);
INSERT INTO "patchport" VALUES(865,'7/04 1',791,718);
INSERT INTO "patchport" VALUES(866,'7/05 1',792,719);
INSERT INTO "patchport" VALUES(867,'7/05 2',793,720);
INSERT INTO "patchport" VALUES(868,'7/06 1',794,721);
INSERT INTO "patchport" VALUES(869,'7/07 1',795,722);
INSERT INTO "patchport" VALUES(870,'7/07 2',796,723);
INSERT INTO "patchport" VALUES(871,'7/08 1',797,724);
INSERT INTO "patchport" VALUES(872,'7/09 1',798,725);
INSERT INTO "patchport" VALUES(873,'7/09 2',799,726);
INSERT INTO "patchport" VALUES(874,'7/10 1',800,727);
INSERT INTO "patchport" VALUES(875,'7/11 1',801,728);
INSERT INTO "patchport" VALUES(876,'8/01 1',802,729);
INSERT INTO "patchport" VALUES(877,'8/02 1',803,730);
INSERT INTO "patchport" VALUES(878,'8/03 1',804,731);
INSERT INTO "patchport" VALUES(879,'8/03 2',805,732);
INSERT INTO "patchport" VALUES(880,'8/04 1',806,733);
INSERT INTO "patchport" VALUES(881,'8/05 1',807,734);
INSERT INTO "patchport" VALUES(882,'8/05 2',808,735);
INSERT INTO "patchport" VALUES(883,'8/06 1',809,736);
INSERT INTO "patchport" VALUES(884,'8/07 1',810,737);
INSERT INTO "patchport" VALUES(885,'8/07 2',811,738);
INSERT INTO "patchport" VALUES(886,'8/08 1',812,739);
INSERT INTO "patchport" VALUES(887,'8/09 1',813,740);
INSERT INTO "patchport" VALUES(888,'8/09 2',814,741);
INSERT INTO "patchport" VALUES(889,'8/10 1',815,742);
INSERT INTO "patchport" VALUES(890,'8/11 1',816,743);
INSERT INTO "patchport" VALUES(891,'9/01 1',817,744);
INSERT INTO "patchport" VALUES(892,'9/02 1',818,745);
INSERT INTO "patchport" VALUES(893,'9/03 1',819,746);
INSERT INTO "patchport" VALUES(894,'9/03 2',820,747);
INSERT INTO "patchport" VALUES(895,'9/04 1',821,748);
INSERT INTO "patchport" VALUES(896,'9/05 1',822,749);
INSERT INTO "patchport" VALUES(897,'9/05 2',823,750);
INSERT INTO "patchport" VALUES(898,'9/06 1',824,751);
INSERT INTO "patchport" VALUES(899,'9/07 1',825,752);
INSERT INTO "patchport" VALUES(900,'9/07 2',826,753);
INSERT INTO "patchport" VALUES(901,'9/08 1',827,754);
INSERT INTO "patchport" VALUES(902,'9/09 1',828,755);
INSERT INTO "patchport" VALUES(903,'9/09 2',829,756);
INSERT INTO "patchport" VALUES(904,'9/10 1',830,757);
INSERT INTO "patchport" VALUES(905,'9/11 1',831,758);
INSERT INTO "patchport" VALUES(906,'0/21',906,759);
INSERT INTO "patchport" VALUES(907,'0/41',1032,760);
INSERT INTO "patchport" VALUES(908,'0/51',1033,761);
INSERT INTO "patchport" VALUES(909,'0/83',1034,762);
INSERT INTO "patchport" VALUES(910,'1/11',1035,763);
INSERT INTO "patchport" VALUES(911,'1/13',1036,764);
INSERT INTO "patchport" VALUES(912,'1/14',1037,765);
INSERT INTO "patchport" VALUES(913,'1/30',1038,766);
INSERT INTO "patchport" VALUES(914,'1/41',1039,767);
INSERT INTO "patchport" VALUES(915,'1/42',1040,768);
INSERT INTO "patchport" VALUES(916,'1/43',1041,769);
INSERT INTO "patchport" VALUES(917,'1/44',1042,770);
INSERT INTO "patchport" VALUES(918,'1/45',1043,771);
INSERT INTO "patchport" VALUES(919,'10/11',907,772);
INSERT INTO "patchport" VALUES(920,'10/21',908,773);
INSERT INTO "patchport" VALUES(921,'10/22',909,774);
INSERT INTO "patchport" VALUES(922,'10/23',910,775);
INSERT INTO "patchport" VALUES(923,'10/31',911,776);
INSERT INTO "patchport" VALUES(924,'10/41',912,777);
INSERT INTO "patchport" VALUES(925,'10/42',913,778);
INSERT INTO "patchport" VALUES(926,'10/43',914,779);
INSERT INTO "patchport" VALUES(927,'10/44',915,780);
INSERT INTO "patchport" VALUES(928,'10/45',916,781);
INSERT INTO "patchport" VALUES(929,'10/51',917,782);
INSERT INTO "patchport" VALUES(930,'10/61',918,783);
INSERT INTO "patchport" VALUES(931,'10/62',919,784);
INSERT INTO "patchport" VALUES(932,'10/63',920,785);
INSERT INTO "patchport" VALUES(933,'10/71',921,786);
INSERT INTO "patchport" VALUES(934,'11/11',922,787);
INSERT INTO "patchport" VALUES(935,'11/21',923,788);
INSERT INTO "patchport" VALUES(936,'11/22',924,789);
INSERT INTO "patchport" VALUES(937,'11/23',925,790);
INSERT INTO "patchport" VALUES(938,'11/31',926,791);
INSERT INTO "patchport" VALUES(939,'11/41',927,792);
INSERT INTO "patchport" VALUES(940,'11/42',928,793);
INSERT INTO "patchport" VALUES(941,'11/43',929,794);
INSERT INTO "patchport" VALUES(942,'11/44',930,795);
INSERT INTO "patchport" VALUES(943,'11/45',931,796);
INSERT INTO "patchport" VALUES(944,'11/51',932,797);
INSERT INTO "patchport" VALUES(945,'11/61',933,798);
INSERT INTO "patchport" VALUES(946,'11/62',934,799);
INSERT INTO "patchport" VALUES(947,'11/63',935,800);
INSERT INTO "patchport" VALUES(948,'11/71',936,801);
INSERT INTO "patchport" VALUES(949,'12/11',937,802);
INSERT INTO "patchport" VALUES(950,'12/21',938,803);
INSERT INTO "patchport" VALUES(951,'12/22',939,804);
INSERT INTO "patchport" VALUES(952,'12/23',940,805);
INSERT INTO "patchport" VALUES(953,'12/31',941,806);
INSERT INTO "patchport" VALUES(954,'12/41',942,807);
INSERT INTO "patchport" VALUES(955,'12/42',943,808);
INSERT INTO "patchport" VALUES(956,'12/43',944,809);
INSERT INTO "patchport" VALUES(957,'12/44',945,810);
INSERT INTO "patchport" VALUES(958,'12/45',946,811);
INSERT INTO "patchport" VALUES(959,'12/51',947,812);
INSERT INTO "patchport" VALUES(960,'12/61',948,813);
INSERT INTO "patchport" VALUES(961,'12/62',949,814);
INSERT INTO "patchport" VALUES(962,'12/63',950,815);
INSERT INTO "patchport" VALUES(963,'12/71',951,816);
INSERT INTO "patchport" VALUES(964,'13/11',952,817);
INSERT INTO "patchport" VALUES(965,'13/21',953,818);
INSERT INTO "patchport" VALUES(966,'13/22',954,819);
INSERT INTO "patchport" VALUES(967,'13/23',955,820);
INSERT INTO "patchport" VALUES(968,'13/31',956,821);
INSERT INTO "patchport" VALUES(969,'13/41',957,822);
INSERT INTO "patchport" VALUES(970,'13/42',958,823);
INSERT INTO "patchport" VALUES(971,'13/43',959,824);
INSERT INTO "patchport" VALUES(972,'13/44',960,825);
INSERT INTO "patchport" VALUES(973,'13/45',961,826);
INSERT INTO "patchport" VALUES(974,'13/51',962,827);
INSERT INTO "patchport" VALUES(975,'13/61',963,828);
INSERT INTO "patchport" VALUES(976,'13/62',964,829);
INSERT INTO "patchport" VALUES(977,'13/63',965,830);
INSERT INTO "patchport" VALUES(978,'13/71',966,831);
INSERT INTO "patchport" VALUES(979,'14/11',967,832);
INSERT INTO "patchport" VALUES(980,'14/21',968,833);
INSERT INTO "patchport" VALUES(981,'14/22',969,834);
INSERT INTO "patchport" VALUES(982,'14/23',970,835);
INSERT INTO "patchport" VALUES(983,'14/31',971,836);
INSERT INTO "patchport" VALUES(984,'14/41',972,837);
INSERT INTO "patchport" VALUES(985,'14/42',973,838);
INSERT INTO "patchport" VALUES(986,'14/43',974,839);
INSERT INTO "patchport" VALUES(987,'14/44',975,840);
INSERT INTO "patchport" VALUES(988,'14/45',976,841);
INSERT INTO "patchport" VALUES(989,'14/51',977,842);
INSERT INTO "patchport" VALUES(990,'14/61',978,843);
INSERT INTO "patchport" VALUES(991,'14/62',979,844);
INSERT INTO "patchport" VALUES(992,'14/63',980,845);
INSERT INTO "patchport" VALUES(993,'14/71',981,846);
INSERT INTO "patchport" VALUES(994,'15/11',982,847);
INSERT INTO "patchport" VALUES(995,'15/21',983,848);
INSERT INTO "patchport" VALUES(996,'15/22',984,849);
INSERT INTO "patchport" VALUES(997,'15/23',985,850);
INSERT INTO "patchport" VALUES(998,'15/31',986,851);
INSERT INTO "patchport" VALUES(999,'15/41',987,852);
INSERT INTO "patchport" VALUES(1000,'15/42',988,853);
INSERT INTO "patchport" VALUES(1001,'15/43',989,854);
INSERT INTO "patchport" VALUES(1002,'15/44',990,855);
INSERT INTO "patchport" VALUES(1003,'15/45',991,856);
INSERT INTO "patchport" VALUES(1004,'15/51',992,857);
INSERT INTO "patchport" VALUES(1005,'15/61',993,858);
INSERT INTO "patchport" VALUES(1006,'15/62',994,859);
INSERT INTO "patchport" VALUES(1007,'15/63',995,860);
INSERT INTO "patchport" VALUES(1008,'15/71',996,861);
INSERT INTO "patchport" VALUES(1009,'16/11',997,862);
INSERT INTO "patchport" VALUES(1010,'16/12',998,863);
INSERT INTO "patchport" VALUES(1011,'16/13',999,864);
INSERT INTO "patchport" VALUES(1012,'16/14',1000,865);
INSERT INTO "patchport" VALUES(1013,'16/15',1001,866);
INSERT INTO "patchport" VALUES(1014,'2/11',1044,867);
INSERT INTO "patchport" VALUES(1015,'2/21',1045,868);
INSERT INTO "patchport" VALUES(1016,'2/22',1046,869);
INSERT INTO "patchport" VALUES(1017,'2/23',1047,870);
INSERT INTO "patchport" VALUES(1018,'2/31',1048,871);
INSERT INTO "patchport" VALUES(1019,'2/41',1049,872);
INSERT INTO "patchport" VALUES(1020,'2/42',1050,873);
INSERT INTO "patchport" VALUES(1021,'2/43',1051,874);
INSERT INTO "patchport" VALUES(1022,'2/44',1052,875);
INSERT INTO "patchport" VALUES(1023,'2/45',1053,876);
INSERT INTO "patchport" VALUES(1024,'2/51',1054,877);
INSERT INTO "patchport" VALUES(1025,'2/61',1055,878);
INSERT INTO "patchport" VALUES(1026,'2/62',1056,879);
INSERT INTO "patchport" VALUES(1027,'2/63',1057,880);
INSERT INTO "patchport" VALUES(1028,'2/71',1058,881);
INSERT INTO "patchport" VALUES(1029,'3/11',1059,882);
INSERT INTO "patchport" VALUES(1030,'3/21',1060,883);
INSERT INTO "patchport" VALUES(1031,'3/22',1061,884);
INSERT INTO "patchport" VALUES(1032,'3/23',1062,885);
INSERT INTO "patchport" VALUES(1033,'3/31',1063,886);
INSERT INTO "patchport" VALUES(1034,'3/41',1064,887);
INSERT INTO "patchport" VALUES(1035,'3/42',1065,888);
INSERT INTO "patchport" VALUES(1036,'3/43',1066,889);
INSERT INTO "patchport" VALUES(1037,'3/44',1067,890);
INSERT INTO "patchport" VALUES(1038,'3/45',1068,891);
INSERT INTO "patchport" VALUES(1039,'3/51',1069,892);
INSERT INTO "patchport" VALUES(1040,'3/61',1070,893);
INSERT INTO "patchport" VALUES(1041,'3/62',1071,894);
INSERT INTO "patchport" VALUES(1042,'3/63',1072,895);
INSERT INTO "patchport" VALUES(1043,'3/71',1073,896);
INSERT INTO "patchport" VALUES(1044,'4/11',1074,897);
INSERT INTO "patchport" VALUES(1045,'4/21',1075,898);
INSERT INTO "patchport" VALUES(1046,'4/22',1076,899);
INSERT INTO "patchport" VALUES(1047,'4/23',1077,900);
INSERT INTO "patchport" VALUES(1048,'4/31',1078,901);
INSERT INTO "patchport" VALUES(1049,'4/41',1079,902);
INSERT INTO "patchport" VALUES(1050,'4/42',1080,903);
INSERT INTO "patchport" VALUES(1051,'4/43',1081,904);
INSERT INTO "patchport" VALUES(1052,'4/44',1082,905);
INSERT INTO "patchport" VALUES(1053,'4/45',1083,906);
INSERT INTO "patchport" VALUES(1054,'4/51',1084,907);
INSERT INTO "patchport" VALUES(1055,'4/61',1085,908);
INSERT INTO "patchport" VALUES(1056,'4/62',1086,909);
INSERT INTO "patchport" VALUES(1057,'4/63',1087,910);
INSERT INTO "patchport" VALUES(1058,'4/71',1088,911);
INSERT INTO "patchport" VALUES(1059,'5/11',1089,912);
INSERT INTO "patchport" VALUES(1060,'5/21',1090,913);
INSERT INTO "patchport" VALUES(1061,'5/22',1091,914);
INSERT INTO "patchport" VALUES(1062,'5/23',1092,915);
INSERT INTO "patchport" VALUES(1063,'5/31',1093,916);
INSERT INTO "patchport" VALUES(1064,'5/41',1094,917);
INSERT INTO "patchport" VALUES(1065,'5/42',1095,918);
INSERT INTO "patchport" VALUES(1066,'5/43',1096,919);
INSERT INTO "patchport" VALUES(1067,'5/44',1097,920);
INSERT INTO "patchport" VALUES(1068,'5/45',1098,921);
INSERT INTO "patchport" VALUES(1069,'5/51',1099,922);
INSERT INTO "patchport" VALUES(1070,'5/61',1100,923);
INSERT INTO "patchport" VALUES(1071,'5/62',1101,924);
INSERT INTO "patchport" VALUES(1072,'5/63',1102,925);
INSERT INTO "patchport" VALUES(1073,'5/71',1103,926);
INSERT INTO "patchport" VALUES(1074,'6/11',1104,927);
INSERT INTO "patchport" VALUES(1075,'6/21',1105,928);
INSERT INTO "patchport" VALUES(1076,'6/22',1106,929);
INSERT INTO "patchport" VALUES(1077,'6/23',1107,930);
INSERT INTO "patchport" VALUES(1078,'6/31',1108,931);
INSERT INTO "patchport" VALUES(1079,'6/41',1109,932);
INSERT INTO "patchport" VALUES(1080,'6/42',1110,933);
INSERT INTO "patchport" VALUES(1081,'6/43',1111,934);
INSERT INTO "patchport" VALUES(1082,'6/44',1112,935);
INSERT INTO "patchport" VALUES(1083,'6/45',1113,936);
INSERT INTO "patchport" VALUES(1084,'6/51',1114,937);
INSERT INTO "patchport" VALUES(1085,'6/61',1115,938);
INSERT INTO "patchport" VALUES(1086,'6/62',1116,939);
INSERT INTO "patchport" VALUES(1087,'6/63',1117,940);
INSERT INTO "patchport" VALUES(1088,'6/71',1118,941);
INSERT INTO "patchport" VALUES(1089,'7/11',1119,942);
INSERT INTO "patchport" VALUES(1090,'7/21',1120,943);
INSERT INTO "patchport" VALUES(1091,'7/22',1121,944);
INSERT INTO "patchport" VALUES(1092,'7/23',1122,945);
INSERT INTO "patchport" VALUES(1093,'7/31',1123,946);
INSERT INTO "patchport" VALUES(1094,'7/41',1124,947);
INSERT INTO "patchport" VALUES(1095,'7/42',1125,948);
INSERT INTO "patchport" VALUES(1096,'7/43',1126,949);
INSERT INTO "patchport" VALUES(1097,'7/44',1127,950);
INSERT INTO "patchport" VALUES(1098,'7/45',1128,951);
INSERT INTO "patchport" VALUES(1099,'7/51',1129,952);
INSERT INTO "patchport" VALUES(1100,'7/61',1130,953);
INSERT INTO "patchport" VALUES(1101,'7/62',1131,954);
INSERT INTO "patchport" VALUES(1102,'7/63',1132,955);
INSERT INTO "patchport" VALUES(1103,'7/71',1133,956);
INSERT INTO "patchport" VALUES(1104,'8/11',1002,957);
INSERT INTO "patchport" VALUES(1105,'8/21',1003,958);
INSERT INTO "patchport" VALUES(1106,'8/22',1004,959);
INSERT INTO "patchport" VALUES(1107,'8/23',1005,960);
INSERT INTO "patchport" VALUES(1108,'8/31',1006,961);
INSERT INTO "patchport" VALUES(1109,'8/41',1007,962);
INSERT INTO "patchport" VALUES(1110,'8/42',1008,963);
INSERT INTO "patchport" VALUES(1111,'8/43',1009,964);
INSERT INTO "patchport" VALUES(1112,'8/44',1010,965);
INSERT INTO "patchport" VALUES(1113,'8/45',1011,966);
INSERT INTO "patchport" VALUES(1114,'8/51',1012,967);
INSERT INTO "patchport" VALUES(1115,'8/61',1013,968);
INSERT INTO "patchport" VALUES(1116,'8/62',1014,969);
INSERT INTO "patchport" VALUES(1117,'8/63',1015,970);
INSERT INTO "patchport" VALUES(1118,'8/71',1016,971);
INSERT INTO "patchport" VALUES(1119,'9/11',1017,972);
INSERT INTO "patchport" VALUES(1120,'9/21',1018,973);
INSERT INTO "patchport" VALUES(1121,'9/22',1019,974);
INSERT INTO "patchport" VALUES(1122,'9/23',1020,975);
INSERT INTO "patchport" VALUES(1123,'9/31',1021,976);
INSERT INTO "patchport" VALUES(1124,'9/41',1022,977);
INSERT INTO "patchport" VALUES(1125,'9/42',1023,978);
INSERT INTO "patchport" VALUES(1126,'9/43',1024,979);
INSERT INTO "patchport" VALUES(1127,'9/44',1025,980);
INSERT INTO "patchport" VALUES(1128,'9/45',1026,981);
INSERT INTO "patchport" VALUES(1129,'9/51',1027,982);
INSERT INTO "patchport" VALUES(1130,'9/61',1028,983);
INSERT INTO "patchport" VALUES(1131,'9/62',1029,984);
INSERT INTO "patchport" VALUES(1132,'9/63',1030,985);
INSERT INTO "patchport" VALUES(1133,'9/71',1031,986);
INSERT INTO "patchport" VALUES(1134,'08/11',1134,987);
INSERT INTO "patchport" VALUES(1135,'01/11',1135,988);
INSERT INTO "patchport" VALUES(1136,'01/12',1136,989);
INSERT INTO "patchport" VALUES(1137,'01/21',1137,990);
INSERT INTO "patchport" VALUES(1138,'01/22',1138,991);
INSERT INTO "patchport" VALUES(1139,'01/31',1139,992);
INSERT INTO "patchport" VALUES(1140,'01/41',1140,993);
INSERT INTO "patchport" VALUES(1141,'01/41',1141,994);
INSERT INTO "patchport" VALUES(1142,'01/41',1142,995);
INSERT INTO "patchport" VALUES(1143,'01/51',1143,996);
INSERT INTO "patchport" VALUES(1144,'01/61',1144,997);
INSERT INTO "patchport" VALUES(1145,'01/71',1145,998);
INSERT INTO "patchport" VALUES(1146,'01/72',1146,999);
INSERT INTO "patchport" VALUES(1147,'01/80',1147,1000);
INSERT INTO "patchport" VALUES(1148,'02/11',1148,1001);
INSERT INTO "patchport" VALUES(1149,'02/12',1149,1002);
INSERT INTO "patchport" VALUES(1150,'02/13',1150,1003);
INSERT INTO "patchport" VALUES(1151,'02/14',1151,1004);
INSERT INTO "patchport" VALUES(1152,'02/21',1152,1005);
INSERT INTO "patchport" VALUES(1153,'02/22',1153,1006);
INSERT INTO "patchport" VALUES(1154,'02/31',1154,1007);
INSERT INTO "patchport" VALUES(1155,'02/32',1155,1008);
INSERT INTO "patchport" VALUES(1156,'02/33',1156,1009);
INSERT INTO "patchport" VALUES(1157,'02/41',1157,1010);
INSERT INTO "patchport" VALUES(1158,'02/42',1158,1011);
INSERT INTO "patchport" VALUES(1159,'02/43',1159,1012);
INSERT INTO "patchport" VALUES(1160,'02/44',1160,1013);
INSERT INTO "patchport" VALUES(1161,'03/11',1161,1014);
INSERT INTO "patchport" VALUES(1162,'03/21',1162,1015);
INSERT INTO "patchport" VALUES(1163,'03/22',1163,1016);
INSERT INTO "patchport" VALUES(1164,'03/23',1164,1017);
INSERT INTO "patchport" VALUES(1165,'03/31',1165,1018);
INSERT INTO "patchport" VALUES(1166,'03/41',1166,1019);
INSERT INTO "patchport" VALUES(1167,'03/42',1167,1020);
INSERT INTO "patchport" VALUES(1168,'03/51',1168,1021);
INSERT INTO "patchport" VALUES(1169,'03/52',1169,1022);
INSERT INTO "patchport" VALUES(1170,'03/53',1170,1023);
INSERT INTO "patchport" VALUES(1171,'03/61',1171,1024);
INSERT INTO "patchport" VALUES(1172,'03/71',1172,1025);
INSERT INTO "patchport" VALUES(1173,'03/72',1173,1026);
INSERT INTO "patchport" VALUES(1174,'03/73',1174,1027);
INSERT INTO "patchport" VALUES(1175,'03/81',1175,1028);
INSERT INTO "patchport" VALUES(1176,'04/11',1176,1029);
INSERT INTO "patchport" VALUES(1177,'04/12',1177,1030);
INSERT INTO "patchport" VALUES(1178,'04/13',1178,1031);
INSERT INTO "patchport" VALUES(1179,'04/14',1179,1032);
INSERT INTO "patchport" VALUES(1180,'04/21',1180,1033);
INSERT INTO "patchport" VALUES(1181,'04/22',1181,1034);
INSERT INTO "patchport" VALUES(1182,'04/31',1182,1035);
INSERT INTO "patchport" VALUES(1183,'04/32',1183,1036);
INSERT INTO "patchport" VALUES(1184,'04/33',1184,1037);
INSERT INTO "patchport" VALUES(1185,'04/41',1185,1038);
INSERT INTO "patchport" VALUES(1186,'04/42',1186,1039);
INSERT INTO "patchport" VALUES(1187,'04/43',1187,1040);
INSERT INTO "patchport" VALUES(1188,'04/44',1188,1041);
INSERT INTO "patchport" VALUES(1189,'05/11',1189,1042);
INSERT INTO "patchport" VALUES(1190,'05/21',1190,1043);
INSERT INTO "patchport" VALUES(1191,'05/22',1191,1044);
INSERT INTO "patchport" VALUES(1192,'05/23',1192,1045);
INSERT INTO "patchport" VALUES(1193,'05/31',1193,1046);
INSERT INTO "patchport" VALUES(1194,'05/41',1194,1047);
INSERT INTO "patchport" VALUES(1195,'05/42',1195,1048);
INSERT INTO "patchport" VALUES(1196,'05/51',1196,1049);
INSERT INTO "patchport" VALUES(1197,'05/52',1197,1050);
INSERT INTO "patchport" VALUES(1198,'05/53',1198,1051);
INSERT INTO "patchport" VALUES(1199,'05/61',1199,1052);
INSERT INTO "patchport" VALUES(1200,'05/71',1200,1053);
INSERT INTO "patchport" VALUES(1201,'05/72',1201,1054);
INSERT INTO "patchport" VALUES(1202,'05/73',1202,1055);
INSERT INTO "patchport" VALUES(1203,'05/81',1203,1056);
INSERT INTO "patchport" VALUES(1204,'06/11',1204,1057);
INSERT INTO "patchport" VALUES(1205,'06/12',1205,1058);
INSERT INTO "patchport" VALUES(1206,'06/13',1206,1059);
INSERT INTO "patchport" VALUES(1207,'06/14',1207,1060);
INSERT INTO "patchport" VALUES(1208,'06/21',1208,1061);
INSERT INTO "patchport" VALUES(1209,'06/22',1209,1062);
INSERT INTO "patchport" VALUES(1210,'06/31',1210,1063);
INSERT INTO "patchport" VALUES(1211,'06/32',1211,1064);
INSERT INTO "patchport" VALUES(1212,'06/33',1212,1065);
INSERT INTO "patchport" VALUES(1213,'06/41',1213,1066);
INSERT INTO "patchport" VALUES(1214,'06/42',1214,1067);
INSERT INTO "patchport" VALUES(1215,'06/43',1215,1068);
INSERT INTO "patchport" VALUES(1216,'06/44',1216,1069);
INSERT INTO "patchport" VALUES(1217,'07/11',1217,1070);
INSERT INTO "patchport" VALUES(1218,'07/21',1218,1071);
INSERT INTO "patchport" VALUES(1219,'07/22',1219,1072);
INSERT INTO "patchport" VALUES(1220,'07/23',1220,1073);
INSERT INTO "patchport" VALUES(1221,'07/31',1221,1074);
INSERT INTO "patchport" VALUES(1222,'07/41',1222,1075);
INSERT INTO "patchport" VALUES(1223,'07/42',1223,1076);
INSERT INTO "patchport" VALUES(1224,'07/51',1224,1077);
INSERT INTO "patchport" VALUES(1225,'07/52',1225,1078);
INSERT INTO "patchport" VALUES(1226,'07/53',1226,1079);
INSERT INTO "patchport" VALUES(1227,'07/61',1227,1080);
INSERT INTO "patchport" VALUES(1228,'07/71',1228,1081);
INSERT INTO "patchport" VALUES(1229,'07/72',1229,1082);
INSERT INTO "patchport" VALUES(1230,'07/73',1230,1083);
INSERT INTO "patchport" VALUES(1231,'07/81',1231,1084);
INSERT INTO "patchport" VALUES(1232,'08/12',1232,1085);
INSERT INTO "patchport" VALUES(1233,'08/13',1233,1086);
INSERT INTO "patchport" VALUES(1234,'08/14',1234,1087);
INSERT INTO "patchport" VALUES(1235,'08/21',1235,1088);
INSERT INTO "patchport" VALUES(1236,'08/22',1236,1089);
INSERT INTO "patchport" VALUES(1237,'08/31',1237,1090);
INSERT INTO "patchport" VALUES(1238,'08/32',1238,1091);
INSERT INTO "patchport" VALUES(1239,'08/33',1239,1092);
INSERT INTO "patchport" VALUES(1240,'08/41',1240,1093);
INSERT INTO "patchport" VALUES(1241,'08/42',1241,1094);
INSERT INTO "patchport" VALUES(1242,'08/43',1242,1095);
INSERT INTO "patchport" VALUES(1243,'08/44',1243,1096);
INSERT INTO "patchport" VALUES(1244,'09/11',1244,1097);
INSERT INTO "patchport" VALUES(1245,'09/21',1245,1098);
INSERT INTO "patchport" VALUES(1246,'09/22',1246,1099);
INSERT INTO "patchport" VALUES(1247,'09/23',1247,1100);
INSERT INTO "patchport" VALUES(1248,'09/31',1248,1101);
INSERT INTO "patchport" VALUES(1249,'09/41',1249,1102);
INSERT INTO "patchport" VALUES(1250,'09/42',1250,1103);
INSERT INTO "patchport" VALUES(1251,'09/51',1251,1104);
INSERT INTO "patchport" VALUES(1252,'09/52',1252,1105);
INSERT INTO "patchport" VALUES(1253,'09/53',1253,1106);
INSERT INTO "patchport" VALUES(1254,'09/61',1254,1107);
INSERT INTO "patchport" VALUES(1255,'09/71',1255,1108);
INSERT INTO "patchport" VALUES(1256,'09/72',1256,1109);
INSERT INTO "patchport" VALUES(1257,'09/73',1257,1110);
INSERT INTO "patchport" VALUES(1258,'09/81',1258,1111);
INSERT INTO "patchport" VALUES(1259,'10/11',1259,1112);
INSERT INTO "patchport" VALUES(1260,'10/12',1260,1113);
INSERT INTO "patchport" VALUES(1261,'10/13',1261,1114);
INSERT INTO "patchport" VALUES(1262,'10/14',1262,1115);
INSERT INTO "patchport" VALUES(1263,'10/21',1263,1116);
INSERT INTO "patchport" VALUES(1264,'10/22',1264,1117);
INSERT INTO "patchport" VALUES(1265,'10/31',1265,1118);
INSERT INTO "patchport" VALUES(1266,'10/32',1266,1119);
INSERT INTO "patchport" VALUES(1267,'10/33',1267,1120);
INSERT INTO "patchport" VALUES(1268,'10/41',1268,1121);
INSERT INTO "patchport" VALUES(1269,'10/42',1269,1122);
INSERT INTO "patchport" VALUES(1270,'10/43',1270,1123);
INSERT INTO "patchport" VALUES(1271,'10/44',1271,1124);
INSERT INTO "patchport" VALUES(1272,'11/11',1272,1125);
INSERT INTO "patchport" VALUES(1273,'11/21',1273,1126);
INSERT INTO "patchport" VALUES(1274,'11/22',1274,1127);
INSERT INTO "patchport" VALUES(1275,'11/23',1275,1128);
INSERT INTO "patchport" VALUES(1276,'11/31',1276,1129);
INSERT INTO "patchport" VALUES(1277,'11/41',1277,1130);
INSERT INTO "patchport" VALUES(1278,'11/42',1278,1131);
INSERT INTO "patchport" VALUES(1279,'11/51',1279,1132);
INSERT INTO "patchport" VALUES(1280,'11/52',1280,1133);
INSERT INTO "patchport" VALUES(1281,'11/53',1281,1134);
INSERT INTO "patchport" VALUES(1282,'11/61',1282,1135);
INSERT INTO "patchport" VALUES(1283,'11/71',1283,1136);
INSERT INTO "patchport" VALUES(1284,'11/72',1284,1137);
INSERT INTO "patchport" VALUES(1285,'11/73',1285,1138);
INSERT INTO "patchport" VALUES(1286,'11/81',1286,1139);
INSERT INTO "patchport" VALUES(1287,'12/11',1287,1140);
INSERT INTO "patchport" VALUES(1288,'12/12',1288,1141);
INSERT INTO "patchport" VALUES(1289,'12/13',1289,1142);
INSERT INTO "patchport" VALUES(1290,'12/14',1290,1143);
INSERT INTO "patchport" VALUES(1291,'12/21',1291,1144);
INSERT INTO "patchport" VALUES(1292,'12/22',1292,1145);
INSERT INTO "patchport" VALUES(1293,'12/31',1293,1146);
INSERT INTO "patchport" VALUES(1294,'12/32',1294,1147);
INSERT INTO "patchport" VALUES(1295,'12/33',1295,1148);
INSERT INTO "patchport" VALUES(1296,'12/41',1296,1149);
INSERT INTO "patchport" VALUES(1297,'12/42',1297,1150);
INSERT INTO "patchport" VALUES(1298,'12/43',1298,1151);
INSERT INTO "patchport" VALUES(1299,'12/44',1299,1152);
INSERT INTO "patchport" VALUES(1300,'13/11',1300,1153);
INSERT INTO "patchport" VALUES(1301,'13/21',1301,1154);
INSERT INTO "patchport" VALUES(1302,'13/22',1302,1155);
INSERT INTO "patchport" VALUES(1303,'13/23',1303,1156);
INSERT INTO "patchport" VALUES(1304,'13/31',1304,1157);
INSERT INTO "patchport" VALUES(1305,'13/41',1305,1158);
INSERT INTO "patchport" VALUES(1306,'13/42',1306,1159);
INSERT INTO "patchport" VALUES(1307,'13/51',1307,1160);
INSERT INTO "patchport" VALUES(1308,'13/52',1308,1161);
INSERT INTO "patchport" VALUES(1309,'13/53',1309,1162);
INSERT INTO "patchport" VALUES(1310,'13/61',1310,1163);
INSERT INTO "patchport" VALUES(1311,'13/71',1311,1164);
INSERT INTO "patchport" VALUES(1312,'13/72',1312,1165);
INSERT INTO "patchport" VALUES(1313,'13/73',1313,1166);
INSERT INTO "patchport" VALUES(1314,'13/81',1314,1167);
INSERT INTO "patchport" VALUES(1315,'14/11',1315,1168);
INSERT INTO "patchport" VALUES(1316,'14/12',1316,1169);
INSERT INTO "patchport" VALUES(1317,'14/13',1317,1170);
INSERT INTO "patchport" VALUES(1318,'14/14',1318,1171);
INSERT INTO "patchport" VALUES(1319,'14/21',1319,1172);
INSERT INTO "patchport" VALUES(1320,'14/22',1320,1173);
INSERT INTO "patchport" VALUES(1321,'14/31',1321,1174);
INSERT INTO "patchport" VALUES(1322,'14/32',1322,1175);
INSERT INTO "patchport" VALUES(1323,'14/33',1323,1176);
INSERT INTO "patchport" VALUES(1324,'14/41',1324,1177);
INSERT INTO "patchport" VALUES(1325,'14/42',1325,1178);
INSERT INTO "patchport" VALUES(1326,'14/43',1326,1179);
INSERT INTO "patchport" VALUES(1327,'14/44',1327,1180);
INSERT INTO "patchport" VALUES(1328,'14/45',1328,1181);
INSERT INTO "patchport" VALUES(1329,'15/11',1329,1182);
INSERT INTO "patchport" VALUES(1330,'15/21',1330,1183);
INSERT INTO "patchport" VALUES(1331,'15/22',1331,1184);
INSERT INTO "patchport" VALUES(1332,'15/23',1332,1185);
INSERT INTO "patchport" VALUES(1333,'15/31',1333,1186);
INSERT INTO "patchport" VALUES(1334,'15/41',1334,1187);
INSERT INTO "patchport" VALUES(1335,'15/42',1335,1188);
INSERT INTO "patchport" VALUES(1336,'15/51',1336,1189);
INSERT INTO "patchport" VALUES(1337,'15/52',1337,1190);
INSERT INTO "patchport" VALUES(1338,'15/53',1338,1191);
INSERT INTO "patchport" VALUES(1339,'15/61',1339,1192);
INSERT INTO "patchport" VALUES(1340,'15/71',1340,1193);
INSERT INTO "patchport" VALUES(1341,'15/72',1341,1194);
INSERT INTO "patchport" VALUES(1342,'15/73',1342,1195);
INSERT INTO "patchport" VALUES(1343,'15/81',1343,1196);
INSERT INTO "patchport" VALUES(1344,'16/11',1344,1197);
INSERT INTO "patchport" VALUES(1345,'16/12',1345,1198);
INSERT INTO "patchport" VALUES(1346,'16/13',1346,1199);
INSERT INTO "patchport" VALUES(1347,'16/14',1347,1200);
INSERT INTO "patchport" VALUES(1348,'16/15',1348,1201);
INSERT INTO "patchport" VALUES(1349,'16/16',1349,1202);
INSERT INTO "patchport" VALUES(1350,'0/MR',1350,1203);
INSERT INTO "patchport" VALUES(1351,'1/11',1351,1204);
INSERT INTO "patchport" VALUES(1352,'1/12',1352,1205);
INSERT INTO "patchport" VALUES(1353,'1/13',1353,1206);
INSERT INTO "patchport" VALUES(1354,'1/14',1354,1207);
INSERT INTO "patchport" VALUES(1355,'1/15',1355,1208);
INSERT INTO "patchport" VALUES(1356,'1/16',1356,1209);
INSERT INTO "patchport" VALUES(1357,'1/21',1357,1210);
INSERT INTO "patchport" VALUES(1358,'1/22',1358,1211);
INSERT INTO "patchport" VALUES(1359,'1/41',1359,1212);
INSERT INTO "patchport" VALUES(1360,'1/PR',1360,1213);
INSERT INTO "patchport" VALUES(1361,'1/PR',1361,1214);
INSERT INTO "patchport" VALUES(1362,'2/11',1362,1302);
INSERT INTO "patchport" VALUES(1363,'2/12',1363,1303);
INSERT INTO "patchport" VALUES(1364,'2/21',1364,1304);
INSERT INTO "patchport" VALUES(1365,'2/22',1365,1305);
INSERT INTO "patchport" VALUES(1366,'2/31',1366,1306);
INSERT INTO "patchport" VALUES(1367,'2/32',1367,1307);
INSERT INTO "patchport" VALUES(1368,'2/33',1368,1308);
INSERT INTO "patchport" VALUES(1369,'2/34',1369,1309);
INSERT INTO "patchport" VALUES(1370,'2/35',1370,1310);
INSERT INTO "patchport" VALUES(1371,'2/36',1371,1311);
INSERT INTO "patchport" VALUES(1372,'2/41',1372,1312);
INSERT INTO "patchport" VALUES(1373,'2/42',1373,1313);
INSERT INTO "patchport" VALUES(1374,'2/51',1374,1314);
INSERT INTO "patchport" VALUES(1375,'2/52',1375,1315);
INSERT INTO "patchport" VALUES(1376,'3/11',1376,1316);
INSERT INTO "patchport" VALUES(1377,'3/12',1377,1317);
INSERT INTO "patchport" VALUES(1378,'3/13',1378,1318);
INSERT INTO "patchport" VALUES(1379,'3/21',1379,1319);
INSERT INTO "patchport" VALUES(1380,'3/22',1380,1320);
INSERT INTO "patchport" VALUES(1381,'3/31',1381,1321);
INSERT INTO "patchport" VALUES(1382,'3/32',1382,1322);
INSERT INTO "patchport" VALUES(1383,'3/33',1383,1323);
INSERT INTO "patchport" VALUES(1384,'3/34',1384,1324);
INSERT INTO "patchport" VALUES(1385,'3/35',1385,1325);
INSERT INTO "patchport" VALUES(1386,'3/36',1386,1326);
INSERT INTO "patchport" VALUES(1387,'3/41',1387,1327);
INSERT INTO "patchport" VALUES(1388,'3/42',1388,1328);
INSERT INTO "patchport" VALUES(1389,'3/43',1389,1329);
INSERT INTO "patchport" VALUES(1390,'3/51',1390,1330);
INSERT INTO "patchport" VALUES(1391,'3/52',1391,1331);
INSERT INTO "patchport" VALUES(1392,'4/11',1392,1332);
INSERT INTO "patchport" VALUES(1393,'4/12',1393,1333);
INSERT INTO "patchport" VALUES(1394,'4/13',1394,1334);
INSERT INTO "patchport" VALUES(1395,'4/21',1395,1335);
INSERT INTO "patchport" VALUES(1396,'4/22',1396,1336);
INSERT INTO "patchport" VALUES(1397,'4/31',1397,1337);
INSERT INTO "patchport" VALUES(1398,'4/32',1398,1338);
INSERT INTO "patchport" VALUES(1399,'4/33',1399,1339);
INSERT INTO "patchport" VALUES(1400,'4/34',1400,1340);
INSERT INTO "patchport" VALUES(1401,'4/35',1401,1341);
INSERT INTO "patchport" VALUES(1402,'4/36',1402,1342);
INSERT INTO "patchport" VALUES(1403,'4/41',1403,1343);
INSERT INTO "patchport" VALUES(1404,'4/42',1404,1344);
INSERT INTO "patchport" VALUES(1405,'4/43',1405,1345);
INSERT INTO "patchport" VALUES(1406,'4/51',1406,1346);
INSERT INTO "patchport" VALUES(1407,'4/52',1407,1347);
INSERT INTO "patchport" VALUES(1408,'5/11',1408,1348);
INSERT INTO "patchport" VALUES(1409,'5/12',1409,1349);
INSERT INTO "patchport" VALUES(1410,'5/21',1410,1350);
INSERT INTO "patchport" VALUES(1411,'5/22',1411,1351);
INSERT INTO "patchport" VALUES(1412,'5/31',1412,1352);
INSERT INTO "patchport" VALUES(1413,'5/32',1413,1353);
INSERT INTO "patchport" VALUES(1414,'5/33',1414,1354);
INSERT INTO "patchport" VALUES(1415,'5/34',1415,1355);
INSERT INTO "patchport" VALUES(1416,'5/35',1416,1356);
INSERT INTO "patchport" VALUES(1417,'5/36',1417,1357);
INSERT INTO "patchport" VALUES(1418,'5/41',1418,1358);
INSERT INTO "patchport" VALUES(1419,'5/42',1419,1359);
INSERT INTO "patchport" VALUES(1420,'5/51',1420,1360);
INSERT INTO "patchport" VALUES(1421,'5/52',1421,1361);
CREATE TABLE user (
	id INTEGER NOT NULL, 
	login VARCHAR(40) NOT NULL, 
	name VARCHAR(255) NOT NULL,
	passwd_hash VARCHAR(255) NOT NULL,
	registration_date DATETIME NOT NULL, 
    email VARCHAR(255), 
	room_id INTEGER NOT NULL, 
	PRIMARY KEY (id), 
	FOREIGN KEY(room_id) REFERENCES room (id)
);
INSERT INTO "user" VALUES(1,'ag_dsn','System User','{SSHA}IPVJh2ri9sXFFpWt3sp9ca64H6gdg9A6','2012-04-10 16:11:05.739251',1212);
INSERT INTO "user" VALUES(2,'jacobs','Christian Jacobs','{SSHA}uKh22SM3O+R+rOvhA30dgTfvz0mzNqa0','2012-06-30 10:53:20.930821',398);
CREATE TABLE host (
	id INTEGER NOT NULL, 
	hostname VARCHAR(255) NOT NULL, 
	type VARCHAR(50), 
	user_id INTEGER, 
	room_id INTEGER, 
	PRIMARY KEY (id), 
	FOREIGN KEY(user_id) REFERENCES user (id), 
	FOREIGN KEY(room_id) REFERENCES room (id)
);
INSERT INTO "host" VALUES(1,'252','switch',1,NULL);
INSERT INTO "host" VALUES(2,'254','switch',1,NULL);
INSERT INTO "host" VALUES(3,'3','switch',1,NULL);
INSERT INTO "host" VALUES(4,'3','switch',1,NULL);
INSERT INTO "host" VALUES(5,'2','switch',1,NULL);
INSERT INTO "host" VALUES(6,'253','switch',1,NULL);
INSERT INTO "host" VALUES(7,'4','switch',1,NULL);
INSERT INTO "host" VALUES(8,'3','switch',1,NULL);
INSERT INTO "host" VALUES(9,'2','switch',1,NULL);
INSERT INTO "host" VALUES(10,'2','switch',1,NULL);
INSERT INTO "host" VALUES(11,'6','switch',1,NULL);
INSERT INTO "host" VALUES(12,'2','switch',1,NULL);
INSERT INTO "host" VALUES(13,'3','switch',1,NULL);
INSERT INTO "host" VALUES(14,'4','switch',1,NULL);
INSERT INTO "host" VALUES(15,'5','switch',1,NULL);
INSERT INTO "host" VALUES(16,'3','switch',1,NULL);
INSERT INTO "host" VALUES(17,'2','switch',1,NULL);
INSERT INTO "host" VALUES(18,'whdd1',NULL,2,398);
CREATE TABLE switch (
	id INTEGER NOT NULL, 
	name VARCHAR(127) NOT NULL, 
	management_ip VARCHAR(51) NOT NULL, 
	PRIMARY KEY (id), 
	FOREIGN KEY(id) REFERENCES host (id), 
	UNIQUE (management_ip)
);
INSERT INTO "switch" VALUES(1,'switch-wu5-ke','10.10.228.252');
INSERT INTO "switch" VALUES(2,'switch-wu5-13og','10.10.228.254');
INSERT INTO "switch" VALUES(3,'switch2','10.10.227.3');
INSERT INTO "switch" VALUES(4,'switch-wu9-11','10.10.202.3');
INSERT INTO "switch" VALUES(5,'switch-wu9-4','10.10.202.2');
INSERT INTO "switch" VALUES(6,'switch-wu5-7og','10.10.228.253');
INSERT INTO "switch" VALUES(7,'switch-wu7-12','10.10.224.4');
INSERT INTO "switch" VALUES(8,'switch-wu7-6','10.10.224.3');
INSERT INTO "switch" VALUES(9,'switch-wu7-2','10.10.224.2');
INSERT INTO "switch" VALUES(10,'switch-wu3-4','10.10.223.2');
INSERT INTO "switch" VALUES(11,'switch5','10.10.227.6');
INSERT INTO "switch" VALUES(12,'switch1','10.10.227.2');
INSERT INTO "switch" VALUES(13,'switch-wu3-11','10.10.223.3');
INSERT INTO "switch" VALUES(14,'switch3','10.10.227.4');
INSERT INTO "switch" VALUES(15,'switch4','10.10.227.5');
INSERT INTO "switch" VALUES(16,'switch-wu11-11','10.10.226.3');
INSERT INTO "switch" VALUES(17,'switch-wu11-4','10.10.226.2');
CREATE TABLE netdevice (
	id INTEGER NOT NULL, 
	ipv4 VARCHAR(12), 
	ipv6 VARCHAR(51), 
	mac VARCHAR(12) NOT NULL, 
	patch_port_id INTEGER, 
	host_id INTEGER NOT NULL, 
	PRIMARY KEY (id), 
	UNIQUE (ipv4), 
	UNIQUE (ipv6), 
	FOREIGN KEY(patch_port_id) REFERENCES patchport (id), 
	FOREIGN KEY(host_id) REFERENCES host (id)
);
INSERT INTO "netdevice" VALUES(1,'141.30.202.1',NULL,'d4:9a:20:d0:6a:18',471,18);
CREATE TABLE switchport (
	name VARCHAR(4) NOT NULL, 
	id INTEGER NOT NULL, 
	switch_id INTEGER NOT NULL, 
	PRIMARY KEY (id), 
	FOREIGN KEY(id) REFERENCES destinationport (id), 
	FOREIGN KEY(switch_id) REFERENCES switch (id)
);
INSERT INTO "switchport" VALUES('D20',1,1);
INSERT INTO "switchport" VALUES('C13',2,2);
INSERT INTO "switchport" VALUES('C14',3,2);
INSERT INTO "switchport" VALUES('C15',4,2);
INSERT INTO "switchport" VALUES('C16',5,2);
INSERT INTO "switchport" VALUES('C17',6,2);
INSERT INTO "switchport" VALUES('C18',7,2);
INSERT INTO "switchport" VALUES('C19',8,2);
INSERT INTO "switchport" VALUES('C20',9,2);
INSERT INTO "switchport" VALUES('C21',10,2);
INSERT INTO "switchport" VALUES('C22',11,2);
INSERT INTO "switchport" VALUES('C23',12,2);
INSERT INTO "switchport" VALUES('C24',13,2);
INSERT INTO "switchport" VALUES('B17',14,2);
INSERT INTO "switchport" VALUES('D20',15,2);
INSERT INTO "switchport" VALUES('B19',16,2);
INSERT INTO "switchport" VALUES('B20',17,2);
INSERT INTO "switchport" VALUES('D1',18,2);
INSERT INTO "switchport" VALUES('D2',19,2);
INSERT INTO "switchport" VALUES('D3',20,2);
INSERT INTO "switchport" VALUES('D4',21,2);
INSERT INTO "switchport" VALUES('D5',22,2);
INSERT INTO "switchport" VALUES('D6',23,2);
INSERT INTO "switchport" VALUES('D7',24,2);
INSERT INTO "switchport" VALUES('D8',25,2);
INSERT INTO "switchport" VALUES('D9',26,2);
INSERT INTO "switchport" VALUES('D10',27,2);
INSERT INTO "switchport" VALUES('D11',28,2);
INSERT INTO "switchport" VALUES('D12',29,2);
INSERT INTO "switchport" VALUES('D13',30,2);
INSERT INTO "switchport" VALUES('D14',31,2);
INSERT INTO "switchport" VALUES('C1',32,2);
INSERT INTO "switchport" VALUES('C2',33,2);
INSERT INTO "switchport" VALUES('C3',34,2);
INSERT INTO "switchport" VALUES('C4',35,2);
INSERT INTO "switchport" VALUES('C5',36,2);
INSERT INTO "switchport" VALUES('C6',37,2);
INSERT INTO "switchport" VALUES('C7',38,2);
INSERT INTO "switchport" VALUES('C8',39,2);
INSERT INTO "switchport" VALUES('C9',40,2);
INSERT INTO "switchport" VALUES('C10',41,2);
INSERT INTO "switchport" VALUES('C11',42,2);
INSERT INTO "switchport" VALUES('C12',43,2);
INSERT INTO "switchport" VALUES('B15',44,2);
INSERT INTO "switchport" VALUES('B16',45,2);
INSERT INTO "switchport" VALUES('B1',46,2);
INSERT INTO "switchport" VALUES('B2',47,2);
INSERT INTO "switchport" VALUES('B3',48,2);
INSERT INTO "switchport" VALUES('B4',49,2);
INSERT INTO "switchport" VALUES('B5',50,2);
INSERT INTO "switchport" VALUES('B6',51,2);
INSERT INTO "switchport" VALUES('B7',52,2);
INSERT INTO "switchport" VALUES('B8',53,2);
INSERT INTO "switchport" VALUES('B9',54,2);
INSERT INTO "switchport" VALUES('B10',55,2);
INSERT INTO "switchport" VALUES('B11',56,2);
INSERT INTO "switchport" VALUES('B12',57,2);
INSERT INTO "switchport" VALUES('B13',58,2);
INSERT INTO "switchport" VALUES('B14',59,2);
INSERT INTO "switchport" VALUES('A13',60,2);
INSERT INTO "switchport" VALUES('A14',61,2);
INSERT INTO "switchport" VALUES('A15',62,2);
INSERT INTO "switchport" VALUES('A16',63,2);
INSERT INTO "switchport" VALUES('A17',64,2);
INSERT INTO "switchport" VALUES('A18',65,2);
INSERT INTO "switchport" VALUES('A19',66,2);
INSERT INTO "switchport" VALUES('A20',67,2);
INSERT INTO "switchport" VALUES('A21',68,2);
INSERT INTO "switchport" VALUES('A22',69,2);
INSERT INTO "switchport" VALUES('A23',70,2);
INSERT INTO "switchport" VALUES('D22',71,2);
INSERT INTO "switchport" VALUES('A1',72,2);
INSERT INTO "switchport" VALUES('A2',73,2);
INSERT INTO "switchport" VALUES('A3',74,2);
INSERT INTO "switchport" VALUES('C8',75,3);
INSERT INTO "switchport" VALUES('B7',76,12);
INSERT INTO "switchport" VALUES('B8',77,12);
INSERT INTO "switchport" VALUES('B9',78,12);
INSERT INTO "switchport" VALUES('B10',79,12);
INSERT INTO "switchport" VALUES('E8',80,12);
INSERT INTO "switchport" VALUES('E9',81,12);
INSERT INTO "switchport" VALUES('B11',82,12);
INSERT INTO "switchport" VALUES('B12',83,12);
INSERT INTO "switchport" VALUES('B13',84,12);
INSERT INTO "switchport" VALUES('B14',85,12);
INSERT INTO "switchport" VALUES('B15',86,12);
INSERT INTO "switchport" VALUES('B16',87,12);
INSERT INTO "switchport" VALUES('B17',88,12);
INSERT INTO "switchport" VALUES('B18',89,12);
INSERT INTO "switchport" VALUES('B19',90,12);
INSERT INTO "switchport" VALUES('B20',91,12);
INSERT INTO "switchport" VALUES('B2',92,12);
INSERT INTO "switchport" VALUES('B3',93,12);
INSERT INTO "switchport" VALUES('B4',94,12);
INSERT INTO "switchport" VALUES('B5',95,12);
INSERT INTO "switchport" VALUES('B6',96,12);
INSERT INTO "switchport" VALUES('D21',97,12);
INSERT INTO "switchport" VALUES('D22',98,12);
INSERT INTO "switchport" VALUES('D23',99,12);
INSERT INTO "switchport" VALUES('D24',100,12);
INSERT INTO "switchport" VALUES('E1',101,12);
INSERT INTO "switchport" VALUES('E2',102,12);
INSERT INTO "switchport" VALUES('E3',103,12);
INSERT INTO "switchport" VALUES('E4',104,12);
INSERT INTO "switchport" VALUES('E5',105,12);
INSERT INTO "switchport" VALUES('E6',106,12);
INSERT INTO "switchport" VALUES('E7',107,12);
INSERT INTO "switchport" VALUES('D20',108,12);
INSERT INTO "switchport" VALUES('C5',109,12);
INSERT INTO "switchport" VALUES('C6',110,12);
INSERT INTO "switchport" VALUES('C7',111,12);
INSERT INTO "switchport" VALUES('C8',112,12);
INSERT INTO "switchport" VALUES('C13',113,12);
INSERT INTO "switchport" VALUES('C14',114,12);
INSERT INTO "switchport" VALUES('C15',115,12);
INSERT INTO "switchport" VALUES('C16',116,12);
INSERT INTO "switchport" VALUES('A19',117,12);
INSERT INTO "switchport" VALUES('A20',118,12);
INSERT INTO "switchport" VALUES('A21',119,12);
INSERT INTO "switchport" VALUES('A22',120,12);
INSERT INTO "switchport" VALUES('A23',121,12);
INSERT INTO "switchport" VALUES('A24',122,12);
INSERT INTO "switchport" VALUES('A12',123,12);
INSERT INTO "switchport" VALUES('A11',124,12);
INSERT INTO "switchport" VALUES('B1',125,12);
INSERT INTO "switchport" VALUES('A13',126,12);
INSERT INTO "switchport" VALUES('A14',127,12);
INSERT INTO "switchport" VALUES('A15',128,12);
INSERT INTO "switchport" VALUES('A16',129,12);
INSERT INTO "switchport" VALUES('A17',130,12);
INSERT INTO "switchport" VALUES('A18',131,12);
INSERT INTO "switchport" VALUES('D12',132,12);
INSERT INTO "switchport" VALUES('D13',133,12);
INSERT INTO "switchport" VALUES('D14',134,12);
INSERT INTO "switchport" VALUES('D15',135,12);
INSERT INTO "switchport" VALUES('D16',136,12);
INSERT INTO "switchport" VALUES('D17',137,12);
INSERT INTO "switchport" VALUES('D18',138,12);
INSERT INTO "switchport" VALUES('D19',139,12);
INSERT INTO "switchport" VALUES('D8',140,12);
INSERT INTO "switchport" VALUES('D9',141,12);
INSERT INTO "switchport" VALUES('D10',142,12);
INSERT INTO "switchport" VALUES('D11',143,12);
INSERT INTO "switchport" VALUES('C1',144,12);
INSERT INTO "switchport" VALUES('C2',145,12);
INSERT INTO "switchport" VALUES('C3',146,12);
INSERT INTO "switchport" VALUES('C4',147,12);
INSERT INTO "switchport" VALUES('C9',148,12);
INSERT INTO "switchport" VALUES('C10',149,12);
INSERT INTO "switchport" VALUES('C11',150,12);
INSERT INTO "switchport" VALUES('C12',151,12);
INSERT INTO "switchport" VALUES('A7',152,12);
INSERT INTO "switchport" VALUES('A8',153,12);
INSERT INTO "switchport" VALUES('A9',154,12);
INSERT INTO "switchport" VALUES('A10',155,12);
INSERT INTO "switchport" VALUES('A1',156,12);
INSERT INTO "switchport" VALUES('A2',157,12);
INSERT INTO "switchport" VALUES('A3',158,12);
INSERT INTO "switchport" VALUES('A4',159,12);
INSERT INTO "switchport" VALUES('A5',160,12);
INSERT INTO "switchport" VALUES('A6',161,12);
INSERT INTO "switchport" VALUES('D1',162,12);
INSERT INTO "switchport" VALUES('D2',163,12);
INSERT INTO "switchport" VALUES('D3',164,12);
INSERT INTO "switchport" VALUES('D4',165,12);
INSERT INTO "switchport" VALUES('D5',166,12);
INSERT INTO "switchport" VALUES('D6',167,12);
INSERT INTO "switchport" VALUES('D7',168,12);
INSERT INTO "switchport" VALUES('C20',169,14);
INSERT INTO "switchport" VALUES('C21',170,14);
INSERT INTO "switchport" VALUES('C22',171,14);
INSERT INTO "switchport" VALUES('C23',172,14);
INSERT INTO "switchport" VALUES('D13',173,14);
INSERT INTO "switchport" VALUES('D5',174,14);
INSERT INTO "switchport" VALUES('D4',175,14);
INSERT INTO "switchport" VALUES('D6',176,14);
INSERT INTO "switchport" VALUES('D7',177,14);
INSERT INTO "switchport" VALUES('D15',178,14);
INSERT INTO "switchport" VALUES('D1',179,14);
INSERT INTO "switchport" VALUES('C24',180,14);
INSERT INTO "switchport" VALUES('D2',181,14);
INSERT INTO "switchport" VALUES('D3',182,14);
INSERT INTO "switchport" VALUES('C4',183,14);
INSERT INTO "switchport" VALUES('C5',184,14);
INSERT INTO "switchport" VALUES('C6',185,14);
INSERT INTO "switchport" VALUES('C8',186,14);
INSERT INTO "switchport" VALUES('C7',187,14);
INSERT INTO "switchport" VALUES('C9',188,14);
INSERT INTO "switchport" VALUES('C10',189,14);
INSERT INTO "switchport" VALUES('C11',190,14);
INSERT INTO "switchport" VALUES('B8',191,14);
INSERT INTO "switchport" VALUES('B9',192,14);
INSERT INTO "switchport" VALUES('D9',193,14);
INSERT INTO "switchport" VALUES('D8',194,14);
INSERT INTO "switchport" VALUES('D10',195,14);
INSERT INTO "switchport" VALUES('D11',196,14);
INSERT INTO "switchport" VALUES('C12',197,14);
INSERT INTO "switchport" VALUES('C13',198,14);
INSERT INTO "switchport" VALUES('C14',199,14);
INSERT INTO "switchport" VALUES('C15',200,14);
INSERT INTO "switchport" VALUES('C16',201,14);
INSERT INTO "switchport" VALUES('C17',202,14);
INSERT INTO "switchport" VALUES('C18',203,14);
INSERT INTO "switchport" VALUES('C19',204,14);
INSERT INTO "switchport" VALUES('B16',205,14);
INSERT INTO "switchport" VALUES('B17',206,14);
INSERT INTO "switchport" VALUES('B11',207,14);
INSERT INTO "switchport" VALUES('B10',208,14);
INSERT INTO "switchport" VALUES('B12',209,14);
INSERT INTO "switchport" VALUES('B13',210,14);
INSERT INTO "switchport" VALUES('B14',211,14);
INSERT INTO "switchport" VALUES('A16',212,14);
INSERT INTO "switchport" VALUES('B15',213,14);
INSERT INTO "switchport" VALUES('A17',214,14);
INSERT INTO "switchport" VALUES('A18',215,14);
INSERT INTO "switchport" VALUES('A19',216,14);
INSERT INTO "switchport" VALUES('A20',217,14);
INSERT INTO "switchport" VALUES('A21',218,14);
INSERT INTO "switchport" VALUES('A22',219,14);
INSERT INTO "switchport" VALUES('A23',220,14);
INSERT INTO "switchport" VALUES('B19',221,14);
INSERT INTO "switchport" VALUES('B18',222,14);
INSERT INTO "switchport" VALUES('B20',223,14);
INSERT INTO "switchport" VALUES('C1',224,14);
INSERT INTO "switchport" VALUES('C2',225,14);
INSERT INTO "switchport" VALUES('C3',226,14);
INSERT INTO "switchport" VALUES('A24',227,14);
INSERT INTO "switchport" VALUES('B1',228,14);
INSERT INTO "switchport" VALUES('B2',229,14);
INSERT INTO "switchport" VALUES('B3',230,14);
INSERT INTO "switchport" VALUES('B4',231,14);
INSERT INTO "switchport" VALUES('B5',232,14);
INSERT INTO "switchport" VALUES('B6',233,14);
INSERT INTO "switchport" VALUES('B7',234,14);
INSERT INTO "switchport" VALUES('A1',235,14);
INSERT INTO "switchport" VALUES('A2',236,14);
INSERT INTO "switchport" VALUES('A3',237,14);
INSERT INTO "switchport" VALUES('A4',238,14);
INSERT INTO "switchport" VALUES('A5',239,14);
INSERT INTO "switchport" VALUES('A6',240,14);
INSERT INTO "switchport" VALUES('A7',241,14);
INSERT INTO "switchport" VALUES('A8',242,14);
INSERT INTO "switchport" VALUES('A9',243,14);
INSERT INTO "switchport" VALUES('A11',244,14);
INSERT INTO "switchport" VALUES('A10',245,14);
INSERT INTO "switchport" VALUES('A12',246,14);
INSERT INTO "switchport" VALUES('A13',247,14);
INSERT INTO "switchport" VALUES('A14',248,14);
INSERT INTO "switchport" VALUES('A15',249,14);
INSERT INTO "switchport" VALUES('C1',250,15);
INSERT INTO "switchport" VALUES('C2',251,15);
INSERT INTO "switchport" VALUES('C3',252,15);
INSERT INTO "switchport" VALUES('C4',253,15);
INSERT INTO "switchport" VALUES('C5',254,15);
INSERT INTO "switchport" VALUES('B24',255,15);
INSERT INTO "switchport" VALUES('C6',256,15);
INSERT INTO "switchport" VALUES('C7',257,15);
INSERT INTO "switchport" VALUES('C8',258,15);
INSERT INTO "switchport" VALUES('C9',259,15);
INSERT INTO "switchport" VALUES('C10',260,15);
INSERT INTO "switchport" VALUES('B1',261,15);
INSERT INTO "switchport" VALUES('B2',262,15);
INSERT INTO "switchport" VALUES('B3',263,15);
INSERT INTO "switchport" VALUES('B4',264,15);
INSERT INTO "switchport" VALUES('C13',265,15);
INSERT INTO "switchport" VALUES('C14',266,15);
INSERT INTO "switchport" VALUES('C15',267,15);
INSERT INTO "switchport" VALUES('C16',268,15);
INSERT INTO "switchport" VALUES('C17',269,15);
INSERT INTO "switchport" VALUES('C18',270,15);
INSERT INTO "switchport" VALUES('C19',271,15);
INSERT INTO "switchport" VALUES('C20',272,15);
INSERT INTO "switchport" VALUES('C21',273,15);
INSERT INTO "switchport" VALUES('C22',274,15);
INSERT INTO "switchport" VALUES('C23',275,15);
INSERT INTO "switchport" VALUES('B5',276,15);
INSERT INTO "switchport" VALUES('B6',277,15);
INSERT INTO "switchport" VALUES('B7',278,15);
INSERT INTO "switchport" VALUES('B8',279,15);
INSERT INTO "switchport" VALUES('B9',280,15);
INSERT INTO "switchport" VALUES('B10',281,15);
INSERT INTO "switchport" VALUES('B11',282,15);
INSERT INTO "switchport" VALUES('B12',283,15);
INSERT INTO "switchport" VALUES('B13',284,15);
INSERT INTO "switchport" VALUES('B14',285,15);
INSERT INTO "switchport" VALUES('B15',286,15);
INSERT INTO "switchport" VALUES('B16',287,15);
INSERT INTO "switchport" VALUES('B17',288,15);
INSERT INTO "switchport" VALUES('B18',289,15);
INSERT INTO "switchport" VALUES('B19',290,15);
INSERT INTO "switchport" VALUES('B20',291,15);
INSERT INTO "switchport" VALUES('B21',292,15);
INSERT INTO "switchport" VALUES('c7',293,11);
INSERT INTO "switchport" VALUES('c8',294,11);
INSERT INTO "switchport" VALUES('c9',295,11);
INSERT INTO "switchport" VALUES('c10',296,11);
INSERT INTO "switchport" VALUES('c11',297,11);
INSERT INTO "switchport" VALUES('c12',298,11);
INSERT INTO "switchport" VALUES('c13',299,11);
INSERT INTO "switchport" VALUES('c24',300,11);
INSERT INTO "switchport" VALUES('b13',301,11);
INSERT INTO "switchport" VALUES('b14',302,11);
INSERT INTO "switchport" VALUES('b15',303,11);
INSERT INTO "switchport" VALUES('b16',304,11);
INSERT INTO "switchport" VALUES('b17',305,11);
INSERT INTO "switchport" VALUES('b18',306,11);
INSERT INTO "switchport" VALUES('b19',307,11);
INSERT INTO "switchport" VALUES('b20',308,11);
INSERT INTO "switchport" VALUES('b21',309,11);
INSERT INTO "switchport" VALUES('b22',310,11);
INSERT INTO "switchport" VALUES('b23',311,11);
INSERT INTO "switchport" VALUES('b24',312,11);
INSERT INTO "switchport" VALUES('c1',313,11);
INSERT INTO "switchport" VALUES('c2',314,11);
INSERT INTO "switchport" VALUES('c3',315,11);
INSERT INTO "switchport" VALUES('c4',316,11);
INSERT INTO "switchport" VALUES('c5',317,11);
INSERT INTO "switchport" VALUES('c6',318,11);
INSERT INTO "switchport" VALUES('b1',319,11);
INSERT INTO "switchport" VALUES('b2',320,11);
INSERT INTO "switchport" VALUES('b3',321,11);
INSERT INTO "switchport" VALUES('b4',322,11);
INSERT INTO "switchport" VALUES('b5',323,11);
INSERT INTO "switchport" VALUES('b6',324,11);
INSERT INTO "switchport" VALUES('b7',325,11);
INSERT INTO "switchport" VALUES('b8',326,11);
INSERT INTO "switchport" VALUES('b9',327,11);
INSERT INTO "switchport" VALUES('b10',328,11);
INSERT INTO "switchport" VALUES('b11',329,11);
INSERT INTO "switchport" VALUES('b12',330,11);
INSERT INTO "switchport" VALUES('c14',331,11);
INSERT INTO "switchport" VALUES('C9',332,3);
INSERT INTO "switchport" VALUES('C10',333,3);
INSERT INTO "switchport" VALUES('C11',334,3);
INSERT INTO "switchport" VALUES('C17',335,3);
INSERT INTO "switchport" VALUES('C16',336,3);
INSERT INTO "switchport" VALUES('C19',337,3);
INSERT INTO "switchport" VALUES('C18',338,3);
INSERT INTO "switchport" VALUES('C12',339,3);
INSERT INTO "switchport" VALUES('C13',340,3);
INSERT INTO "switchport" VALUES('C14',341,3);
INSERT INTO "switchport" VALUES('C15',342,3);
INSERT INTO "switchport" VALUES('B14',343,3);
INSERT INTO "switchport" VALUES('B13',344,3);
INSERT INTO "switchport" VALUES('B15',345,3);
INSERT INTO "switchport" VALUES('B16',346,3);
INSERT INTO "switchport" VALUES('B17',347,3);
INSERT INTO "switchport" VALUES('B18',348,3);
INSERT INTO "switchport" VALUES('B19',349,3);
INSERT INTO "switchport" VALUES('C20',350,3);
INSERT INTO "switchport" VALUES('C22',351,3);
INSERT INTO "switchport" VALUES('C21',352,3);
INSERT INTO "switchport" VALUES('C23',353,3);
INSERT INTO "switchport" VALUES('C1',354,3);
INSERT INTO "switchport" VALUES('C2',355,3);
INSERT INTO "switchport" VALUES('C3',356,3);
INSERT INTO "switchport" VALUES('C4',357,3);
INSERT INTO "switchport" VALUES('C5',358,3);
INSERT INTO "switchport" VALUES('C6',359,3);
INSERT INTO "switchport" VALUES('C7',360,3);
INSERT INTO "switchport" VALUES('A21',361,3);
INSERT INTO "switchport" VALUES('A23',362,3);
INSERT INTO "switchport" VALUES('A22',363,3);
INSERT INTO "switchport" VALUES('A24',364,3);
INSERT INTO "switchport" VALUES('B2',365,3);
INSERT INTO "switchport" VALUES('B1',366,3);
INSERT INTO "switchport" VALUES('B3',367,3);
INSERT INTO "switchport" VALUES('B4',368,3);
INSERT INTO "switchport" VALUES('A15',369,3);
INSERT INTO "switchport" VALUES('A16',370,3);
INSERT INTO "switchport" VALUES('A17',371,3);
INSERT INTO "switchport" VALUES('B5',372,3);
INSERT INTO "switchport" VALUES('B7',373,3);
INSERT INTO "switchport" VALUES('B6',374,3);
INSERT INTO "switchport" VALUES('B8',375,3);
INSERT INTO "switchport" VALUES('B10',376,3);
INSERT INTO "switchport" VALUES('B9',377,3);
INSERT INTO "switchport" VALUES('B11',378,3);
INSERT INTO "switchport" VALUES('B12',379,3);
INSERT INTO "switchport" VALUES('A18',380,3);
INSERT INTO "switchport" VALUES('A19',381,3);
INSERT INTO "switchport" VALUES('A20',382,3);
INSERT INTO "switchport" VALUES('A1',383,3);
INSERT INTO "switchport" VALUES('A2',384,3);
INSERT INTO "switchport" VALUES('A3',385,3);
INSERT INTO "switchport" VALUES('A4',386,3);
INSERT INTO "switchport" VALUES('A5',387,3);
INSERT INTO "switchport" VALUES('A6',388,3);
INSERT INTO "switchport" VALUES('A7',389,3);
INSERT INTO "switchport" VALUES('A8',390,3);
INSERT INTO "switchport" VALUES('A9',391,3);
INSERT INTO "switchport" VALUES('A10',392,3);
INSERT INTO "switchport" VALUES('A11',393,3);
INSERT INTO "switchport" VALUES('A12',394,3);
INSERT INTO "switchport" VALUES('A13',395,3);
INSERT INTO "switchport" VALUES('A14',396,3);
INSERT INTO "switchport" VALUES('E5',397,4);
INSERT INTO "switchport" VALUES('E23',398,5);
INSERT INTO "switchport" VALUES('E24',399,5);
INSERT INTO "switchport" VALUES('F1',400,5);
INSERT INTO "switchport" VALUES('F4',401,5);
INSERT INTO "switchport" VALUES('F7',402,5);
INSERT INTO "switchport" VALUES('E8',403,5);
INSERT INTO "switchport" VALUES('E9',404,5);
INSERT INTO "switchport" VALUES('E10',405,5);
INSERT INTO "switchport" VALUES('E11',406,5);
INSERT INTO "switchport" VALUES('E12',407,5);
INSERT INTO "switchport" VALUES('E13',408,5);
INSERT INTO "switchport" VALUES('E14',409,5);
INSERT INTO "switchport" VALUES('E15',410,5);
INSERT INTO "switchport" VALUES('E16',411,5);
INSERT INTO "switchport" VALUES('E17',412,5);
INSERT INTO "switchport" VALUES('E18',413,5);
INSERT INTO "switchport" VALUES('E19',414,5);
INSERT INTO "switchport" VALUES('E20',415,5);
INSERT INTO "switchport" VALUES('E21',416,5);
INSERT INTO "switchport" VALUES('E22',417,5);
INSERT INTO "switchport" VALUES('D17',418,5);
INSERT INTO "switchport" VALUES('D18',419,5);
INSERT INTO "switchport" VALUES('D19',420,5);
INSERT INTO "switchport" VALUES('D20',421,5);
INSERT INTO "switchport" VALUES('D21',422,5);
INSERT INTO "switchport" VALUES('D22',423,5);
INSERT INTO "switchport" VALUES('D23',424,5);
INSERT INTO "switchport" VALUES('D24',425,5);
INSERT INTO "switchport" VALUES('E1',426,5);
INSERT INTO "switchport" VALUES('E2',427,5);
INSERT INTO "switchport" VALUES('E3',428,5);
INSERT INTO "switchport" VALUES('E4',429,5);
INSERT INTO "switchport" VALUES('E5',430,5);
INSERT INTO "switchport" VALUES('E6',431,5);
INSERT INTO "switchport" VALUES('E7',432,5);
INSERT INTO "switchport" VALUES('D2',433,5);
INSERT INTO "switchport" VALUES('D3',434,5);
INSERT INTO "switchport" VALUES('D4',435,5);
INSERT INTO "switchport" VALUES('D5',436,5);
INSERT INTO "switchport" VALUES('D6',437,5);
INSERT INTO "switchport" VALUES('D7',438,5);
INSERT INTO "switchport" VALUES('D8',439,5);
INSERT INTO "switchport" VALUES('D9',440,5);
INSERT INTO "switchport" VALUES('D10',441,5);
INSERT INTO "switchport" VALUES('D11',442,5);
INSERT INTO "switchport" VALUES('D12',443,5);
INSERT INTO "switchport" VALUES('D13',444,5);
INSERT INTO "switchport" VALUES('D14',445,5);
INSERT INTO "switchport" VALUES('D15',446,5);
INSERT INTO "switchport" VALUES('D16',447,5);
INSERT INTO "switchport" VALUES('C11',448,5);
INSERT INTO "switchport" VALUES('C12',449,5);
INSERT INTO "switchport" VALUES('C13',450,5);
INSERT INTO "switchport" VALUES('C14',451,5);
INSERT INTO "switchport" VALUES('C15',452,5);
INSERT INTO "switchport" VALUES('C16',453,5);
INSERT INTO "switchport" VALUES('C17',454,5);
INSERT INTO "switchport" VALUES('C18',455,5);
INSERT INTO "switchport" VALUES('C19',456,5);
INSERT INTO "switchport" VALUES('C20',457,5);
INSERT INTO "switchport" VALUES('C21',458,5);
INSERT INTO "switchport" VALUES('C22',459,5);
INSERT INTO "switchport" VALUES('F12',460,5);
INSERT INTO "switchport" VALUES('C24',461,5);
INSERT INTO "switchport" VALUES('D1',462,5);
INSERT INTO "switchport" VALUES('B16',463,5);
INSERT INTO "switchport" VALUES('B17',464,5);
INSERT INTO "switchport" VALUES('B18',465,5);
INSERT INTO "switchport" VALUES('B19',466,5);
INSERT INTO "switchport" VALUES('B20',467,5);
INSERT INTO "switchport" VALUES('C1',468,5);
INSERT INTO "switchport" VALUES('C2',469,5);
INSERT INTO "switchport" VALUES('C3',470,5);
INSERT INTO "switchport" VALUES('C4',471,5);
INSERT INTO "switchport" VALUES('C5',472,5);
INSERT INTO "switchport" VALUES('C6',473,5);
INSERT INTO "switchport" VALUES('C7',474,5);
INSERT INTO "switchport" VALUES('C8',475,5);
INSERT INTO "switchport" VALUES('C9',476,5);
INSERT INTO "switchport" VALUES('C10',477,5);
INSERT INTO "switchport" VALUES('B1',478,5);
INSERT INTO "switchport" VALUES('B2',479,5);
INSERT INTO "switchport" VALUES('B3',480,5);
INSERT INTO "switchport" VALUES('B4',481,5);
INSERT INTO "switchport" VALUES('B5',482,5);
INSERT INTO "switchport" VALUES('B6',483,5);
INSERT INTO "switchport" VALUES('B7',484,5);
INSERT INTO "switchport" VALUES('B8',485,5);
INSERT INTO "switchport" VALUES('B9',486,5);
INSERT INTO "switchport" VALUES('B10',487,5);
INSERT INTO "switchport" VALUES('B11',488,5);
INSERT INTO "switchport" VALUES('B12',489,5);
INSERT INTO "switchport" VALUES('B13',490,5);
INSERT INTO "switchport" VALUES('B14',491,5);
INSERT INTO "switchport" VALUES('B15',492,5);
INSERT INTO "switchport" VALUES('E6',493,4);
INSERT INTO "switchport" VALUES('E7',494,4);
INSERT INTO "switchport" VALUES('E8',495,4);
INSERT INTO "switchport" VALUES('E9',496,4);
INSERT INTO "switchport" VALUES('E10',497,4);
INSERT INTO "switchport" VALUES('E11',498,4);
INSERT INTO "switchport" VALUES('E12',499,4);
INSERT INTO "switchport" VALUES('E13',500,4);
INSERT INTO "switchport" VALUES('E14',501,4);
INSERT INTO "switchport" VALUES('E15',502,4);
INSERT INTO "switchport" VALUES('E16',503,4);
INSERT INTO "switchport" VALUES('E17',504,4);
INSERT INTO "switchport" VALUES('E18',505,4);
INSERT INTO "switchport" VALUES('D15',506,4);
INSERT INTO "switchport" VALUES('D16',507,4);
INSERT INTO "switchport" VALUES('D17',508,4);
INSERT INTO "switchport" VALUES('D18',509,4);
INSERT INTO "switchport" VALUES('D19',510,4);
INSERT INTO "switchport" VALUES('D20',511,4);
INSERT INTO "switchport" VALUES('D21',512,4);
INSERT INTO "switchport" VALUES('D22',513,4);
INSERT INTO "switchport" VALUES('D23',514,4);
INSERT INTO "switchport" VALUES('D24',515,4);
INSERT INTO "switchport" VALUES('E1',516,4);
INSERT INTO "switchport" VALUES('E2',517,4);
INSERT INTO "switchport" VALUES('E3',518,4);
INSERT INTO "switchport" VALUES('E4',519,4);
INSERT INTO "switchport" VALUES('D1',520,4);
INSERT INTO "switchport" VALUES('D2',521,4);
INSERT INTO "switchport" VALUES('D3',522,4);
INSERT INTO "switchport" VALUES('D4',523,4);
INSERT INTO "switchport" VALUES('D5',524,4);
INSERT INTO "switchport" VALUES('D6',525,4);
INSERT INTO "switchport" VALUES('D7',526,4);
INSERT INTO "switchport" VALUES('D8',527,4);
INSERT INTO "switchport" VALUES('D9',528,4);
INSERT INTO "switchport" VALUES('D10',529,4);
INSERT INTO "switchport" VALUES('D11',530,4);
INSERT INTO "switchport" VALUES('D12',531,4);
INSERT INTO "switchport" VALUES('D13',532,4);
INSERT INTO "switchport" VALUES('D14',533,4);
INSERT INTO "switchport" VALUES('C11',534,4);
INSERT INTO "switchport" VALUES('C12',535,4);
INSERT INTO "switchport" VALUES('C13',536,4);
INSERT INTO "switchport" VALUES('C14',537,4);
INSERT INTO "switchport" VALUES('C15',538,4);
INSERT INTO "switchport" VALUES('C16',539,4);
INSERT INTO "switchport" VALUES('C17',540,4);
INSERT INTO "switchport" VALUES('C18',541,4);
INSERT INTO "switchport" VALUES('C19',542,4);
INSERT INTO "switchport" VALUES('C20',543,4);
INSERT INTO "switchport" VALUES('C21',544,4);
INSERT INTO "switchport" VALUES('C22',545,4);
INSERT INTO "switchport" VALUES('C23',546,4);
INSERT INTO "switchport" VALUES('C24',547,4);
INSERT INTO "switchport" VALUES('B16',548,4);
INSERT INTO "switchport" VALUES('B17',549,4);
INSERT INTO "switchport" VALUES('B18',550,4);
INSERT INTO "switchport" VALUES('B19',551,4);
INSERT INTO "switchport" VALUES('B20',552,4);
INSERT INTO "switchport" VALUES('C1',553,4);
INSERT INTO "switchport" VALUES('C2',554,4);
INSERT INTO "switchport" VALUES('C3',555,4);
INSERT INTO "switchport" VALUES('C4',556,4);
INSERT INTO "switchport" VALUES('C5',557,4);
INSERT INTO "switchport" VALUES('C6',558,4);
INSERT INTO "switchport" VALUES('C7',559,4);
INSERT INTO "switchport" VALUES('C8',560,4);
INSERT INTO "switchport" VALUES('C9',561,4);
INSERT INTO "switchport" VALUES('C10',562,4);
INSERT INTO "switchport" VALUES('B1',563,4);
INSERT INTO "switchport" VALUES('B2',564,4);
INSERT INTO "switchport" VALUES('B3',565,4);
INSERT INTO "switchport" VALUES('B4',566,4);
INSERT INTO "switchport" VALUES('B5',567,4);
INSERT INTO "switchport" VALUES('B6',568,4);
INSERT INTO "switchport" VALUES('B7',569,4);
INSERT INTO "switchport" VALUES('B8',570,4);
INSERT INTO "switchport" VALUES('B9',571,4);
INSERT INTO "switchport" VALUES('B10',572,4);
INSERT INTO "switchport" VALUES('B11',573,4);
INSERT INTO "switchport" VALUES('B12',574,4);
INSERT INTO "switchport" VALUES('B13',575,4);
INSERT INTO "switchport" VALUES('B14',576,4);
INSERT INTO "switchport" VALUES('B15',577,4);
INSERT INTO "switchport" VALUES('F10',578,4);
INSERT INTO "switchport" VALUES('F11',579,4);
INSERT INTO "switchport" VALUES('F12',580,4);
INSERT INTO "switchport" VALUES('F13',581,4);
INSERT INTO "switchport" VALUES('F14',582,4);
INSERT INTO "switchport" VALUES('F15',583,4);
INSERT INTO "switchport" VALUES('F16',584,4);
INSERT INTO "switchport" VALUES('F17',585,4);
INSERT INTO "switchport" VALUES('F18',586,4);
INSERT INTO "switchport" VALUES('F19',587,4);
INSERT INTO "switchport" VALUES('F20',588,4);
INSERT INTO "switchport" VALUES('G1',589,4);
INSERT INTO "switchport" VALUES('G2',590,4);
INSERT INTO "switchport" VALUES('G3',591,4);
INSERT INTO "switchport" VALUES('G4',592,4);
INSERT INTO "switchport" VALUES('E19',593,4);
INSERT INTO "switchport" VALUES('E20',594,4);
INSERT INTO "switchport" VALUES('E21',595,4);
INSERT INTO "switchport" VALUES('E22',596,4);
INSERT INTO "switchport" VALUES('E23',597,4);
INSERT INTO "switchport" VALUES('E24',598,4);
INSERT INTO "switchport" VALUES('F1',599,4);
INSERT INTO "switchport" VALUES('F2',600,4);
INSERT INTO "switchport" VALUES('F3',601,4);
INSERT INTO "switchport" VALUES('F4',602,4);
INSERT INTO "switchport" VALUES('F5',603,4);
INSERT INTO "switchport" VALUES('F6',604,4);
INSERT INTO "switchport" VALUES('F7',605,4);
INSERT INTO "switchport" VALUES('F8',606,4);
INSERT INTO "switchport" VALUES('F9',607,4);
INSERT INTO "switchport" VALUES('A1',608,6);
INSERT INTO "switchport" VALUES('A2',609,6);
INSERT INTO "switchport" VALUES('A3',610,6);
INSERT INTO "switchport" VALUES('A4',611,6);
INSERT INTO "switchport" VALUES('A5',612,6);
INSERT INTO "switchport" VALUES('A6',613,6);
INSERT INTO "switchport" VALUES('A7',614,6);
INSERT INTO "switchport" VALUES('A8',615,6);
INSERT INTO "switchport" VALUES('A9',616,6);
INSERT INTO "switchport" VALUES('A10',617,6);
INSERT INTO "switchport" VALUES('A11',618,6);
INSERT INTO "switchport" VALUES('A12',619,6);
INSERT INTO "switchport" VALUES('B13',620,6);
INSERT INTO "switchport" VALUES('B14',621,6);
INSERT INTO "switchport" VALUES('D1',622,6);
INSERT INTO "switchport" VALUES('D2',623,6);
INSERT INTO "switchport" VALUES('D3',624,6);
INSERT INTO "switchport" VALUES('D4',625,6);
INSERT INTO "switchport" VALUES('D5',626,6);
INSERT INTO "switchport" VALUES('D6',627,6);
INSERT INTO "switchport" VALUES('D7',628,6);
INSERT INTO "switchport" VALUES('D8',629,6);
INSERT INTO "switchport" VALUES('D9',630,6);
INSERT INTO "switchport" VALUES('D10',631,6);
INSERT INTO "switchport" VALUES('D11',632,6);
INSERT INTO "switchport" VALUES('D12',633,6);
INSERT INTO "switchport" VALUES('D17',634,6);
INSERT INTO "switchport" VALUES('D18',635,6);
INSERT INTO "switchport" VALUES('C1',636,6);
INSERT INTO "switchport" VALUES('C2',637,6);
INSERT INTO "switchport" VALUES('C3',638,6);
INSERT INTO "switchport" VALUES('C4',639,6);
INSERT INTO "switchport" VALUES('C5',640,6);
INSERT INTO "switchport" VALUES('C6',641,6);
INSERT INTO "switchport" VALUES('C7',642,6);
INSERT INTO "switchport" VALUES('C8',643,6);
INSERT INTO "switchport" VALUES('C9',644,6);
INSERT INTO "switchport" VALUES('C10',645,6);
INSERT INTO "switchport" VALUES('C11',646,6);
INSERT INTO "switchport" VALUES('C12',647,6);
INSERT INTO "switchport" VALUES('D13',648,6);
INSERT INTO "switchport" VALUES('D14',649,6);
INSERT INTO "switchport" VALUES('D15',650,6);
INSERT INTO "switchport" VALUES('D16',651,6);
INSERT INTO "switchport" VALUES('A13',652,6);
INSERT INTO "switchport" VALUES('A14',653,6);
INSERT INTO "switchport" VALUES('A15',654,6);
INSERT INTO "switchport" VALUES('A16',655,6);
INSERT INTO "switchport" VALUES('A17',656,6);
INSERT INTO "switchport" VALUES('A18',657,6);
INSERT INTO "switchport" VALUES('A19',658,6);
INSERT INTO "switchport" VALUES('A20',659,6);
INSERT INTO "switchport" VALUES('A21',660,6);
INSERT INTO "switchport" VALUES('A22',661,6);
INSERT INTO "switchport" VALUES('A23',662,6);
INSERT INTO "switchport" VALUES('A24',663,6);
INSERT INTO "switchport" VALUES('B17',664,6);
INSERT INTO "switchport" VALUES('B18',665,6);
INSERT INTO "switchport" VALUES('B19',666,6);
INSERT INTO "switchport" VALUES('B20',667,6);
INSERT INTO "switchport" VALUES('B1',668,6);
INSERT INTO "switchport" VALUES('B2',669,6);
INSERT INTO "switchport" VALUES('B3',670,6);
INSERT INTO "switchport" VALUES('B4',671,6);
INSERT INTO "switchport" VALUES('B5',672,6);
INSERT INTO "switchport" VALUES('B6',673,6);
INSERT INTO "switchport" VALUES('B7',674,6);
INSERT INTO "switchport" VALUES('B8',675,6);
INSERT INTO "switchport" VALUES('B9',676,6);
INSERT INTO "switchport" VALUES('B10',677,6);
INSERT INTO "switchport" VALUES('B11',678,6);
INSERT INTO "switchport" VALUES('B12',679,6);
INSERT INTO "switchport" VALUES('B15',680,6);
INSERT INTO "switchport" VALUES('B16',681,6);
INSERT INTO "switchport" VALUES('C1',682,7);
INSERT INTO "switchport" VALUES('C4',683,9);
INSERT INTO "switchport" VALUES('C5',684,9);
INSERT INTO "switchport" VALUES('C6',685,9);
INSERT INTO "switchport" VALUES('C7',686,9);
INSERT INTO "switchport" VALUES('C8',687,9);
INSERT INTO "switchport" VALUES('C9',688,9);
INSERT INTO "switchport" VALUES('C10',689,9);
INSERT INTO "switchport" VALUES('C11',690,9);
INSERT INTO "switchport" VALUES('C12',691,9);
INSERT INTO "switchport" VALUES('D1',692,9);
INSERT INTO "switchport" VALUES('D2',693,9);
INSERT INTO "switchport" VALUES('C1',694,9);
INSERT INTO "switchport" VALUES('C2',695,9);
INSERT INTO "switchport" VALUES('C3',696,9);
INSERT INTO "switchport" VALUES('B1',697,8);
INSERT INTO "switchport" VALUES('B2',698,8);
INSERT INTO "switchport" VALUES('B3',699,8);
INSERT INTO "switchport" VALUES('B4',700,8);
INSERT INTO "switchport" VALUES('B5',701,8);
INSERT INTO "switchport" VALUES('B6',702,8);
INSERT INTO "switchport" VALUES('B7',703,8);
INSERT INTO "switchport" VALUES('B8',704,8);
INSERT INTO "switchport" VALUES('B9',705,8);
INSERT INTO "switchport" VALUES('B10',706,8);
INSERT INTO "switchport" VALUES('B11',707,8);
INSERT INTO "switchport" VALUES('B12',708,8);
INSERT INTO "switchport" VALUES('C13',709,8);
INSERT INTO "switchport" VALUES('C14',710,8);
INSERT INTO "switchport" VALUES('C15',711,8);
INSERT INTO "switchport" VALUES('B13',712,9);
INSERT INTO "switchport" VALUES('B14',713,9);
INSERT INTO "switchport" VALUES('B15',714,9);
INSERT INTO "switchport" VALUES('B16',715,9);
INSERT INTO "switchport" VALUES('B17',716,9);
INSERT INTO "switchport" VALUES('B18',717,9);
INSERT INTO "switchport" VALUES('B19',718,9);
INSERT INTO "switchport" VALUES('B20',719,9);
INSERT INTO "switchport" VALUES('B21',720,9);
INSERT INTO "switchport" VALUES('B22',721,9);
INSERT INTO "switchport" VALUES('B23',722,9);
INSERT INTO "switchport" VALUES('B24',723,9);
INSERT INTO "switchport" VALUES('C22',724,9);
INSERT INTO "switchport" VALUES('C23',725,9);
INSERT INTO "switchport" VALUES('C24',726,9);
INSERT INTO "switchport" VALUES('B1',727,9);
INSERT INTO "switchport" VALUES('B2',728,9);
INSERT INTO "switchport" VALUES('B3',729,9);
INSERT INTO "switchport" VALUES('B4',730,9);
INSERT INTO "switchport" VALUES('B5',731,9);
INSERT INTO "switchport" VALUES('B6',732,9);
INSERT INTO "switchport" VALUES('B7',733,9);
INSERT INTO "switchport" VALUES('B8',734,9);
INSERT INTO "switchport" VALUES('B9',735,9);
INSERT INTO "switchport" VALUES('B10',736,9);
INSERT INTO "switchport" VALUES('B11',737,9);
INSERT INTO "switchport" VALUES('B12',738,9);
INSERT INTO "switchport" VALUES('C19',739,9);
INSERT INTO "switchport" VALUES('C20',740,9);
INSERT INTO "switchport" VALUES('C21',741,9);
INSERT INTO "switchport" VALUES('A13',742,9);
INSERT INTO "switchport" VALUES('A14',743,9);
INSERT INTO "switchport" VALUES('A15',744,9);
INSERT INTO "switchport" VALUES('A16',745,9);
INSERT INTO "switchport" VALUES('A17',746,9);
INSERT INTO "switchport" VALUES('A18',747,9);
INSERT INTO "switchport" VALUES('A19',748,9);
INSERT INTO "switchport" VALUES('A20',749,9);
INSERT INTO "switchport" VALUES('A21',750,9);
INSERT INTO "switchport" VALUES('A22',751,9);
INSERT INTO "switchport" VALUES('A23',752,9);
INSERT INTO "switchport" VALUES('A24',753,9);
INSERT INTO "switchport" VALUES('C16',754,9);
INSERT INTO "switchport" VALUES('C17',755,9);
INSERT INTO "switchport" VALUES('C18',756,9);
INSERT INTO "switchport" VALUES('A1',757,9);
INSERT INTO "switchport" VALUES('A2',758,9);
INSERT INTO "switchport" VALUES('A3',759,9);
INSERT INTO "switchport" VALUES('A4',760,9);
INSERT INTO "switchport" VALUES('A5',761,9);
INSERT INTO "switchport" VALUES('A6',762,9);
INSERT INTO "switchport" VALUES('A7',763,9);
INSERT INTO "switchport" VALUES('A8',764,9);
INSERT INTO "switchport" VALUES('A9',765,9);
INSERT INTO "switchport" VALUES('A10',766,9);
INSERT INTO "switchport" VALUES('A11',767,9);
INSERT INTO "switchport" VALUES('A12',768,9);
INSERT INTO "switchport" VALUES('C13',769,9);
INSERT INTO "switchport" VALUES('C14',770,9);
INSERT INTO "switchport" VALUES('C15',771,9);
INSERT INTO "switchport" VALUES('C1',772,8);
INSERT INTO "switchport" VALUES('C2',773,8);
INSERT INTO "switchport" VALUES('C3',774,8);
INSERT INTO "switchport" VALUES('C4',775,8);
INSERT INTO "switchport" VALUES('C5',776,8);
INSERT INTO "switchport" VALUES('C6',777,8);
INSERT INTO "switchport" VALUES('C7',778,8);
INSERT INTO "switchport" VALUES('C8',779,8);
INSERT INTO "switchport" VALUES('C9',780,8);
INSERT INTO "switchport" VALUES('C10',781,8);
INSERT INTO "switchport" VALUES('C11',782,8);
INSERT INTO "switchport" VALUES('C12',783,8);
INSERT INTO "switchport" VALUES('D1',784,8);
INSERT INTO "switchport" VALUES('D2',785,8);
INSERT INTO "switchport" VALUES('D3',786,8);
INSERT INTO "switchport" VALUES('A13',787,8);
INSERT INTO "switchport" VALUES('A14',788,8);
INSERT INTO "switchport" VALUES('A15',789,8);
INSERT INTO "switchport" VALUES('A16',790,8);
INSERT INTO "switchport" VALUES('A17',791,8);
INSERT INTO "switchport" VALUES('A18',792,8);
INSERT INTO "switchport" VALUES('A19',793,8);
INSERT INTO "switchport" VALUES('A20',794,8);
INSERT INTO "switchport" VALUES('A21',795,8);
INSERT INTO "switchport" VALUES('A22',796,8);
INSERT INTO "switchport" VALUES('A23',797,8);
INSERT INTO "switchport" VALUES('A24',798,8);
INSERT INTO "switchport" VALUES('C22',799,8);
INSERT INTO "switchport" VALUES('C23',800,8);
INSERT INTO "switchport" VALUES('C24',801,8);
INSERT INTO "switchport" VALUES('A1',802,8);
INSERT INTO "switchport" VALUES('A2',803,8);
INSERT INTO "switchport" VALUES('A3',804,8);
INSERT INTO "switchport" VALUES('A4',805,8);
INSERT INTO "switchport" VALUES('A5',806,8);
INSERT INTO "switchport" VALUES('A6',807,8);
INSERT INTO "switchport" VALUES('A7',808,8);
INSERT INTO "switchport" VALUES('A8',809,8);
INSERT INTO "switchport" VALUES('A9',810,8);
INSERT INTO "switchport" VALUES('A10',811,8);
INSERT INTO "switchport" VALUES('A11',812,8);
INSERT INTO "switchport" VALUES('A12',813,8);
INSERT INTO "switchport" VALUES('C19',814,8);
INSERT INTO "switchport" VALUES('C20',815,8);
INSERT INTO "switchport" VALUES('C21',816,8);
INSERT INTO "switchport" VALUES('B13',817,8);
INSERT INTO "switchport" VALUES('B14',818,8);
INSERT INTO "switchport" VALUES('B15',819,8);
INSERT INTO "switchport" VALUES('B16',820,8);
INSERT INTO "switchport" VALUES('B17',821,8);
INSERT INTO "switchport" VALUES('B18',822,8);
INSERT INTO "switchport" VALUES('B19',823,8);
INSERT INTO "switchport" VALUES('B20',824,8);
INSERT INTO "switchport" VALUES('B21',825,8);
INSERT INTO "switchport" VALUES('B22',826,8);
INSERT INTO "switchport" VALUES('B23',827,8);
INSERT INTO "switchport" VALUES('B24',828,8);
INSERT INTO "switchport" VALUES('C16',829,8);
INSERT INTO "switchport" VALUES('C17',830,8);
INSERT INTO "switchport" VALUES('C18',831,8);
INSERT INTO "switchport" VALUES('C2',832,7);
INSERT INTO "switchport" VALUES('C3',833,7);
INSERT INTO "switchport" VALUES('C4',834,7);
INSERT INTO "switchport" VALUES('C5',835,7);
INSERT INTO "switchport" VALUES('C6',836,7);
INSERT INTO "switchport" VALUES('C7',837,7);
INSERT INTO "switchport" VALUES('C8',838,7);
INSERT INTO "switchport" VALUES('C9',839,7);
INSERT INTO "switchport" VALUES('C10',840,7);
INSERT INTO "switchport" VALUES('C11',841,7);
INSERT INTO "switchport" VALUES('C12',842,7);
INSERT INTO "switchport" VALUES('D1',843,7);
INSERT INTO "switchport" VALUES('D2',844,7);
INSERT INTO "switchport" VALUES('D3',845,7);
INSERT INTO "switchport" VALUES('B13',846,7);
INSERT INTO "switchport" VALUES('D13',847,7);
INSERT INTO "switchport" VALUES('B15',848,7);
INSERT INTO "switchport" VALUES('B16',849,7);
INSERT INTO "switchport" VALUES('B17',850,7);
INSERT INTO "switchport" VALUES('B18',851,7);
INSERT INTO "switchport" VALUES('B19',852,7);
INSERT INTO "switchport" VALUES('B20',853,7);
INSERT INTO "switchport" VALUES('B21',854,7);
INSERT INTO "switchport" VALUES('B22',855,7);
INSERT INTO "switchport" VALUES('B23',856,7);
INSERT INTO "switchport" VALUES('B24',857,7);
INSERT INTO "switchport" VALUES('C22',858,7);
INSERT INTO "switchport" VALUES('C23',859,7);
INSERT INTO "switchport" VALUES('C24',860,7);
INSERT INTO "switchport" VALUES('B1',861,7);
INSERT INTO "switchport" VALUES('B2',862,7);
INSERT INTO "switchport" VALUES('B3',863,7);
INSERT INTO "switchport" VALUES('B4',864,7);
INSERT INTO "switchport" VALUES('B5',865,7);
INSERT INTO "switchport" VALUES('B6',866,7);
INSERT INTO "switchport" VALUES('B7',867,7);
INSERT INTO "switchport" VALUES('B8',868,7);
INSERT INTO "switchport" VALUES('B9',869,7);
INSERT INTO "switchport" VALUES('B10',870,7);
INSERT INTO "switchport" VALUES('B11',871,7);
INSERT INTO "switchport" VALUES('B12',872,7);
INSERT INTO "switchport" VALUES('C19',873,7);
INSERT INTO "switchport" VALUES('C20',874,7);
INSERT INTO "switchport" VALUES('C21',875,7);
INSERT INTO "switchport" VALUES('A13',876,7);
INSERT INTO "switchport" VALUES('A14',877,7);
INSERT INTO "switchport" VALUES('A15',878,7);
INSERT INTO "switchport" VALUES('A16',879,7);
INSERT INTO "switchport" VALUES('A17',880,7);
INSERT INTO "switchport" VALUES('A18',881,7);
INSERT INTO "switchport" VALUES('A19',882,7);
INSERT INTO "switchport" VALUES('A20',883,7);
INSERT INTO "switchport" VALUES('A21',884,7);
INSERT INTO "switchport" VALUES('A22',885,7);
INSERT INTO "switchport" VALUES('A23',886,7);
INSERT INTO "switchport" VALUES('A24',887,7);
INSERT INTO "switchport" VALUES('C16',888,7);
INSERT INTO "switchport" VALUES('C17',889,7);
INSERT INTO "switchport" VALUES('C18',890,7);
INSERT INTO "switchport" VALUES('A1',891,7);
INSERT INTO "switchport" VALUES('A2',892,7);
INSERT INTO "switchport" VALUES('A3',893,7);
INSERT INTO "switchport" VALUES('A4',894,7);
INSERT INTO "switchport" VALUES('A5',895,7);
INSERT INTO "switchport" VALUES('A6',896,7);
INSERT INTO "switchport" VALUES('A7',897,7);
INSERT INTO "switchport" VALUES('A8',898,7);
INSERT INTO "switchport" VALUES('A9',899,7);
INSERT INTO "switchport" VALUES('A10',900,7);
INSERT INTO "switchport" VALUES('A11',901,7);
INSERT INTO "switchport" VALUES('A12',902,7);
INSERT INTO "switchport" VALUES('C13',903,7);
INSERT INTO "switchport" VALUES('C14',904,7);
INSERT INTO "switchport" VALUES('C15',905,7);
INSERT INTO "switchport" VALUES('E8',906,10);
INSERT INTO "switchport" VALUES('C21',907,13);
INSERT INTO "switchport" VALUES('C22',908,13);
INSERT INTO "switchport" VALUES('C23',909,13);
INSERT INTO "switchport" VALUES('C24',910,13);
INSERT INTO "switchport" VALUES('D13',911,13);
INSERT INTO "switchport" VALUES('D14',912,13);
INSERT INTO "switchport" VALUES('D15',913,13);
INSERT INTO "switchport" VALUES('D16',914,13);
INSERT INTO "switchport" VALUES('D17',915,13);
INSERT INTO "switchport" VALUES('D18',916,13);
INSERT INTO "switchport" VALUES('D19',917,13);
INSERT INTO "switchport" VALUES('D20',918,13);
INSERT INTO "switchport" VALUES('D21',919,13);
INSERT INTO "switchport" VALUES('D22',920,13);
INSERT INTO "switchport" VALUES('D23',921,13);
INSERT INTO "switchport" VALUES('D6',922,13);
INSERT INTO "switchport" VALUES('D7',923,13);
INSERT INTO "switchport" VALUES('D8',924,13);
INSERT INTO "switchport" VALUES('D9',925,13);
INSERT INTO "switchport" VALUES('D10',926,13);
INSERT INTO "switchport" VALUES('D11',927,13);
INSERT INTO "switchport" VALUES('D12',928,13);
INSERT INTO "switchport" VALUES('C13',929,13);
INSERT INTO "switchport" VALUES('C14',930,13);
INSERT INTO "switchport" VALUES('C15',931,13);
INSERT INTO "switchport" VALUES('C16',932,13);
INSERT INTO "switchport" VALUES('C17',933,13);
INSERT INTO "switchport" VALUES('C18',934,13);
INSERT INTO "switchport" VALUES('C19',935,13);
INSERT INTO "switchport" VALUES('C20',936,13);
INSERT INTO "switchport" VALUES('C3',937,13);
INSERT INTO "switchport" VALUES('C4',938,13);
INSERT INTO "switchport" VALUES('C5',939,13);
INSERT INTO "switchport" VALUES('C6',940,13);
INSERT INTO "switchport" VALUES('C7',941,13);
INSERT INTO "switchport" VALUES('C8',942,13);
INSERT INTO "switchport" VALUES('C9',943,13);
INSERT INTO "switchport" VALUES('C10',944,13);
INSERT INTO "switchport" VALUES('C11',945,13);
INSERT INTO "switchport" VALUES('C12',946,13);
INSERT INTO "switchport" VALUES('D1',947,13);
INSERT INTO "switchport" VALUES('D2',948,13);
INSERT INTO "switchport" VALUES('D3',949,13);
INSERT INTO "switchport" VALUES('D4',950,13);
INSERT INTO "switchport" VALUES('D5',951,13);
INSERT INTO "switchport" VALUES('A24',952,13);
INSERT INTO "switchport" VALUES('B13',953,13);
INSERT INTO "switchport" VALUES('B14',954,13);
INSERT INTO "switchport" VALUES('B15',955,13);
INSERT INTO "switchport" VALUES('B16',956,13);
INSERT INTO "switchport" VALUES('B17',957,13);
INSERT INTO "switchport" VALUES('B18',958,13);
INSERT INTO "switchport" VALUES('B19',959,13);
INSERT INTO "switchport" VALUES('B20',960,13);
INSERT INTO "switchport" VALUES('F13',961,13);
INSERT INTO "switchport" VALUES('F14',962,13);
INSERT INTO "switchport" VALUES('F15',963,13);
INSERT INTO "switchport" VALUES('F16',964,13);
INSERT INTO "switchport" VALUES('C1',965,13);
INSERT INTO "switchport" VALUES('C2',966,13);
INSERT INTO "switchport" VALUES('B9',967,13);
INSERT INTO "switchport" VALUES('B10',968,13);
INSERT INTO "switchport" VALUES('B11',969,13);
INSERT INTO "switchport" VALUES('B12',970,13);
INSERT INTO "switchport" VALUES('A13',971,13);
INSERT INTO "switchport" VALUES('A14',972,13);
INSERT INTO "switchport" VALUES('A15',973,13);
INSERT INTO "switchport" VALUES('A16',974,13);
INSERT INTO "switchport" VALUES('A17',975,13);
INSERT INTO "switchport" VALUES('A18',976,13);
INSERT INTO "switchport" VALUES('A19',977,13);
INSERT INTO "switchport" VALUES('A20',978,13);
INSERT INTO "switchport" VALUES('A21',979,13);
INSERT INTO "switchport" VALUES('A22',980,13);
INSERT INTO "switchport" VALUES('A23',981,13);
INSERT INTO "switchport" VALUES('A6',982,13);
INSERT INTO "switchport" VALUES('A7',983,13);
INSERT INTO "switchport" VALUES('A8',984,13);
INSERT INTO "switchport" VALUES('A9',985,13);
INSERT INTO "switchport" VALUES('A10',986,13);
INSERT INTO "switchport" VALUES('A11',987,13);
INSERT INTO "switchport" VALUES('A12',988,13);
INSERT INTO "switchport" VALUES('B1',989,13);
INSERT INTO "switchport" VALUES('B2',990,13);
INSERT INTO "switchport" VALUES('B3',991,13);
INSERT INTO "switchport" VALUES('B4',992,13);
INSERT INTO "switchport" VALUES('B5',993,13);
INSERT INTO "switchport" VALUES('B6',994,13);
INSERT INTO "switchport" VALUES('B7',995,13);
INSERT INTO "switchport" VALUES('B8',996,13);
INSERT INTO "switchport" VALUES('A1',997,13);
INSERT INTO "switchport" VALUES('A2',998,13);
INSERT INTO "switchport" VALUES('A3',999,13);
INSERT INTO "switchport" VALUES('A4',1000,13);
INSERT INTO "switchport" VALUES('A5',1001,13);
INSERT INTO "switchport" VALUES('F3',1002,13);
INSERT INTO "switchport" VALUES('F4',1003,13);
INSERT INTO "switchport" VALUES('F5',1004,13);
INSERT INTO "switchport" VALUES('F6',1005,13);
INSERT INTO "switchport" VALUES('F7',1006,13);
INSERT INTO "switchport" VALUES('F8',1007,13);
INSERT INTO "switchport" VALUES('F9',1008,13);
INSERT INTO "switchport" VALUES('F10',1009,13);
INSERT INTO "switchport" VALUES('F11',1010,13);
INSERT INTO "switchport" VALUES('F12',1011,13);
INSERT INTO "switchport" VALUES('E13',1012,13);
INSERT INTO "switchport" VALUES('E14',1013,13);
INSERT INTO "switchport" VALUES('E15',1014,13);
INSERT INTO "switchport" VALUES('E16',1015,13);
INSERT INTO "switchport" VALUES('E17',1016,13);
INSERT INTO "switchport" VALUES('D24',1017,13);
INSERT INTO "switchport" VALUES('E1',1018,13);
INSERT INTO "switchport" VALUES('E2',1019,13);
INSERT INTO "switchport" VALUES('E3',1020,13);
INSERT INTO "switchport" VALUES('E4',1021,13);
INSERT INTO "switchport" VALUES('E5',1022,13);
INSERT INTO "switchport" VALUES('E6',1023,13);
INSERT INTO "switchport" VALUES('E7',1024,13);
INSERT INTO "switchport" VALUES('E8',1025,13);
INSERT INTO "switchport" VALUES('E9',1026,13);
INSERT INTO "switchport" VALUES('E10',1027,13);
INSERT INTO "switchport" VALUES('E11',1028,13);
INSERT INTO "switchport" VALUES('E12',1029,13);
INSERT INTO "switchport" VALUES('F1',1030,13);
INSERT INTO "switchport" VALUES('F2',1031,13);
INSERT INTO "switchport" VALUES('E9',1032,10);
INSERT INTO "switchport" VALUES('E10',1033,10);
INSERT INTO "switchport" VALUES('E11',1034,10);
INSERT INTO "switchport" VALUES('D19',1035,10);
INSERT INTO "switchport" VALUES('D20',1036,10);
INSERT INTO "switchport" VALUES('D21',1037,10);
INSERT INTO "switchport" VALUES('E7',1038,10);
INSERT INTO "switchport" VALUES('D22',1039,10);
INSERT INTO "switchport" VALUES('D23',1040,10);
INSERT INTO "switchport" VALUES('D24',1041,10);
INSERT INTO "switchport" VALUES('E5',1042,10);
INSERT INTO "switchport" VALUES('E6',1043,10);
INSERT INTO "switchport" VALUES('B10',1044,10);
INSERT INTO "switchport" VALUES('B11',1045,10);
INSERT INTO "switchport" VALUES('B12',1046,10);
INSERT INTO "switchport" VALUES('B19',1047,10);
INSERT INTO "switchport" VALUES('B20',1048,10);
INSERT INTO "switchport" VALUES('E1',1049,10);
INSERT INTO "switchport" VALUES('E2',1050,10);
INSERT INTO "switchport" VALUES('E3',1051,10);
INSERT INTO "switchport" VALUES('E4',1052,10);
INSERT INTO "switchport" VALUES('D7',1053,10);
INSERT INTO "switchport" VALUES('D8',1054,10);
INSERT INTO "switchport" VALUES('D9',1055,10);
INSERT INTO "switchport" VALUES('D10',1056,10);
INSERT INTO "switchport" VALUES('D11',1057,10);
INSERT INTO "switchport" VALUES('D12',1058,10);
INSERT INTO "switchport" VALUES('D1',1059,10);
INSERT INTO "switchport" VALUES('D2',1060,10);
INSERT INTO "switchport" VALUES('D3',1061,10);
INSERT INTO "switchport" VALUES('D4',1062,10);
INSERT INTO "switchport" VALUES('D5',1063,10);
INSERT INTO "switchport" VALUES('D6',1064,10);
INSERT INTO "switchport" VALUES('D13',1065,10);
INSERT INTO "switchport" VALUES('D14',1066,10);
INSERT INTO "switchport" VALUES('D15',1067,10);
INSERT INTO "switchport" VALUES('D16',1068,10);
INSERT INTO "switchport" VALUES('D17',1069,10);
INSERT INTO "switchport" VALUES('D18',1070,10);
INSERT INTO "switchport" VALUES('B7',1071,10);
INSERT INTO "switchport" VALUES('B8',1072,10);
INSERT INTO "switchport" VALUES('B9',1073,10);
INSERT INTO "switchport" VALUES('A22',1074,10);
INSERT INTO "switchport" VALUES('A23',1075,10);
INSERT INTO "switchport" VALUES('A24',1076,10);
INSERT INTO "switchport" VALUES('B1',1077,10);
INSERT INTO "switchport" VALUES('B2',1078,10);
INSERT INTO "switchport" VALUES('B3',1079,10);
INSERT INTO "switchport" VALUES('B4',1080,10);
INSERT INTO "switchport" VALUES('B5',1081,10);
INSERT INTO "switchport" VALUES('B6',1082,10);
INSERT INTO "switchport" VALUES('B13',1083,10);
INSERT INTO "switchport" VALUES('B14',1084,10);
INSERT INTO "switchport" VALUES('B15',1085,10);
INSERT INTO "switchport" VALUES('B16',1086,10);
INSERT INTO "switchport" VALUES('B17',1087,10);
INSERT INTO "switchport" VALUES('B18',1088,10);
INSERT INTO "switchport" VALUES('C19',1089,10);
INSERT INTO "switchport" VALUES('C20',1090,10);
INSERT INTO "switchport" VALUES('C21',1091,10);
INSERT INTO "switchport" VALUES('C22',1092,10);
INSERT INTO "switchport" VALUES('C23',1093,10);
INSERT INTO "switchport" VALUES('C24',1094,10);
INSERT INTO "switchport" VALUES('A7',1095,10);
INSERT INTO "switchport" VALUES('A8',1096,10);
INSERT INTO "switchport" VALUES('A9',1097,10);
INSERT INTO "switchport" VALUES('A10',1098,10);
INSERT INTO "switchport" VALUES('A11',1099,10);
INSERT INTO "switchport" VALUES('A12',1100,10);
INSERT INTO "switchport" VALUES('A19',1101,10);
INSERT INTO "switchport" VALUES('A20',1102,10);
INSERT INTO "switchport" VALUES('A21',1103,10);
INSERT INTO "switchport" VALUES('A4',1104,10);
INSERT INTO "switchport" VALUES('A5',1105,10);
INSERT INTO "switchport" VALUES('A6',1106,10);
INSERT INTO "switchport" VALUES('A13',1107,10);
INSERT INTO "switchport" VALUES('A14',1108,10);
INSERT INTO "switchport" VALUES('A15',1109,10);
INSERT INTO "switchport" VALUES('A16',1110,10);
INSERT INTO "switchport" VALUES('A17',1111,10);
INSERT INTO "switchport" VALUES('A18',1112,10);
INSERT INTO "switchport" VALUES('C7',1113,10);
INSERT INTO "switchport" VALUES('C8',1114,10);
INSERT INTO "switchport" VALUES('C9',1115,10);
INSERT INTO "switchport" VALUES('C10',1116,10);
INSERT INTO "switchport" VALUES('C11',1117,10);
INSERT INTO "switchport" VALUES('C12',1118,10);
INSERT INTO "switchport" VALUES('C1',1119,10);
INSERT INTO "switchport" VALUES('C2',1120,10);
INSERT INTO "switchport" VALUES('C3',1121,10);
INSERT INTO "switchport" VALUES('C4',1122,10);
INSERT INTO "switchport" VALUES('C5',1123,10);
INSERT INTO "switchport" VALUES('C6',1124,10);
INSERT INTO "switchport" VALUES('C13',1125,10);
INSERT INTO "switchport" VALUES('C14',1126,10);
INSERT INTO "switchport" VALUES('C15',1127,10);
INSERT INTO "switchport" VALUES('C16',1128,10);
INSERT INTO "switchport" VALUES('C17',1129,10);
INSERT INTO "switchport" VALUES('C18',1130,10);
INSERT INTO "switchport" VALUES('A1',1131,10);
INSERT INTO "switchport" VALUES('A2',1132,10);
INSERT INTO "switchport" VALUES('A3',1133,10);
INSERT INTO "switchport" VALUES('F23',1134,16);
INSERT INTO "switchport" VALUES('D17',1135,17);
INSERT INTO "switchport" VALUES('D18',1136,17);
INSERT INTO "switchport" VALUES('D19',1137,17);
INSERT INTO "switchport" VALUES('D20',1138,17);
INSERT INTO "switchport" VALUES('D21',1139,17);
INSERT INTO "switchport" VALUES('D23',1140,17);
INSERT INTO "switchport" VALUES('D24',1141,17);
INSERT INTO "switchport" VALUES('F1',1142,17);
INSERT INTO "switchport" VALUES('F2',1143,17);
INSERT INTO "switchport" VALUES('F3',1144,17);
INSERT INTO "switchport" VALUES('F4',1145,17);
INSERT INTO "switchport" VALUES('F5',1146,17);
INSERT INTO "switchport" VALUES('F6',1147,17);
INSERT INTO "switchport" VALUES('D16',1148,17);
INSERT INTO "switchport" VALUES('E13',1149,17);
INSERT INTO "switchport" VALUES('E14',1150,17);
INSERT INTO "switchport" VALUES('E15',1151,17);
INSERT INTO "switchport" VALUES('E16',1152,17);
INSERT INTO "switchport" VALUES('E17',1153,17);
INSERT INTO "switchport" VALUES('E18',1154,17);
INSERT INTO "switchport" VALUES('E19',1155,17);
INSERT INTO "switchport" VALUES('E20',1156,17);
INSERT INTO "switchport" VALUES('E21',1157,17);
INSERT INTO "switchport" VALUES('E22',1158,17);
INSERT INTO "switchport" VALUES('E23',1159,17);
INSERT INTO "switchport" VALUES('E24',1160,17);
INSERT INTO "switchport" VALUES('E9',1161,17);
INSERT INTO "switchport" VALUES('E10',1162,17);
INSERT INTO "switchport" VALUES('E11',1163,17);
INSERT INTO "switchport" VALUES('E12',1164,17);
INSERT INTO "switchport" VALUES('D5',1165,17);
INSERT INTO "switchport" VALUES('D6',1166,17);
INSERT INTO "switchport" VALUES('D7',1167,17);
INSERT INTO "switchport" VALUES('D8',1168,17);
INSERT INTO "switchport" VALUES('D9',1169,17);
INSERT INTO "switchport" VALUES('D10',1170,17);
INSERT INTO "switchport" VALUES('D11',1171,17);
INSERT INTO "switchport" VALUES('D12',1172,17);
INSERT INTO "switchport" VALUES('D13',1173,17);
INSERT INTO "switchport" VALUES('D14',1174,17);
INSERT INTO "switchport" VALUES('D15',1175,17);
INSERT INTO "switchport" VALUES('B20',1176,17);
INSERT INTO "switchport" VALUES('D1',1177,17);
INSERT INTO "switchport" VALUES('D2',1178,17);
INSERT INTO "switchport" VALUES('D3',1179,17);
INSERT INTO "switchport" VALUES('D4',1180,17);
INSERT INTO "switchport" VALUES('E1',1181,17);
INSERT INTO "switchport" VALUES('E2',1182,17);
INSERT INTO "switchport" VALUES('E3',1183,17);
INSERT INTO "switchport" VALUES('E4',1184,17);
INSERT INTO "switchport" VALUES('E5',1185,17);
INSERT INTO "switchport" VALUES('E6',1186,17);
INSERT INTO "switchport" VALUES('E7',1187,17);
INSERT INTO "switchport" VALUES('E8',1188,17);
INSERT INTO "switchport" VALUES('C17',1189,17);
INSERT INTO "switchport" VALUES('C18',1190,17);
INSERT INTO "switchport" VALUES('C19',1191,17);
INSERT INTO "switchport" VALUES('C20',1192,17);
INSERT INTO "switchport" VALUES('C21',1193,17);
INSERT INTO "switchport" VALUES('C22',1194,17);
INSERT INTO "switchport" VALUES('C23',1195,17);
INSERT INTO "switchport" VALUES('C24',1196,17);
INSERT INTO "switchport" VALUES('B13',1197,17);
INSERT INTO "switchport" VALUES('B14',1198,17);
INSERT INTO "switchport" VALUES('B15',1199,17);
INSERT INTO "switchport" VALUES('B16',1200,17);
INSERT INTO "switchport" VALUES('B17',1201,17);
INSERT INTO "switchport" VALUES('B18',1202,17);
INSERT INTO "switchport" VALUES('B19',1203,17);
INSERT INTO "switchport" VALUES('B4',1204,17);
INSERT INTO "switchport" VALUES('B5',1205,17);
INSERT INTO "switchport" VALUES('B6',1206,17);
INSERT INTO "switchport" VALUES('B7',1207,17);
INSERT INTO "switchport" VALUES('B8',1208,17);
INSERT INTO "switchport" VALUES('B9',1209,17);
INSERT INTO "switchport" VALUES('B10',1210,17);
INSERT INTO "switchport" VALUES('B11',1211,17);
INSERT INTO "switchport" VALUES('B12',1212,17);
INSERT INTO "switchport" VALUES('C13',1213,17);
INSERT INTO "switchport" VALUES('C14',1214,17);
INSERT INTO "switchport" VALUES('C16',1215,17);
INSERT INTO "switchport" VALUES('C15',1216,17);
INSERT INTO "switchport" VALUES('C1',1217,17);
INSERT INTO "switchport" VALUES('C2',1218,17);
INSERT INTO "switchport" VALUES('C3',1219,17);
INSERT INTO "switchport" VALUES('C4',1220,17);
INSERT INTO "switchport" VALUES('C5',1221,17);
INSERT INTO "switchport" VALUES('C6',1222,17);
INSERT INTO "switchport" VALUES('C7',1223,17);
INSERT INTO "switchport" VALUES('C8',1224,17);
INSERT INTO "switchport" VALUES('C9',1225,17);
INSERT INTO "switchport" VALUES('C10',1226,17);
INSERT INTO "switchport" VALUES('C11',1227,17);
INSERT INTO "switchport" VALUES('C12',1228,17);
INSERT INTO "switchport" VALUES('B1',1229,17);
INSERT INTO "switchport" VALUES('B2',1230,17);
INSERT INTO "switchport" VALUES('B3',1231,17);
INSERT INTO "switchport" VALUES('F24',1232,16);
INSERT INTO "switchport" VALUES('E13',1233,16);
INSERT INTO "switchport" VALUES('E14',1234,16);
INSERT INTO "switchport" VALUES('E15',1235,16);
INSERT INTO "switchport" VALUES('E16',1236,16);
INSERT INTO "switchport" VALUES('E17',1237,16);
INSERT INTO "switchport" VALUES('E18',1238,16);
INSERT INTO "switchport" VALUES('F13',1239,16);
INSERT INTO "switchport" VALUES('F14',1240,16);
INSERT INTO "switchport" VALUES('F15',1241,16);
INSERT INTO "switchport" VALUES('F16',1242,16);
INSERT INTO "switchport" VALUES('F17',1243,16);
INSERT INTO "switchport" VALUES('F2',1244,16);
INSERT INTO "switchport" VALUES('F3',1245,16);
INSERT INTO "switchport" VALUES('F4',1246,16);
INSERT INTO "switchport" VALUES('F5',1247,16);
INSERT INTO "switchport" VALUES('F6',1248,16);
INSERT INTO "switchport" VALUES('E19',1249,16);
INSERT INTO "switchport" VALUES('E20',1250,16);
INSERT INTO "switchport" VALUES('E21',1251,16);
INSERT INTO "switchport" VALUES('E22',1252,16);
INSERT INTO "switchport" VALUES('E23',1253,16);
INSERT INTO "switchport" VALUES('E24',1254,16);
INSERT INTO "switchport" VALUES('F19',1255,16);
INSERT INTO "switchport" VALUES('F20',1256,16);
INSERT INTO "switchport" VALUES('F21',1257,16);
INSERT INTO "switchport" VALUES('F22',1258,16);
INSERT INTO "switchport" VALUES('F7',1259,16);
INSERT INTO "switchport" VALUES('F8',1260,16);
INSERT INTO "switchport" VALUES('F9',1261,16);
INSERT INTO "switchport" VALUES('F10',1262,16);
INSERT INTO "switchport" VALUES('F11',1263,16);
INSERT INTO "switchport" VALUES('F12',1264,16);
INSERT INTO "switchport" VALUES('E1',1265,16);
INSERT INTO "switchport" VALUES('E2',1266,16);
INSERT INTO "switchport" VALUES('E3',1267,16);
INSERT INTO "switchport" VALUES('E4',1268,16);
INSERT INTO "switchport" VALUES('E5',1269,16);
INSERT INTO "switchport" VALUES('E6',1270,16);
INSERT INTO "switchport" VALUES('F1',1271,16);
INSERT INTO "switchport" VALUES('C16',1272,16);
INSERT INTO "switchport" VALUES('C17',1273,16);
INSERT INTO "switchport" VALUES('C18',1274,16);
INSERT INTO "switchport" VALUES('D13',1275,16);
INSERT INTO "switchport" VALUES('D14',1276,16);
INSERT INTO "switchport" VALUES('D15',1277,16);
INSERT INTO "switchport" VALUES('D16',1278,16);
INSERT INTO "switchport" VALUES('D17',1279,16);
INSERT INTO "switchport" VALUES('D18',1280,16);
INSERT INTO "switchport" VALUES('E7',1281,16);
INSERT INTO "switchport" VALUES('E8',1282,16);
INSERT INTO "switchport" VALUES('E9',1283,16);
INSERT INTO "switchport" VALUES('E10',1284,16);
INSERT INTO "switchport" VALUES('E11',1285,16);
INSERT INTO "switchport" VALUES('E12',1286,16);
INSERT INTO "switchport" VALUES('C21',1287,16);
INSERT INTO "switchport" VALUES('C22',1288,16);
INSERT INTO "switchport" VALUES('C23',1289,16);
INSERT INTO "switchport" VALUES('C24',1290,16);
INSERT INTO "switchport" VALUES('D19',1291,16);
INSERT INTO "switchport" VALUES('D20',1292,16);
INSERT INTO "switchport" VALUES('D21',1293,16);
INSERT INTO "switchport" VALUES('D22',1294,16);
INSERT INTO "switchport" VALUES('D23',1295,16);
INSERT INTO "switchport" VALUES('D24',1296,16);
INSERT INTO "switchport" VALUES('C13',1297,16);
INSERT INTO "switchport" VALUES('C14',1298,16);
INSERT INTO "switchport" VALUES('C15',1299,16);
INSERT INTO "switchport" VALUES('D12',1300,16);
INSERT INTO "switchport" VALUES('C1',1301,16);
INSERT INTO "switchport" VALUES('C2',1302,16);
INSERT INTO "switchport" VALUES('C3',1303,16);
INSERT INTO "switchport" VALUES('C4',1304,16);
INSERT INTO "switchport" VALUES('C5',1305,16);
INSERT INTO "switchport" VALUES('C6',1306,16);
INSERT INTO "switchport" VALUES('D1',1307,16);
INSERT INTO "switchport" VALUES('D2',1308,16);
INSERT INTO "switchport" VALUES('D3',1309,16);
INSERT INTO "switchport" VALUES('D4',1310,16);
INSERT INTO "switchport" VALUES('D5',1311,16);
INSERT INTO "switchport" VALUES('D6',1312,16);
INSERT INTO "switchport" VALUES('C19',1313,16);
INSERT INTO "switchport" VALUES('C20',1314,16);
INSERT INTO "switchport" VALUES('B16',1315,16);
INSERT INTO "switchport" VALUES('G1',1316,16);
INSERT INTO "switchport" VALUES('G2',1317,16);
INSERT INTO "switchport" VALUES('C7',1318,16);
INSERT INTO "switchport" VALUES('C8',1319,16);
INSERT INTO "switchport" VALUES('C9',1320,16);
INSERT INTO "switchport" VALUES('C10',1321,16);
INSERT INTO "switchport" VALUES('C11',1322,16);
INSERT INTO "switchport" VALUES('C12',1323,16);
INSERT INTO "switchport" VALUES('D7',1324,16);
INSERT INTO "switchport" VALUES('D8',1325,16);
INSERT INTO "switchport" VALUES('D9',1326,16);
INSERT INTO "switchport" VALUES('D10',1327,16);
INSERT INTO "switchport" VALUES('D11',1328,16);
INSERT INTO "switchport" VALUES('B17',1329,16);
INSERT INTO "switchport" VALUES('B18',1330,16);
INSERT INTO "switchport" VALUES('B19',1331,16);
INSERT INTO "switchport" VALUES('B20',1332,16);
INSERT INTO "switchport" VALUES('G3',1333,16);
INSERT INTO "switchport" VALUES('G4',1334,16);
INSERT INTO "switchport" VALUES('B1',1335,16);
INSERT INTO "switchport" VALUES('B2',1336,16);
INSERT INTO "switchport" VALUES('B3',1337,16);
INSERT INTO "switchport" VALUES('B4',1338,16);
INSERT INTO "switchport" VALUES('B5',1339,16);
INSERT INTO "switchport" VALUES('B6',1340,16);
INSERT INTO "switchport" VALUES('B13',1341,16);
INSERT INTO "switchport" VALUES('B14',1342,16);
INSERT INTO "switchport" VALUES('B15',1343,16);
INSERT INTO "switchport" VALUES('B7',1344,16);
INSERT INTO "switchport" VALUES('B8',1345,16);
INSERT INTO "switchport" VALUES('B9',1346,16);
INSERT INTO "switchport" VALUES('B10',1347,16);
INSERT INTO "switchport" VALUES('B11',1348,16);
INSERT INTO "switchport" VALUES('B12',1349,16);
INSERT INTO "switchport" VALUES('D16',1350,1);
INSERT INTO "switchport" VALUES('D5',1351,1);
INSERT INTO "switchport" VALUES('D6',1352,1);
INSERT INTO "switchport" VALUES('D7',1353,1);
INSERT INTO "switchport" VALUES('D8',1354,1);
INSERT INTO "switchport" VALUES('D9',1355,1);
INSERT INTO "switchport" VALUES('D10',1356,1);
INSERT INTO "switchport" VALUES('D11',1357,1);
INSERT INTO "switchport" VALUES('D12',1358,1);
INSERT INTO "switchport" VALUES('D15',1359,1);
INSERT INTO "switchport" VALUES('D18',1360,1);
INSERT INTO "switchport" VALUES('D19',1361,1);
INSERT INTO "switchport" VALUES('C13',1362,1);
INSERT INTO "switchport" VALUES('C14',1363,1);
INSERT INTO "switchport" VALUES('C15',1364,1);
INSERT INTO "switchport" VALUES('C16',1365,1);
INSERT INTO "switchport" VALUES('C17',1366,1);
INSERT INTO "switchport" VALUES('C18',1367,1);
INSERT INTO "switchport" VALUES('C19',1368,1);
INSERT INTO "switchport" VALUES('C20',1369,1);
INSERT INTO "switchport" VALUES('C21',1370,1);
INSERT INTO "switchport" VALUES('C22',1371,1);
INSERT INTO "switchport" VALUES('C23',1372,1);
INSERT INTO "switchport" VALUES('C24',1373,1);
INSERT INTO "switchport" VALUES('D21',1374,1);
INSERT INTO "switchport" VALUES('D2',1375,1);
INSERT INTO "switchport" VALUES('C1',1376,1);
INSERT INTO "switchport" VALUES('C2',1377,1);
INSERT INTO "switchport" VALUES('C3',1378,1);
INSERT INTO "switchport" VALUES('C4',1379,1);
INSERT INTO "switchport" VALUES('C5',1380,1);
INSERT INTO "switchport" VALUES('D17',1381,1);
INSERT INTO "switchport" VALUES('C7',1382,1);
INSERT INTO "switchport" VALUES('C8',1383,1);
INSERT INTO "switchport" VALUES('C9',1384,1);
INSERT INTO "switchport" VALUES('C10',1385,1);
INSERT INTO "switchport" VALUES('C11',1386,1);
INSERT INTO "switchport" VALUES('C12',1387,1);
INSERT INTO "switchport" VALUES('B17',1388,1);
INSERT INTO "switchport" VALUES('B18',1389,1);
INSERT INTO "switchport" VALUES('B19',1390,1);
INSERT INTO "switchport" VALUES('B20',1391,1);
INSERT INTO "switchport" VALUES('B1',1392,1);
INSERT INTO "switchport" VALUES('B2',1393,1);
INSERT INTO "switchport" VALUES('B3',1394,1);
INSERT INTO "switchport" VALUES('B4',1395,1);
INSERT INTO "switchport" VALUES('B5',1396,1);
INSERT INTO "switchport" VALUES('B6',1397,1);
INSERT INTO "switchport" VALUES('B7',1398,1);
INSERT INTO "switchport" VALUES('B8',1399,1);
INSERT INTO "switchport" VALUES('B9',1400,1);
INSERT INTO "switchport" VALUES('B10',1401,1);
INSERT INTO "switchport" VALUES('B11',1402,1);
INSERT INTO "switchport" VALUES('B12',1403,1);
INSERT INTO "switchport" VALUES('B13',1404,1);
INSERT INTO "switchport" VALUES('B14',1405,1);
INSERT INTO "switchport" VALUES('B15',1406,1);
INSERT INTO "switchport" VALUES('B16',1407,1);
INSERT INTO "switchport" VALUES('A1',1408,1);
INSERT INTO "switchport" VALUES('A2',1409,1);
INSERT INTO "switchport" VALUES('A3',1410,1);
INSERT INTO "switchport" VALUES('A4',1411,1);
INSERT INTO "switchport" VALUES('A5',1412,1);
INSERT INTO "switchport" VALUES('A6',1413,1);
INSERT INTO "switchport" VALUES('A7',1414,1);
INSERT INTO "switchport" VALUES('A8',1415,1);
INSERT INTO "switchport" VALUES('A9',1416,1);
INSERT INTO "switchport" VALUES('A10',1417,1);
INSERT INTO "switchport" VALUES('A11',1418,1);
INSERT INTO "switchport" VALUES('A12',1419,1);
INSERT INTO "switchport" VALUES('A13',1420,1);
INSERT INTO "switchport" VALUES('A14',1421,1);
CREATE TABLE journal (
	id INTEGER NOT NULL, 
	account VARCHAR(255) NOT NULL, 
	bank VARCHAR(255) NOT NULL, 
	hbci_url VARCHAR(255) NOT NULL, 
	last_update DATETIME NOT NULL, 
	PRIMARY KEY (id)
);
CREATE TABLE "group" (
	id INTEGER NOT NULL, 
	name VARCHAR(255) NOT NULL, 
	type VARCHAR(17) NOT NULL, 
	PRIMARY KEY (id)
);
INSERT INTO "group" VALUES(1,'users','propertygroup');
CREATE TABLE trafficgroup (
	id INTEGER NOT NULL, 
	traffic_limit BIGINT NOT NULL, 
	PRIMARY KEY (id), 
	FOREIGN KEY(id) REFERENCES "group" (id)
);
CREATE TABLE journalentry (
	id INTEGER NOT NULL, 
	amount INTEGER NOT NULL, 
	message TEXT, 
	journal_id INTEGER NOT NULL, 
	other_account VARCHAR(255) NOT NULL, 
	other_bank VARCHAR(255) NOT NULL, 
	other_person VARCHAR(255) NOT NULL, 
	original_message TEXT NOT NULL, 
	timestamp DATETIME NOT NULL, 
	PRIMARY KEY (id), 
	FOREIGN KEY(journal_id) REFERENCES journal (id)
);
CREATE TABLE "transaction" (
	id INTEGER NOT NULL, 
	message TEXT NOT NULL, 
	journal_entry_id INTEGER, 
	PRIMARY KEY (id), 
	FOREIGN KEY(journal_entry_id) REFERENCES journalentry (id)
);
CREATE TABLE logentry (
	id INTEGER NOT NULL, 
	type TEXT, 
	message TEXT NOT NULL, 
	timestamp DATETIME NOT NULL, 
	author_id INTEGER NOT NULL, 
	PRIMARY KEY (id), 
	FOREIGN KEY(author_id) REFERENCES user (id)
);
INSERT INTO "logentry" VALUES(1,'userlogentry','Ein komischer Typ.','2012-05-19 17:22:39.475358',2);
INSERT INTO "logentry" VALUES(3,'userlogentry','Dies ist ein Beispiel fr einen gewhnlichen Nutzer. Sein Passwort ist lLAOHgUPxJz','2012-06-30 10:55:47.196164',1);
CREATE TABLE membership (
	id INTEGER NOT NULL, 
	start_date DATETIME, 
	end_date DATETIME, 
	group_id INTEGER NOT NULL, 
	user_id INTEGER NOT NULL, 
	PRIMARY KEY (id),
	FOREIGN KEY(group_id) REFERENCES "group" (id), 
	FOREIGN KEY(user_id) REFERENCES user (id)
);
CREATE TABLE financeaccount (
	id INTEGER NOT NULL, 
	name VARCHAR(127) NOT NULL, 
	type VARCHAR(9) NOT NULL, 
	user_id INTEGER, 
	PRIMARY KEY (id), 
	CONSTRAINT financeaccounttypes CHECK (type IN ('LIABILITY', 'EXPENSE', 'ASSET', 'INCOME', 'EQUITY')), 
	FOREIGN KEY(user_id) REFERENCES user (id)
);
CREATE TABLE split (
	id INTEGER NOT NULL, 
	amount INTEGER NOT NULL, 
	from_account_id INTEGER NOT NULL, 
	to_account_id INTEGER NOT NULL, 
	transaction_id INTEGER NOT NULL, 
	PRIMARY KEY (id), 
	FOREIGN KEY(from_account_id) REFERENCES financeaccount (id), 
	FOREIGN KEY(to_account_id) REFERENCES financeaccount (id), 
	FOREIGN KEY(transaction_id) REFERENCES "transaction" (id)
);
CREATE TABLE userlogentry (
	id INTEGER NOT NULL, 
	user_id INTEGER NOT NULL, 
	PRIMARY KEY (id), 
	FOREIGN KEY(id) REFERENCES logentry (id), 
	FOREIGN KEY(user_id) REFERENCES user (id)
);
INSERT INTO "userlogentry" VALUES(1,1);
INSERT INTO "userlogentry" VALUES(2,1);
INSERT INTO "userlogentry" VALUES(3,2);
CREATE TABLE propertygroup (
	id INTEGER NOT NULL, 
	PRIMARY KEY (id), 
	FOREIGN KEY(id) REFERENCES "group" (id)
);
INSERT INTO "propertygroup" VALUES(1);
CREATE TABLE property (
	id INTEGER NOT NULL, 
	name VARCHAR(255) NOT NULL, 
	property_group_id INTEGER NOT NULL, 
	PRIMARY KEY (id), 
	FOREIGN KEY(property_group_id) REFERENCES propertygroup (id)
);
INSERT INTO "property" VALUES(1,'internet',1);
CREATE TABLE trafficvolume (
	id INTEGER NOT NULL, 
	size BIGINT NOT NULL, 
	timestamp DATETIME NOT NULL, 
	type VARCHAR(3) NOT NULL, 
	net_device_id INTEGER NOT NULL, 
	PRIMARY KEY (id), 
	CONSTRAINT traffic_types CHECK (type IN ('IN', 'OUT')), 
	FOREIGN KEY(net_device_id) REFERENCES netdevice (id)
);
INSERT INTO "trafficvolume" VALUES(1, 0, '2012-06-23 00:00:00.475358','IN',1);
INSERT INTO "trafficvolume" VALUES(2, 0, '2012-06-23 00:00:00.475358','OUT',1);
INSERT INTO "trafficvolume" VALUES(3, 0, '2012-06-24 00:00:00.475358','IN',1);
INSERT INTO "trafficvolume" VALUES(4, 0, '2012-06-24 00:00:00.475358','OUT',1);
INSERT INTO "trafficvolume" VALUES(5, 42991616, '2012-06-25 00:00:00.475358','IN',1);
INSERT INTO "trafficvolume" VALUES(6, 49283072, '2012-06-25 00:00:00.475358','OUT',1);
INSERT INTO "trafficvolume" VALUES(7, 33554432, '2012-06-26 00:00:00.475358','IN',1);
INSERT INTO "trafficvolume" VALUES(8, 70254592, '2012-06-26 00:00:00.475358','OUT',1);
INSERT INTO "trafficvolume" VALUES(9, 106954752, '2012-06-27 00:00:00.475358','IN',1);
INSERT INTO "trafficvolume" VALUES(10, 12582912, '2012-06-27 00:00:00.475358','OUT',1);
INSERT INTO "trafficvolume" VALUES(11, 45088768, '2012-06-28 00:00:00.475358','IN',1);
INSERT INTO "trafficvolume" VALUES(12, 55574528, '2012-06-28 00:00:00.475358','OUT',1);
INSERT INTO "trafficvolume" VALUES(13, 220200960, '2012-06-29 00:00:00.475358','IN',1);
INSERT INTO "trafficvolume" VALUES(14, 53477376, '2012-06-29 00:00:00.475358','OUT',1);
COMMIT;
